id,parent_id,order,path,source_local_id,translation_state,rights_id
assessment.o009.d30.cumulative.form-a,course.o009.d30,1,source/assessments/01-formulir-kumulatif-a.md,assessment.o009.d30.cumulative.form-a,authored,rights.o009.assessment.cumulative.form-a.cc-by-4.0
assessment.o009.d30.cumulative.form-a.problem.01,assessment.o009.d30.cumulative.form-a.section.04,1,source/assessments/01-formulir-kumulatif-a.md,assessment.o009.d30.cumulative.form-a.problem.01,authored,rights.o009.assessment.cumulative.form-a.cc-by-4.0
assessment.o009.d30.cumulative.form-a.problem.01.answer,assessment.o009.d30.cumulative.form-a.problem.01,4,source/assessments/01-formulir-kumulatif-a.md,assessment.o009.d30.cumulative.form-a.problem.01.answer,authored,rights.o009.assessment.cumulative.form-a.cc-by-4.0
assessment.o009.d30.cumulative.form-a.problem.01.hint.01,assessment.o009.d30.cumulative.form-a.problem.01,2,source/assessments/01-formulir-kumulatif-a.md,assessment.o009.d30.cumulative.form-a.problem.01.hint.01,authored,rights.o009.assessment.cumulative.form-a.cc-by-4.0
assessment.o009.d30.cumulative.form-a.problem.01.hint.02,assessment.o009.d30.cumulative.form-a.problem.01,3,source/assessments/01-formulir-kumulatif-a.md,assessment.o009.d30.cumulative.form-a.problem.01.hint.02,authored,rights.o009.assessment.cumulative.form-a.cc-by-4.0
assessment.o009.d30.cumulative.form-a.problem.01.rubric,assessment.o009.d30.cumulative.form-a.problem.01,1,source/assessments/01-formulir-kumulatif-a.md,assessment.o009.d30.cumulative.form-a.problem.01.rubric,authored,rights.o009.assessment.cumulative.form-a.cc-by-4.0
assessment.o009.d30.cumulative.form-a.problem.01.solution,assessment.o009.d30.cumulative.form-a.problem.01,5,source/assessments/01-formulir-kumulatif-a.md,assessment.o009.d30.cumulative.form-a.problem.01.solution,authored,rights.o009.assessment.cumulative.form-a.cc-by-4.0
assessment.o009.d30.cumulative.form-a.problem.02,assessment.o009.d30.cumulative.form-a.section.04,2,source/assessments/01-formulir-kumulatif-a.md,assessment.o009.d30.cumulative.form-a.problem.02,authored,rights.o009.assessment.cumulative.form-a.cc-by-4.0
assessment.o009.d30.cumulative.form-a.problem.02.answer,assessment.o009.d30.cumulative.form-a.problem.02,4,source/assessments/01-formulir-kumulatif-a.md,assessment.o009.d30.cumulative.form-a.problem.02.answer,authored,rights.o009.assessment.cumulative.form-a.cc-by-4.0
assessment.o009.d30.cumulative.form-a.problem.02.hint.01,assessment.o009.d30.cumulative.form-a.problem.02,2,source/assessments/01-formulir-kumulatif-a.md,assessment.o009.d30.cumulative.form-a.problem.02.hint.01,authored,rights.o009.assessment.cumulative.form-a.cc-by-4.0
assessment.o009.d30.cumulative.form-a.problem.02.hint.02,assessment.o009.d30.cumulative.form-a.problem.02,3,source/assessments/01-formulir-kumulatif-a.md,assessment.o009.d30.cumulative.form-a.problem.02.hint.02,authored,rights.o009.assessment.cumulative.form-a.cc-by-4.0
assessment.o009.d30.cumulative.form-a.problem.02.rubric,assessment.o009.d30.cumulative.form-a.problem.02,1,source/assessments/01-formulir-kumulatif-a.md,assessment.o009.d30.cumulative.form-a.problem.02.rubric,authored,rights.o009.assessment.cumulative.form-a.cc-by-4.0
assessment.o009.d30.cumulative.form-a.problem.02.solution,assessment.o009.d30.cumulative.form-a.problem.02,5,source/assessments/01-formulir-kumulatif-a.md,assessment.o009.d30.cumulative.form-a.problem.02.solution,authored,rights.o009.assessment.cumulative.form-a.cc-by-4.0
assessment.o009.d30.cumulative.form-a.problem.03,assessment.o009.d30.cumulative.form-a.section.05,1,source/assessments/01-formulir-kumulatif-a.md,assessment.o009.d30.cumulative.form-a.problem.03,authored,rights.o009.assessment.cumulative.form-a.cc-by-4.0
assessment.o009.d30.cumulative.form-a.problem.03.answer,assessment.o009.d30.cumulative.form-a.problem.03,4,source/assessments/01-formulir-kumulatif-a.md,assessment.o009.d30.cumulative.form-a.problem.03.answer,authored,rights.o009.assessment.cumulative.form-a.cc-by-4.0
assessment.o009.d30.cumulative.form-a.problem.03.hint.01,assessment.o009.d30.cumulative.form-a.problem.03,2,source/assessments/01-formulir-kumulatif-a.md,assessment.o009.d30.cumulative.form-a.problem.03.hint.01,authored,rights.o009.assessment.cumulative.form-a.cc-by-4.0
assessment.o009.d30.cumulative.form-a.problem.03.hint.02,assessment.o009.d30.cumulative.form-a.problem.03,3,source/assessments/01-formulir-kumulatif-a.md,assessment.o009.d30.cumulative.form-a.problem.03.hint.02,authored,rights.o009.assessment.cumulative.form-a.cc-by-4.0
assessment.o009.d30.cumulative.form-a.problem.03.rubric,assessment.o009.d30.cumulative.form-a.problem.03,1,source/assessments/01-formulir-kumulatif-a.md,assessment.o009.d30.cumulative.form-a.problem.03.rubric,authored,rights.o009.assessment.cumulative.form-a.cc-by-4.0
assessment.o009.d30.cumulative.form-a.problem.03.solution,assessment.o009.d30.cumulative.form-a.problem.03,5,source/assessments/01-formulir-kumulatif-a.md,assessment.o009.d30.cumulative.form-a.problem.03.solution,authored,rights.o009.assessment.cumulative.form-a.cc-by-4.0
assessment.o009.d30.cumulative.form-a.problem.04,assessment.o009.d30.cumulative.form-a.section.06,1,source/assessments/01-formulir-kumulatif-a.md,assessment.o009.d30.cumulative.form-a.problem.04,authored,rights.o009.assessment.cumulative.form-a.cc-by-4.0
assessment.o009.d30.cumulative.form-a.problem.04.answer,assessment.o009.d30.cumulative.form-a.problem.04,4,source/assessments/01-formulir-kumulatif-a.md,assessment.o009.d30.cumulative.form-a.problem.04.answer,authored,rights.o009.assessment.cumulative.form-a.cc-by-4.0
assessment.o009.d30.cumulative.form-a.problem.04.hint.01,assessment.o009.d30.cumulative.form-a.problem.04,2,source/assessments/01-formulir-kumulatif-a.md,assessment.o009.d30.cumulative.form-a.problem.04.hint.01,authored,rights.o009.assessment.cumulative.form-a.cc-by-4.0
assessment.o009.d30.cumulative.form-a.problem.04.hint.02,assessment.o009.d30.cumulative.form-a.problem.04,3,source/assessments/01-formulir-kumulatif-a.md,assessment.o009.d30.cumulative.form-a.problem.04.hint.02,authored,rights.o009.assessment.cumulative.form-a.cc-by-4.0
assessment.o009.d30.cumulative.form-a.problem.04.rubric,assessment.o009.d30.cumulative.form-a.problem.04,1,source/assessments/01-formulir-kumulatif-a.md,assessment.o009.d30.cumulative.form-a.problem.04.rubric,authored,rights.o009.assessment.cumulative.form-a.cc-by-4.0
assessment.o009.d30.cumulative.form-a.problem.04.solution,assessment.o009.d30.cumulative.form-a.problem.04,5,source/assessments/01-formulir-kumulatif-a.md,assessment.o009.d30.cumulative.form-a.problem.04.solution,authored,rights.o009.assessment.cumulative.form-a.cc-by-4.0
assessment.o009.d30.cumulative.form-a.problem.05,assessment.o009.d30.cumulative.form-a.section.06,2,source/assessments/01-formulir-kumulatif-a.md,assessment.o009.d30.cumulative.form-a.problem.05,authored,rights.o009.assessment.cumulative.form-a.cc-by-4.0
assessment.o009.d30.cumulative.form-a.problem.05.answer,assessment.o009.d30.cumulative.form-a.problem.05,4,source/assessments/01-formulir-kumulatif-a.md,assessment.o009.d30.cumulative.form-a.problem.05.answer,authored,rights.o009.assessment.cumulative.form-a.cc-by-4.0
assessment.o009.d30.cumulative.form-a.problem.05.hint.01,assessment.o009.d30.cumulative.form-a.problem.05,2,source/assessments/01-formulir-kumulatif-a.md,assessment.o009.d30.cumulative.form-a.problem.05.hint.01,authored,rights.o009.assessment.cumulative.form-a.cc-by-4.0
assessment.o009.d30.cumulative.form-a.problem.05.hint.02,assessment.o009.d30.cumulative.form-a.problem.05,3,source/assessments/01-formulir-kumulatif-a.md,assessment.o009.d30.cumulative.form-a.problem.05.hint.02,authored,rights.o009.assessment.cumulative.form-a.cc-by-4.0
assessment.o009.d30.cumulative.form-a.problem.05.rubric,assessment.o009.d30.cumulative.form-a.problem.05,1,source/assessments/01-formulir-kumulatif-a.md,assessment.o009.d30.cumulative.form-a.problem.05.rubric,authored,rights.o009.assessment.cumulative.form-a.cc-by-4.0
assessment.o009.d30.cumulative.form-a.problem.05.solution,assessment.o009.d30.cumulative.form-a.problem.05,5,source/assessments/01-formulir-kumulatif-a.md,assessment.o009.d30.cumulative.form-a.problem.05.solution,authored,rights.o009.assessment.cumulative.form-a.cc-by-4.0
assessment.o009.d30.cumulative.form-a.problem.06,assessment.o009.d30.cumulative.form-a.section.06,3,source/assessments/01-formulir-kumulatif-a.md,assessment.o009.d30.cumulative.form-a.problem.06,authored,rights.o009.assessment.cumulative.form-a.cc-by-4.0
assessment.o009.d30.cumulative.form-a.problem.06.answer,assessment.o009.d30.cumulative.form-a.problem.06,4,source/assessments/01-formulir-kumulatif-a.md,assessment.o009.d30.cumulative.form-a.problem.06.answer,authored,rights.o009.assessment.cumulative.form-a.cc-by-4.0
assessment.o009.d30.cumulative.form-a.problem.06.hint.01,assessment.o009.d30.cumulative.form-a.problem.06,2,source/assessments/01-formulir-kumulatif-a.md,assessment.o009.d30.cumulative.form-a.problem.06.hint.01,authored,rights.o009.assessment.cumulative.form-a.cc-by-4.0
assessment.o009.d30.cumulative.form-a.problem.06.hint.02,assessment.o009.d30.cumulative.form-a.problem.06,3,source/assessments/01-formulir-kumulatif-a.md,assessment.o009.d30.cumulative.form-a.problem.06.hint.02,authored,rights.o009.assessment.cumulative.form-a.cc-by-4.0
assessment.o009.d30.cumulative.form-a.problem.06.rubric,assessment.o009.d30.cumulative.form-a.problem.06,1,source/assessments/01-formulir-kumulatif-a.md,assessment.o009.d30.cumulative.form-a.problem.06.rubric,authored,rights.o009.assessment.cumulative.form-a.cc-by-4.0
assessment.o009.d30.cumulative.form-a.problem.06.solution,assessment.o009.d30.cumulative.form-a.problem.06,5,source/assessments/01-formulir-kumulatif-a.md,assessment.o009.d30.cumulative.form-a.problem.06.solution,authored,rights.o009.assessment.cumulative.form-a.cc-by-4.0
assessment.o009.d30.cumulative.form-a.problem.07,assessment.o009.d30.cumulative.form-a.section.07,1,source/assessments/01-formulir-kumulatif-a.md,assessment.o009.d30.cumulative.form-a.problem.07,authored,rights.o009.assessment.cumulative.form-a.cc-by-4.0
assessment.o009.d30.cumulative.form-a.problem.07.answer,assessment.o009.d30.cumulative.form-a.problem.07,4,source/assessments/01-formulir-kumulatif-a.md,assessment.o009.d30.cumulative.form-a.problem.07.answer,authored,rights.o009.assessment.cumulative.form-a.cc-by-4.0
assessment.o009.d30.cumulative.form-a.problem.07.hint.01,assessment.o009.d30.cumulative.form-a.problem.07,2,source/assessments/01-formulir-kumulatif-a.md,assessment.o009.d30.cumulative.form-a.problem.07.hint.01,authored,rights.o009.assessment.cumulative.form-a.cc-by-4.0
assessment.o009.d30.cumulative.form-a.problem.07.hint.02,assessment.o009.d30.cumulative.form-a.problem.07,3,source/assessments/01-formulir-kumulatif-a.md,assessment.o009.d30.cumulative.form-a.problem.07.hint.02,authored,rights.o009.assessment.cumulative.form-a.cc-by-4.0
assessment.o009.d30.cumulative.form-a.problem.07.rubric,assessment.o009.d30.cumulative.form-a.problem.07,1,source/assessments/01-formulir-kumulatif-a.md,assessment.o009.d30.cumulative.form-a.problem.07.rubric,authored,rights.o009.assessment.cumulative.form-a.cc-by-4.0
assessment.o009.d30.cumulative.form-a.problem.07.solution,assessment.o009.d30.cumulative.form-a.problem.07,5,source/assessments/01-formulir-kumulatif-a.md,assessment.o009.d30.cumulative.form-a.problem.07.solution,authored,rights.o009.assessment.cumulative.form-a.cc-by-4.0
assessment.o009.d30.cumulative.form-a.problem.08,assessment.o009.d30.cumulative.form-a.section.07,2,source/assessments/01-formulir-kumulatif-a.md,assessment.o009.d30.cumulative.form-a.problem.08,authored,rights.o009.assessment.cumulative.form-a.cc-by-4.0
assessment.o009.d30.cumulative.form-a.problem.08.answer,assessment.o009.d30.cumulative.form-a.problem.08,4,source/assessments/01-formulir-kumulatif-a.md,assessment.o009.d30.cumulative.form-a.problem.08.answer,authored,rights.o009.assessment.cumulative.form-a.cc-by-4.0
assessment.o009.d30.cumulative.form-a.problem.08.hint.01,assessment.o009.d30.cumulative.form-a.problem.08,2,source/assessments/01-formulir-kumulatif-a.md,assessment.o009.d30.cumulative.form-a.problem.08.hint.01,authored,rights.o009.assessment.cumulative.form-a.cc-by-4.0
assessment.o009.d30.cumulative.form-a.problem.08.hint.02,assessment.o009.d30.cumulative.form-a.problem.08,3,source/assessments/01-formulir-kumulatif-a.md,assessment.o009.d30.cumulative.form-a.problem.08.hint.02,authored,rights.o009.assessment.cumulative.form-a.cc-by-4.0
assessment.o009.d30.cumulative.form-a.problem.08.rubric,assessment.o009.d30.cumulative.form-a.problem.08,1,source/assessments/01-formulir-kumulatif-a.md,assessment.o009.d30.cumulative.form-a.problem.08.rubric,authored,rights.o009.assessment.cumulative.form-a.cc-by-4.0
assessment.o009.d30.cumulative.form-a.problem.08.solution,assessment.o009.d30.cumulative.form-a.problem.08,5,source/assessments/01-formulir-kumulatif-a.md,assessment.o009.d30.cumulative.form-a.problem.08.solution,authored,rights.o009.assessment.cumulative.form-a.cc-by-4.0
assessment.o009.d30.cumulative.form-a.rubric.global,assessment.o009.d30.cumulative.form-a,4,source/assessments/01-formulir-kumulatif-a.md,assessment.o009.d30.cumulative.form-a.rubric.global,authored,rights.o009.assessment.cumulative.form-a.cc-by-4.0
assessment.o009.d30.cumulative.form-a.section.01,assessment.o009.d30.cumulative.form-a,1,source/assessments/01-formulir-kumulatif-a.md,assessment.o009.d30.cumulative.form-a.section.01,authored,rights.o009.assessment.cumulative.form-a.cc-by-4.0
assessment.o009.d30.cumulative.form-a.section.02,assessment.o009.d30.cumulative.form-a,2,source/assessments/01-formulir-kumulatif-a.md,assessment.o009.d30.cumulative.form-a.section.02,authored,rights.o009.assessment.cumulative.form-a.cc-by-4.0
assessment.o009.d30.cumulative.form-a.section.03,assessment.o009.d30.cumulative.form-a,3,source/assessments/01-formulir-kumulatif-a.md,assessment.o009.d30.cumulative.form-a.section.03,authored,rights.o009.assessment.cumulative.form-a.cc-by-4.0
assessment.o009.d30.cumulative.form-a.section.04,assessment.o009.d30.cumulative.form-a,5,source/assessments/01-formulir-kumulatif-a.md,assessment.o009.d30.cumulative.form-a.section.04,authored,rights.o009.assessment.cumulative.form-a.cc-by-4.0
assessment.o009.d30.cumulative.form-a.section.05,assessment.o009.d30.cumulative.form-a,6,source/assessments/01-formulir-kumulatif-a.md,assessment.o009.d30.cumulative.form-a.section.05,authored,rights.o009.assessment.cumulative.form-a.cc-by-4.0
assessment.o009.d30.cumulative.form-a.section.06,assessment.o009.d30.cumulative.form-a,7,source/assessments/01-formulir-kumulatif-a.md,assessment.o009.d30.cumulative.form-a.section.06,authored,rights.o009.assessment.cumulative.form-a.cc-by-4.0
assessment.o009.d30.cumulative.form-a.section.07,assessment.o009.d30.cumulative.form-a,8,source/assessments/01-formulir-kumulatif-a.md,assessment.o009.d30.cumulative.form-a.section.07,authored,rights.o009.assessment.cumulative.form-a.cc-by-4.0
assessment.o009.d30.cumulative.form-a.section.08,assessment.o009.d30.cumulative.form-a,9,source/assessments/01-formulir-kumulatif-a.md,assessment.o009.d30.cumulative.form-a.section.08,authored,rights.o009.assessment.cumulative.form-a.cc-by-4.0
assessment.o009.d30.cumulative.form-a.section.09,assessment.o009.d30.cumulative.form-a,10,source/assessments/01-formulir-kumulatif-a.md,assessment.o009.d30.cumulative.form-a.section.09,authored,rights.o009.assessment.cumulative.form-a.cc-by-4.0
assessment.o009.d30.cumulative.form-b,course.o009.d30,1,source/assessments/02-formulir-kumulatif-b.md,assessment.o009.d30.cumulative.form-b,authored,rights.o009.assessment.cumulative.form-b.cc-by-4.0
assessment.o009.d30.cumulative.form-b.problem.01,assessment.o009.d30.cumulative.form-b.section.04,1,source/assessments/02-formulir-kumulatif-b.md,assessment.o009.d30.cumulative.form-b.problem.01,authored,rights.o009.assessment.cumulative.form-b.cc-by-4.0
assessment.o009.d30.cumulative.form-b.problem.01.answer,assessment.o009.d30.cumulative.form-b.problem.01,4,source/assessments/02-formulir-kumulatif-b.md,assessment.o009.d30.cumulative.form-b.problem.01.answer,authored,rights.o009.assessment.cumulative.form-b.cc-by-4.0
assessment.o009.d30.cumulative.form-b.problem.01.hint.01,assessment.o009.d30.cumulative.form-b.problem.01,2,source/assessments/02-formulir-kumulatif-b.md,assessment.o009.d30.cumulative.form-b.problem.01.hint.01,authored,rights.o009.assessment.cumulative.form-b.cc-by-4.0
assessment.o009.d30.cumulative.form-b.problem.01.hint.02,assessment.o009.d30.cumulative.form-b.problem.01,3,source/assessments/02-formulir-kumulatif-b.md,assessment.o009.d30.cumulative.form-b.problem.01.hint.02,authored,rights.o009.assessment.cumulative.form-b.cc-by-4.0
assessment.o009.d30.cumulative.form-b.problem.01.rubric,assessment.o009.d30.cumulative.form-b.problem.01,1,source/assessments/02-formulir-kumulatif-b.md,assessment.o009.d30.cumulative.form-b.problem.01.rubric,authored,rights.o009.assessment.cumulative.form-b.cc-by-4.0
assessment.o009.d30.cumulative.form-b.problem.01.solution,assessment.o009.d30.cumulative.form-b.problem.01,5,source/assessments/02-formulir-kumulatif-b.md,assessment.o009.d30.cumulative.form-b.problem.01.solution,authored,rights.o009.assessment.cumulative.form-b.cc-by-4.0
assessment.o009.d30.cumulative.form-b.problem.02,assessment.o009.d30.cumulative.form-b.section.04,2,source/assessments/02-formulir-kumulatif-b.md,assessment.o009.d30.cumulative.form-b.problem.02,authored,rights.o009.assessment.cumulative.form-b.cc-by-4.0
assessment.o009.d30.cumulative.form-b.problem.02.answer,assessment.o009.d30.cumulative.form-b.problem.02,4,source/assessments/02-formulir-kumulatif-b.md,assessment.o009.d30.cumulative.form-b.problem.02.answer,authored,rights.o009.assessment.cumulative.form-b.cc-by-4.0
assessment.o009.d30.cumulative.form-b.problem.02.hint.01,assessment.o009.d30.cumulative.form-b.problem.02,2,source/assessments/02-formulir-kumulatif-b.md,assessment.o009.d30.cumulative.form-b.problem.02.hint.01,authored,rights.o009.assessment.cumulative.form-b.cc-by-4.0
assessment.o009.d30.cumulative.form-b.problem.02.hint.02,assessment.o009.d30.cumulative.form-b.problem.02,3,source/assessments/02-formulir-kumulatif-b.md,assessment.o009.d30.cumulative.form-b.problem.02.hint.02,authored,rights.o009.assessment.cumulative.form-b.cc-by-4.0
assessment.o009.d30.cumulative.form-b.problem.02.rubric,assessment.o009.d30.cumulative.form-b.problem.02,1,source/assessments/02-formulir-kumulatif-b.md,assessment.o009.d30.cumulative.form-b.problem.02.rubric,authored,rights.o009.assessment.cumulative.form-b.cc-by-4.0
assessment.o009.d30.cumulative.form-b.problem.02.solution,assessment.o009.d30.cumulative.form-b.problem.02,5,source/assessments/02-formulir-kumulatif-b.md,assessment.o009.d30.cumulative.form-b.problem.02.solution,authored,rights.o009.assessment.cumulative.form-b.cc-by-4.0
assessment.o009.d30.cumulative.form-b.problem.03,assessment.o009.d30.cumulative.form-b.section.05,1,source/assessments/02-formulir-kumulatif-b.md,assessment.o009.d30.cumulative.form-b.problem.03,authored,rights.o009.assessment.cumulative.form-b.cc-by-4.0
assessment.o009.d30.cumulative.form-b.problem.03.answer,assessment.o009.d30.cumulative.form-b.problem.03,4,source/assessments/02-formulir-kumulatif-b.md,assessment.o009.d30.cumulative.form-b.problem.03.answer,authored,rights.o009.assessment.cumulative.form-b.cc-by-4.0
assessment.o009.d30.cumulative.form-b.problem.03.hint.01,assessment.o009.d30.cumulative.form-b.problem.03,2,source/assessments/02-formulir-kumulatif-b.md,assessment.o009.d30.cumulative.form-b.problem.03.hint.01,authored,rights.o009.assessment.cumulative.form-b.cc-by-4.0
assessment.o009.d30.cumulative.form-b.problem.03.hint.02,assessment.o009.d30.cumulative.form-b.problem.03,3,source/assessments/02-formulir-kumulatif-b.md,assessment.o009.d30.cumulative.form-b.problem.03.hint.02,authored,rights.o009.assessment.cumulative.form-b.cc-by-4.0
assessment.o009.d30.cumulative.form-b.problem.03.rubric,assessment.o009.d30.cumulative.form-b.problem.03,1,source/assessments/02-formulir-kumulatif-b.md,assessment.o009.d30.cumulative.form-b.problem.03.rubric,authored,rights.o009.assessment.cumulative.form-b.cc-by-4.0
assessment.o009.d30.cumulative.form-b.problem.03.solution,assessment.o009.d30.cumulative.form-b.problem.03,5,source/assessments/02-formulir-kumulatif-b.md,assessment.o009.d30.cumulative.form-b.problem.03.solution,authored,rights.o009.assessment.cumulative.form-b.cc-by-4.0
assessment.o009.d30.cumulative.form-b.problem.04,assessment.o009.d30.cumulative.form-b.section.06,1,source/assessments/02-formulir-kumulatif-b.md,assessment.o009.d30.cumulative.form-b.problem.04,authored,rights.o009.assessment.cumulative.form-b.cc-by-4.0
assessment.o009.d30.cumulative.form-b.problem.04.answer,assessment.o009.d30.cumulative.form-b.problem.04,4,source/assessments/02-formulir-kumulatif-b.md,assessment.o009.d30.cumulative.form-b.problem.04.answer,authored,rights.o009.assessment.cumulative.form-b.cc-by-4.0
assessment.o009.d30.cumulative.form-b.problem.04.hint.01,assessment.o009.d30.cumulative.form-b.problem.04,2,source/assessments/02-formulir-kumulatif-b.md,assessment.o009.d30.cumulative.form-b.problem.04.hint.01,authored,rights.o009.assessment.cumulative.form-b.cc-by-4.0
assessment.o009.d30.cumulative.form-b.problem.04.hint.02,assessment.o009.d30.cumulative.form-b.problem.04,3,source/assessments/02-formulir-kumulatif-b.md,assessment.o009.d30.cumulative.form-b.problem.04.hint.02,authored,rights.o009.assessment.cumulative.form-b.cc-by-4.0
assessment.o009.d30.cumulative.form-b.problem.04.rubric,assessment.o009.d30.cumulative.form-b.problem.04,1,source/assessments/02-formulir-kumulatif-b.md,assessment.o009.d30.cumulative.form-b.problem.04.rubric,authored,rights.o009.assessment.cumulative.form-b.cc-by-4.0
assessment.o009.d30.cumulative.form-b.problem.04.solution,assessment.o009.d30.cumulative.form-b.problem.04,5,source/assessments/02-formulir-kumulatif-b.md,assessment.o009.d30.cumulative.form-b.problem.04.solution,authored,rights.o009.assessment.cumulative.form-b.cc-by-4.0
assessment.o009.d30.cumulative.form-b.problem.05,assessment.o009.d30.cumulative.form-b.section.06,2,source/assessments/02-formulir-kumulatif-b.md,assessment.o009.d30.cumulative.form-b.problem.05,authored,rights.o009.assessment.cumulative.form-b.cc-by-4.0
assessment.o009.d30.cumulative.form-b.problem.05.answer,assessment.o009.d30.cumulative.form-b.problem.05,4,source/assessments/02-formulir-kumulatif-b.md,assessment.o009.d30.cumulative.form-b.problem.05.answer,authored,rights.o009.assessment.cumulative.form-b.cc-by-4.0
assessment.o009.d30.cumulative.form-b.problem.05.hint.01,assessment.o009.d30.cumulative.form-b.problem.05,2,source/assessments/02-formulir-kumulatif-b.md,assessment.o009.d30.cumulative.form-b.problem.05.hint.01,authored,rights.o009.assessment.cumulative.form-b.cc-by-4.0
assessment.o009.d30.cumulative.form-b.problem.05.hint.02,assessment.o009.d30.cumulative.form-b.problem.05,3,source/assessments/02-formulir-kumulatif-b.md,assessment.o009.d30.cumulative.form-b.problem.05.hint.02,authored,rights.o009.assessment.cumulative.form-b.cc-by-4.0
assessment.o009.d30.cumulative.form-b.problem.05.rubric,assessment.o009.d30.cumulative.form-b.problem.05,1,source/assessments/02-formulir-kumulatif-b.md,assessment.o009.d30.cumulative.form-b.problem.05.rubric,authored,rights.o009.assessment.cumulative.form-b.cc-by-4.0
assessment.o009.d30.cumulative.form-b.problem.05.solution,assessment.o009.d30.cumulative.form-b.problem.05,5,source/assessments/02-formulir-kumulatif-b.md,assessment.o009.d30.cumulative.form-b.problem.05.solution,authored,rights.o009.assessment.cumulative.form-b.cc-by-4.0
assessment.o009.d30.cumulative.form-b.problem.06,assessment.o009.d30.cumulative.form-b.section.06,3,source/assessments/02-formulir-kumulatif-b.md,assessment.o009.d30.cumulative.form-b.problem.06,authored,rights.o009.assessment.cumulative.form-b.cc-by-4.0
assessment.o009.d30.cumulative.form-b.problem.06.answer,assessment.o009.d30.cumulative.form-b.problem.06,4,source/assessments/02-formulir-kumulatif-b.md,assessment.o009.d30.cumulative.form-b.problem.06.answer,authored,rights.o009.assessment.cumulative.form-b.cc-by-4.0
assessment.o009.d30.cumulative.form-b.problem.06.hint.01,assessment.o009.d30.cumulative.form-b.problem.06,2,source/assessments/02-formulir-kumulatif-b.md,assessment.o009.d30.cumulative.form-b.problem.06.hint.01,authored,rights.o009.assessment.cumulative.form-b.cc-by-4.0
assessment.o009.d30.cumulative.form-b.problem.06.hint.02,assessment.o009.d30.cumulative.form-b.problem.06,3,source/assessments/02-formulir-kumulatif-b.md,assessment.o009.d30.cumulative.form-b.problem.06.hint.02,authored,rights.o009.assessment.cumulative.form-b.cc-by-4.0
assessment.o009.d30.cumulative.form-b.problem.06.rubric,assessment.o009.d30.cumulative.form-b.problem.06,1,source/assessments/02-formulir-kumulatif-b.md,assessment.o009.d30.cumulative.form-b.problem.06.rubric,authored,rights.o009.assessment.cumulative.form-b.cc-by-4.0
assessment.o009.d30.cumulative.form-b.problem.06.solution,assessment.o009.d30.cumulative.form-b.problem.06,5,source/assessments/02-formulir-kumulatif-b.md,assessment.o009.d30.cumulative.form-b.problem.06.solution,authored,rights.o009.assessment.cumulative.form-b.cc-by-4.0
assessment.o009.d30.cumulative.form-b.problem.07,assessment.o009.d30.cumulative.form-b.section.07,1,source/assessments/02-formulir-kumulatif-b.md,assessment.o009.d30.cumulative.form-b.problem.07,authored,rights.o009.assessment.cumulative.form-b.cc-by-4.0
assessment.o009.d30.cumulative.form-b.problem.07.answer,assessment.o009.d30.cumulative.form-b.problem.07,4,source/assessments/02-formulir-kumulatif-b.md,assessment.o009.d30.cumulative.form-b.problem.07.answer,authored,rights.o009.assessment.cumulative.form-b.cc-by-4.0
assessment.o009.d30.cumulative.form-b.problem.07.hint.01,assessment.o009.d30.cumulative.form-b.problem.07,2,source/assessments/02-formulir-kumulatif-b.md,assessment.o009.d30.cumulative.form-b.problem.07.hint.01,authored,rights.o009.assessment.cumulative.form-b.cc-by-4.0
assessment.o009.d30.cumulative.form-b.problem.07.hint.02,assessment.o009.d30.cumulative.form-b.problem.07,3,source/assessments/02-formulir-kumulatif-b.md,assessment.o009.d30.cumulative.form-b.problem.07.hint.02,authored,rights.o009.assessment.cumulative.form-b.cc-by-4.0
assessment.o009.d30.cumulative.form-b.problem.07.rubric,assessment.o009.d30.cumulative.form-b.problem.07,1,source/assessments/02-formulir-kumulatif-b.md,assessment.o009.d30.cumulative.form-b.problem.07.rubric,authored,rights.o009.assessment.cumulative.form-b.cc-by-4.0
assessment.o009.d30.cumulative.form-b.problem.07.solution,assessment.o009.d30.cumulative.form-b.problem.07,5,source/assessments/02-formulir-kumulatif-b.md,assessment.o009.d30.cumulative.form-b.problem.07.solution,authored,rights.o009.assessment.cumulative.form-b.cc-by-4.0
assessment.o009.d30.cumulative.form-b.problem.08,assessment.o009.d30.cumulative.form-b.section.07,2,source/assessments/02-formulir-kumulatif-b.md,assessment.o009.d30.cumulative.form-b.problem.08,authored,rights.o009.assessment.cumulative.form-b.cc-by-4.0
assessment.o009.d30.cumulative.form-b.problem.08.answer,assessment.o009.d30.cumulative.form-b.problem.08,4,source/assessments/02-formulir-kumulatif-b.md,assessment.o009.d30.cumulative.form-b.problem.08.answer,authored,rights.o009.assessment.cumulative.form-b.cc-by-4.0
assessment.o009.d30.cumulative.form-b.problem.08.hint.01,assessment.o009.d30.cumulative.form-b.problem.08,2,source/assessments/02-formulir-kumulatif-b.md,assessment.o009.d30.cumulative.form-b.problem.08.hint.01,authored,rights.o009.assessment.cumulative.form-b.cc-by-4.0
assessment.o009.d30.cumulative.form-b.problem.08.hint.02,assessment.o009.d30.cumulative.form-b.problem.08,3,source/assessments/02-formulir-kumulatif-b.md,assessment.o009.d30.cumulative.form-b.problem.08.hint.02,authored,rights.o009.assessment.cumulative.form-b.cc-by-4.0
assessment.o009.d30.cumulative.form-b.problem.08.rubric,assessment.o009.d30.cumulative.form-b.problem.08,1,source/assessments/02-formulir-kumulatif-b.md,assessment.o009.d30.cumulative.form-b.problem.08.rubric,authored,rights.o009.assessment.cumulative.form-b.cc-by-4.0
assessment.o009.d30.cumulative.form-b.problem.08.solution,assessment.o009.d30.cumulative.form-b.problem.08,5,source/assessments/02-formulir-kumulatif-b.md,assessment.o009.d30.cumulative.form-b.problem.08.solution,authored,rights.o009.assessment.cumulative.form-b.cc-by-4.0
assessment.o009.d30.cumulative.form-b.rubric.global,assessment.o009.d30.cumulative.form-b,4,source/assessments/02-formulir-kumulatif-b.md,assessment.o009.d30.cumulative.form-b.rubric.global,authored,rights.o009.assessment.cumulative.form-b.cc-by-4.0
assessment.o009.d30.cumulative.form-b.section.01,assessment.o009.d30.cumulative.form-b,1,source/assessments/02-formulir-kumulatif-b.md,assessment.o009.d30.cumulative.form-b.section.01,authored,rights.o009.assessment.cumulative.form-b.cc-by-4.0
assessment.o009.d30.cumulative.form-b.section.02,assessment.o009.d30.cumulative.form-b,2,source/assessments/02-formulir-kumulatif-b.md,assessment.o009.d30.cumulative.form-b.section.02,authored,rights.o009.assessment.cumulative.form-b.cc-by-4.0
assessment.o009.d30.cumulative.form-b.section.03,assessment.o009.d30.cumulative.form-b,3,source/assessments/02-formulir-kumulatif-b.md,assessment.o009.d30.cumulative.form-b.section.03,authored,rights.o009.assessment.cumulative.form-b.cc-by-4.0
assessment.o009.d30.cumulative.form-b.section.04,assessment.o009.d30.cumulative.form-b,5,source/assessments/02-formulir-kumulatif-b.md,assessment.o009.d30.cumulative.form-b.section.04,authored,rights.o009.assessment.cumulative.form-b.cc-by-4.0
assessment.o009.d30.cumulative.form-b.section.05,assessment.o009.d30.cumulative.form-b,6,source/assessments/02-formulir-kumulatif-b.md,assessment.o009.d30.cumulative.form-b.section.05,authored,rights.o009.assessment.cumulative.form-b.cc-by-4.0
assessment.o009.d30.cumulative.form-b.section.06,assessment.o009.d30.cumulative.form-b,7,source/assessments/02-formulir-kumulatif-b.md,assessment.o009.d30.cumulative.form-b.section.06,authored,rights.o009.assessment.cumulative.form-b.cc-by-4.0
assessment.o009.d30.cumulative.form-b.section.07,assessment.o009.d30.cumulative.form-b,8,source/assessments/02-formulir-kumulatif-b.md,assessment.o009.d30.cumulative.form-b.section.07,authored,rights.o009.assessment.cumulative.form-b.cc-by-4.0
assessment.o009.d30.cumulative.form-b.section.08,assessment.o009.d30.cumulative.form-b,9,source/assessments/02-formulir-kumulatif-b.md,assessment.o009.d30.cumulative.form-b.section.08,authored,rights.o009.assessment.cumulative.form-b.cc-by-4.0
assessment.o009.d30.cumulative.form-b.section.09,assessment.o009.d30.cumulative.form-b,10,source/assessments/02-formulir-kumulatif-b.md,assessment.o009.d30.cumulative.form-b.section.09,authored,rights.o009.assessment.cumulative.form-b.cc-by-4.0
id-mtp-martingal-03-answer,id-mtp-martingal-03-root,5,source/mastery/07-martingal-03-04.md,id-mtp-martingal-03-answer,authored,rights.o009.mastery.martingales.03-04.cc-by-4.0
id-mtp-martingal-03-exercise,id-mtp-martingal-03-root,1,source/mastery/07-martingal-03-04.md,id-mtp-martingal-03-exercise,authored,rights.o009.mastery.martingales.03-04.cc-by-4.0
id-mtp-martingal-03-hint-1,id-mtp-martingal-03-root,2,source/mastery/07-martingal-03-04.md,id-mtp-martingal-03-hint-1,authored,rights.o009.mastery.martingales.03-04.cc-by-4.0
id-mtp-martingal-03-hint-2,id-mtp-martingal-03-root,3,source/mastery/07-martingal-03-04.md,id-mtp-martingal-03-hint-2,authored,rights.o009.mastery.martingales.03-04.cc-by-4.0
id-mtp-martingal-03-hint-3,id-mtp-martingal-03-root,4,source/mastery/07-martingal-03-04.md,id-mtp-martingal-03-hint-3,authored,rights.o009.mastery.martingales.03-04.cc-by-4.0
id-mtp-martingal-03-root,id-mtp-masteri-martingal-03-04-root,1,source/mastery/07-martingal-03-04.md,id-mtp-martingal-03-root,authored,rights.o009.mastery.martingales.03-04.cc-by-4.0
id-mtp-martingal-03-solution,id-mtp-martingal-03-root,6,source/mastery/07-martingal-03-04.md,id-mtp-martingal-03-solution,authored,rights.o009.mastery.martingales.03-04.cc-by-4.0
id-mtp-martingal-04-answer,id-mtp-martingal-04-root,5,source/mastery/07-martingal-03-04.md,id-mtp-martingal-04-answer,authored,rights.o009.mastery.martingales.03-04.cc-by-4.0
id-mtp-martingal-04-exercise,id-mtp-martingal-04-root,1,source/mastery/07-martingal-03-04.md,id-mtp-martingal-04-exercise,authored,rights.o009.mastery.martingales.03-04.cc-by-4.0
id-mtp-martingal-04-hint-1,id-mtp-martingal-04-root,2,source/mastery/07-martingal-03-04.md,id-mtp-martingal-04-hint-1,authored,rights.o009.mastery.martingales.03-04.cc-by-4.0
id-mtp-martingal-04-hint-2,id-mtp-martingal-04-root,3,source/mastery/07-martingal-03-04.md,id-mtp-martingal-04-hint-2,authored,rights.o009.mastery.martingales.03-04.cc-by-4.0
id-mtp-martingal-04-hint-3,id-mtp-martingal-04-root,4,source/mastery/07-martingal-03-04.md,id-mtp-martingal-04-hint-3,authored,rights.o009.mastery.martingales.03-04.cc-by-4.0
id-mtp-martingal-04-root,id-mtp-masteri-martingal-03-04-root,2,source/mastery/07-martingal-03-04.md,id-mtp-martingal-04-root,authored,rights.o009.mastery.martingales.03-04.cc-by-4.0
id-mtp-martingal-04-solution,id-mtp-martingal-04-root,6,source/mastery/07-martingal-03-04.md,id-mtp-martingal-04-solution,authored,rights.o009.mastery.martingales.03-04.cc-by-4.0
id-mtp-masteri-martingal-03-04-root,course.o009.d30,1,source/mastery/07-martingal-03-04.md,id-mtp-masteri-martingal-03-04-root,authored,rights.o009.mastery.martingales.03-04.cc-by-4.0
id-mtp-masteri-martingal-05,course.o009.d30,1,source/mastery/08-martingal-05.md,id-mtp-masteri-martingal-05,authored,rights.o009.mastery.martingales.05.cc-by-4.0
id-mtp-masteri-martingal-05-capaian,id-mtp-masteri-martingal-05,2,source/mastery/08-martingal-05.md,id-mtp-masteri-martingal-05-capaian,authored,rights.o009.mastery.martingales.05.cc-by-4.0
id-mtp-masteri-martingal-05-hak-provenans,id-mtp-masteri-martingal-05,9,source/mastery/08-martingal-05.md,id-mtp-masteri-martingal-05-hak-provenans,authored,rights.o009.mastery.martingales.05.cc-by-4.0
id-mtp-masteri-martingal-05-jawaban,id-mtp-masteri-martingal-05,7,source/mastery/08-martingal-05.md,id-mtp-masteri-martingal-05-jawaban,authored,rights.o009.mastery.martingales.05.cc-by-4.0
id-mtp-masteri-martingal-05-latihan,id-mtp-masteri-martingal-05,3,source/mastery/08-martingal-05.md,id-mtp-masteri-martingal-05-latihan,authored,rights.o009.mastery.martingales.05.cc-by-4.0
id-mtp-masteri-martingal-05-petunjuk-1,id-mtp-masteri-martingal-05,4,source/mastery/08-martingal-05.md,id-mtp-masteri-martingal-05-petunjuk-1,authored,rights.o009.mastery.martingales.05.cc-by-4.0
id-mtp-masteri-martingal-05-petunjuk-2,id-mtp-masteri-martingal-05,5,source/mastery/08-martingal-05.md,id-mtp-masteri-martingal-05-petunjuk-2,authored,rights.o009.mastery.martingales.05.cc-by-4.0
id-mtp-masteri-martingal-05-petunjuk-3,id-mtp-masteri-martingal-05,6,source/mastery/08-martingal-05.md,id-mtp-masteri-martingal-05-petunjuk-3,authored,rights.o009.mastery.martingales.05.cc-by-4.0
id-mtp-masteri-martingal-05-prasyarat,id-mtp-masteri-martingal-05,1,source/mastery/08-martingal-05.md,id-mtp-masteri-martingal-05-prasyarat,authored,rights.o009.mastery.martingales.05.cc-by-4.0
id-mtp-masteri-martingal-05-solusi,id-mtp-masteri-martingal-05,8,source/mastery/08-martingal-05.md,id-mtp-masteri-martingal-05-solusi,authored,rights.o009.mastery.martingales.05.cc-by-4.0
mastery.o009.convergence.03,unit.o009.mastery.convergence.03-04,1,source/mastery/02-konvergensi-03-04.md,mastery.o009.convergence.03,authored,rights.o009.mastery.convergence.03.cc-by-4.0
mastery.o009.convergence.03.answer,mastery.o009.convergence.03,5,source/mastery/02-konvergensi-03-04.md,mastery.o009.convergence.03.answer,authored,rights.o009.mastery.convergence.03.cc-by-4.0
mastery.o009.convergence.03.exercise,mastery.o009.convergence.03,1,source/mastery/02-konvergensi-03-04.md,mastery.o009.convergence.03.exercise,authored,rights.o009.mastery.convergence.03.cc-by-4.0
mastery.o009.convergence.03.hint.01,mastery.o009.convergence.03,2,source/mastery/02-konvergensi-03-04.md,mastery.o009.convergence.03.hint.01,authored,rights.o009.mastery.convergence.03.cc-by-4.0
mastery.o009.convergence.03.hint.02,mastery.o009.convergence.03,3,source/mastery/02-konvergensi-03-04.md,mastery.o009.convergence.03.hint.02,authored,rights.o009.mastery.convergence.03.cc-by-4.0
mastery.o009.convergence.03.hint.03,mastery.o009.convergence.03,4,source/mastery/02-konvergensi-03-04.md,mastery.o009.convergence.03.hint.03,authored,rights.o009.mastery.convergence.03.cc-by-4.0
mastery.o009.convergence.03.solution,mastery.o009.convergence.03,6,source/mastery/02-konvergensi-03-04.md,mastery.o009.convergence.03.solution,authored,rights.o009.mastery.convergence.03.cc-by-4.0
mastery.o009.convergence.04,unit.o009.mastery.convergence.03-04,2,source/mastery/02-konvergensi-03-04.md,mastery.o009.convergence.04,authored,rights.o009.mastery.convergence.04.cc-by-4.0
mastery.o009.convergence.04.answer,mastery.o009.convergence.04,4,source/mastery/02-konvergensi-03-04.md,mastery.o009.convergence.04.answer,authored,rights.o009.mastery.convergence.04.cc-by-4.0
mastery.o009.convergence.04.exercise,mastery.o009.convergence.04,1,source/mastery/02-konvergensi-03-04.md,mastery.o009.convergence.04.exercise,authored,rights.o009.mastery.convergence.04.cc-by-4.0
mastery.o009.convergence.04.hint.01,mastery.o009.convergence.04,2,source/mastery/02-konvergensi-03-04.md,mastery.o009.convergence.04.hint.01,authored,rights.o009.mastery.convergence.04.cc-by-4.0
mastery.o009.convergence.04.hint.02,mastery.o009.convergence.04,3,source/mastery/02-konvergensi-03-04.md,mastery.o009.convergence.04.hint.02,authored,rights.o009.mastery.convergence.04.cc-by-4.0
mastery.o009.convergence.04.solution,mastery.o009.convergence.04,5,source/mastery/02-konvergensi-03-04.md,mastery.o009.convergence.04.solution,authored,rights.o009.mastery.convergence.04.cc-by-4.0
o009-answer-brown-01,o009-mastery-brown-01,5,source/mastery/10-brown-01.md,o009-answer-brown-01,authored,rights.o009.mastery.brown.01.cc-by-4.0
o009-answer-brown-03,o009-mastery-brown-03,5,source/mastery/12-brown-03-04.md,o009-answer-brown-03,authored,rights.o009.mastery.brown.03-04.cc-by-4.0
o009-answer-brown-04,o009-mastery-brown-04,5,source/mastery/12-brown-03-04.md,o009-answer-brown-04,authored,rights.o009.mastery.brown.03-04.cc-by-4.0
o009-answer-brownian-diagnostics,o009-brownian-exact-audit,6,labs/05-gerak-brown-donsker-variasi-kuadratik-dan-waktu-kena.Rmd,o009-answer-brownian-diagnostics,authored,rights.o009.lab.brownian-diagnostics.cc-by-4.0
o009-answer-conditional-martingale-audit,o009-optional-stopping-diagnostic,4,labs/04-nilai-harapan-bersyarat-martingal.Rmd,o009-answer-conditional-martingale-audit,authored,rights.o009.lab.conditional-martingale.cc-by-4.0
o009-answer-convergence-05,o009-mastery-convergence-05,5,source/mastery/03-konvergensi-05.md,o009-answer-convergence-05,authored,rights.o009.mastery.convergence.05.cc-by-4.0
o009-answer-convergence-mc-mastery,o009-mastery-convergence-mc,5,labs/01-konvergensi-monte-carlo.Rmd,o009-answer-convergence-mc-mastery,authored,rights.o009.original.cc-by-4.0
o009-answer-convergence-modes,o009-mastery-convergence-modes-sequence,4,labs/03-konvergensi-mode-dan-lln-clt.Rmd,o009-answer-convergence-modes,authored,rights.o009.lab.convergence-modes.cc-by-4.0
o009-answer-markov-gambler-ruin-mastery,o009-mastery-markov-gambler-ruin,5,labs/02-simulasi-rantai-markov.Rmd,o009-answer-markov-gambler-ruin-mastery,authored,rights.o009.markov.original.cc-by-4.0
o009-brownian-diagnostics-goals,o009-lab-brownian-diagnostics,1,labs/05-gerak-brown-donsker-variasi-kuadratik-dan-waktu-kena.Rmd,o009-brownian-diagnostics-goals,authored,rights.o009.lab.brownian-diagnostics.cc-by-4.0
o009-brownian-exact-audit,o009-lab-brownian-diagnostics,3,labs/05-gerak-brown-donsker-variasi-kuadratik-dan-waktu-kena.Rmd,o009-brownian-exact-audit,authored,rights.o009.lab.brownian-diagnostics.cc-by-4.0
o009-brownian-partition-order,o009-lab-brownian-diagnostics,2,labs/05-gerak-brown-donsker-variasi-kuadratik-dan-waktu-kena.Rmd,o009-brownian-partition-order,authored,rights.o009.lab.brownian-diagnostics.cc-by-4.0
o009-concept-monte-carlo-lln,o009-lab-convergence-mc,2,labs/01-konvergensi-monte-carlo.Rmd,o009-concept-monte-carlo-lln,translated,rights.o009.indonesian-adaptation.cc-by-4.0
o009-conditional-expectation-audit,o009-lab-conditional-martingale,2,labs/04-nilai-harapan-bersyarat-martingal.Rmd,o009-conditional-expectation-audit,authored,rights.o009.lab.conditional-martingale.cc-by-4.0
o009-conditional-martingale-goals,o009-lab-conditional-martingale,1,labs/04-nilai-harapan-bersyarat-martingal.Rmd,o009-conditional-martingale-goals,authored,rights.o009.lab.conditional-martingale.cc-by-4.0
o009-exercise-brown-01,o009-mastery-brown-01,1,source/mastery/10-brown-01.md,o009-exercise-brown-01,authored,rights.o009.mastery.brown.01.cc-by-4.0
o009-exercise-brown-03,o009-mastery-brown-03,1,source/mastery/12-brown-03-04.md,o009-exercise-brown-03,authored,rights.o009.mastery.brown.03-04.cc-by-4.0
o009-exercise-brown-04,o009-mastery-brown-04,1,source/mastery/12-brown-03-04.md,o009-exercise-brown-04,authored,rights.o009.mastery.brown.03-04.cc-by-4.0
o009-exercise-brownian-diagnostics,o009-brownian-exact-audit,1,labs/05-gerak-brown-donsker-variasi-kuadratik-dan-waktu-kena.Rmd,o009-exercise-brownian-diagnostics,authored,rights.o009.lab.brownian-diagnostics.cc-by-4.0
o009-exercise-conditional-martingale-audit,o009-conditional-expectation-audit,1,labs/04-nilai-harapan-bersyarat-martingal.Rmd,o009-exercise-conditional-martingale-audit,authored,rights.o009.lab.conditional-martingale.cc-by-4.0
o009-exercise-convergence-05,o009-mastery-convergence-05,1,source/mastery/03-konvergensi-05.md,o009-exercise-convergence-05,authored,rights.o009.mastery.convergence.05.cc-by-4.0
o009-exercise-convergence-mc-estimation,o009-lab-convergence-mc-experiment,1,labs/01-konvergensi-monte-carlo.Rmd,o009-exercise-convergence-mc-estimation,translated,rights.o009.indonesian-adaptation.cc-by-4.0
o009-exercise-convergence-mc-mastery,o009-mastery-convergence-mc,1,labs/01-konvergensi-monte-carlo.Rmd,o009-exercise-convergence-mc-mastery,authored,rights.o009.original.cc-by-4.0
o009-exercise-convergence-modes-estimation,o009-lab-convergence-modes-experiment,1,labs/03-konvergensi-mode-dan-lln-clt.Rmd,o009-exercise-convergence-modes-estimation,authored,rights.o009.lab.convergence-modes.cc-by-4.0
o009-exercise-convergence-modes-mastery,o009-mastery-convergence-modes-sequence,1,labs/03-konvergensi-mode-dan-lln-clt.Rmd,o009-exercise-convergence-modes-mastery,authored,rights.o009.lab.convergence-modes.cc-by-4.0
o009-exercise-markov-gambler-ruin-estimation,o009-lab-markov-gambler-ruin-experiment,1,labs/02-simulasi-rantai-markov.Rmd,o009-exercise-markov-gambler-ruin-estimation,translated,rights.o009.markov.indonesian-adaptation.cc-by-4.0
o009-exercise-markov-gambler-ruin-mastery,o009-mastery-markov-gambler-ruin,1,labs/02-simulasi-rantai-markov.Rmd,o009-exercise-markov-gambler-ruin-mastery,authored,rights.o009.markov.original.cc-by-4.0
o009-hint-brown-01-1,o009-mastery-brown-01,2,source/mastery/10-brown-01.md,o009-hint-brown-01-1,authored,rights.o009.mastery.brown.01.cc-by-4.0
o009-hint-brown-01-2,o009-mastery-brown-01,3,source/mastery/10-brown-01.md,o009-hint-brown-01-2,authored,rights.o009.mastery.brown.01.cc-by-4.0
o009-hint-brown-01-3,o009-mastery-brown-01,4,source/mastery/10-brown-01.md,o009-hint-brown-01-3,authored,rights.o009.mastery.brown.01.cc-by-4.0
o009-hint-brown-03-1,o009-mastery-brown-03,2,source/mastery/12-brown-03-04.md,o009-hint-brown-03-1,authored,rights.o009.mastery.brown.03-04.cc-by-4.0
o009-hint-brown-03-2,o009-mastery-brown-03,3,source/mastery/12-brown-03-04.md,o009-hint-brown-03-2,authored,rights.o009.mastery.brown.03-04.cc-by-4.0
o009-hint-brown-03-3,o009-mastery-brown-03,4,source/mastery/12-brown-03-04.md,o009-hint-brown-03-3,authored,rights.o009.mastery.brown.03-04.cc-by-4.0
o009-hint-brown-04-1,o009-mastery-brown-04,2,source/mastery/12-brown-03-04.md,o009-hint-brown-04-1,authored,rights.o009.mastery.brown.03-04.cc-by-4.0
o009-hint-brown-04-2,o009-mastery-brown-04,3,source/mastery/12-brown-03-04.md,o009-hint-brown-04-2,authored,rights.o009.mastery.brown.03-04.cc-by-4.0
o009-hint-brown-04-3,o009-mastery-brown-04,4,source/mastery/12-brown-03-04.md,o009-hint-brown-04-3,authored,rights.o009.mastery.brown.03-04.cc-by-4.0
o009-hint-brownian-diagnostics-1,o009-brownian-exact-audit,3,labs/05-gerak-brown-donsker-variasi-kuadratik-dan-waktu-kena.Rmd,o009-hint-brownian-diagnostics-1,authored,rights.o009.lab.brownian-diagnostics.cc-by-4.0
o009-hint-brownian-diagnostics-2,o009-brownian-exact-audit,4,labs/05-gerak-brown-donsker-variasi-kuadratik-dan-waktu-kena.Rmd,o009-hint-brownian-diagnostics-2,authored,rights.o009.lab.brownian-diagnostics.cc-by-4.0
o009-hint-brownian-diagnostics-3,o009-brownian-exact-audit,5,labs/05-gerak-brown-donsker-variasi-kuadratik-dan-waktu-kena.Rmd,o009-hint-brownian-diagnostics-3,authored,rights.o009.lab.brownian-diagnostics.cc-by-4.0
o009-hint-conditional-martingale-audit-1,o009-optional-stopping-diagnostic,1,labs/04-nilai-harapan-bersyarat-martingal.Rmd,o009-hint-conditional-martingale-audit-1,authored,rights.o009.lab.conditional-martingale.cc-by-4.0
o009-hint-conditional-martingale-audit-2,o009-optional-stopping-diagnostic,2,labs/04-nilai-harapan-bersyarat-martingal.Rmd,o009-hint-conditional-martingale-audit-2,authored,rights.o009.lab.conditional-martingale.cc-by-4.0
o009-hint-conditional-martingale-audit-3,o009-optional-stopping-diagnostic,3,labs/04-nilai-harapan-bersyarat-martingal.Rmd,o009-hint-conditional-martingale-audit-3,authored,rights.o009.lab.conditional-martingale.cc-by-4.0
o009-hint-convergence-05-1,o009-mastery-convergence-05,2,source/mastery/03-konvergensi-05.md,o009-hint-convergence-05-1,authored,rights.o009.mastery.convergence.05.cc-by-4.0
o009-hint-convergence-05-2,o009-mastery-convergence-05,3,source/mastery/03-konvergensi-05.md,o009-hint-convergence-05-2,authored,rights.o009.mastery.convergence.05.cc-by-4.0
o009-hint-convergence-05-3,o009-mastery-convergence-05,4,source/mastery/03-konvergensi-05.md,o009-hint-convergence-05-3,authored,rights.o009.mastery.convergence.05.cc-by-4.0
o009-hint-convergence-mc-mastery-1,o009-mastery-convergence-mc,2,labs/01-konvergensi-monte-carlo.Rmd,o009-hint-convergence-mc-mastery-1,authored,rights.o009.original.cc-by-4.0
o009-hint-convergence-mc-mastery-2,o009-mastery-convergence-mc,3,labs/01-konvergensi-monte-carlo.Rmd,o009-hint-convergence-mc-mastery-2,authored,rights.o009.original.cc-by-4.0
o009-hint-convergence-mc-mastery-3,o009-mastery-convergence-mc,4,labs/01-konvergensi-monte-carlo.Rmd,o009-hint-convergence-mc-mastery-3,authored,rights.o009.original.cc-by-4.0
o009-hint-convergence-modes-1,o009-mastery-convergence-modes-sequence,2,labs/03-konvergensi-mode-dan-lln-clt.Rmd,o009-hint-convergence-modes-1,authored,rights.o009.lab.convergence-modes.cc-by-4.0
o009-hint-convergence-modes-2,o009-mastery-convergence-modes-sequence,3,labs/03-konvergensi-mode-dan-lln-clt.Rmd,o009-hint-convergence-modes-2,authored,rights.o009.lab.convergence-modes.cc-by-4.0
o009-hint-markov-gambler-ruin-mastery-1,o009-mastery-markov-gambler-ruin,2,labs/02-simulasi-rantai-markov.Rmd,o009-hint-markov-gambler-ruin-mastery-1,authored,rights.o009.markov.original.cc-by-4.0
o009-hint-markov-gambler-ruin-mastery-2,o009-mastery-markov-gambler-ruin,3,labs/02-simulasi-rantai-markov.Rmd,o009-hint-markov-gambler-ruin-mastery-2,authored,rights.o009.markov.original.cc-by-4.0
o009-hint-markov-gambler-ruin-mastery-3,o009-mastery-markov-gambler-ruin,4,labs/02-simulasi-rantai-markov.Rmd,o009-hint-markov-gambler-ruin-mastery-3,authored,rights.o009.markov.original.cc-by-4.0
o009-lab-brownian-diagnostics,course.o009.d30,6,labs/05-gerak-brown-donsker-variasi-kuadratik-dan-waktu-kena.Rmd,o009-lab-brownian-diagnostics,authored,rights.o009.lab.brownian-diagnostics.cc-by-4.0
o009-lab-conditional-martingale,course.o009.d30,5,labs/04-nilai-harapan-bersyarat-martingal.Rmd,o009-lab-conditional-martingale,authored,rights.o009.lab.conditional-martingale.cc-by-4.0
o009-lab-convergence-mc,course.o009.d30,2,labs/01-konvergensi-monte-carlo.Rmd,o009-lab-convergence-mc,translated,rights.o009.indonesian-adaptation.cc-by-4.0
o009-lab-convergence-mc-experiment,o009-lab-convergence-mc,1,labs/01-konvergensi-monte-carlo.Rmd,o009-lab-convergence-mc-experiment,translated,rights.o009.indonesian-adaptation.cc-by-4.0
o009-lab-convergence-modes,course.o009.d30,4,labs/03-konvergensi-mode-dan-lln-clt.Rmd,o009-lab-convergence-modes,authored,rights.o009.lab.convergence-modes.cc-by-4.0
o009-lab-convergence-modes-experiment,o009-lab-convergence-modes,1,labs/03-konvergensi-mode-dan-lln-clt.Rmd,o009-lab-convergence-modes-experiment,authored,rights.o009.lab.convergence-modes.cc-by-4.0
o009-lab-markov-gambler-ruin,course.o009.d30,3,labs/02-simulasi-rantai-markov.Rmd,o009-lab-markov-gambler-ruin,translated,rights.o009.markov.indonesian-adaptation.cc-by-4.0
o009-lab-markov-gambler-ruin-experiment,o009-lab-markov-gambler-ruin,1,labs/02-simulasi-rantai-markov.Rmd,o009-lab-markov-gambler-ruin-experiment,translated,rights.o009.markov.indonesian-adaptation.cc-by-4.0
o009-mastery-brown-01,course.o009.d30,1,source/mastery/10-brown-01.md,o009-mastery-brown-01,authored,rights.o009.mastery.brown.01.cc-by-4.0
o009-mastery-brown-03,course.o009.d30,1,source/mastery/12-brown-03-04.md,o009-mastery-brown-03,authored,rights.o009.mastery.brown.03-04.cc-by-4.0
o009-mastery-brown-04,course.o009.d30,2,source/mastery/12-brown-03-04.md,o009-mastery-brown-04,authored,rights.o009.mastery.brown.03-04.cc-by-4.0
o009-mastery-convergence-05,course.o009.d30,1,source/mastery/03-konvergensi-05.md,o009-mastery-convergence-05,authored,rights.o009.mastery.convergence.05.cc-by-4.0
o009-mastery-convergence-mc,o009-lab-convergence-mc,3,labs/01-konvergensi-monte-carlo.Rmd,o009-mastery-convergence-mc,authored,rights.o009.original.cc-by-4.0
o009-mastery-convergence-modes,o009-lab-convergence-modes,2,labs/03-konvergensi-mode-dan-lln-clt.Rmd,o009-mastery-convergence-modes,authored,rights.o009.lab.convergence-modes.cc-by-4.0
o009-mastery-convergence-modes-sequence,o009-mastery-convergence-modes,1,labs/03-konvergensi-mode-dan-lln-clt.Rmd,o009-mastery-convergence-modes-sequence,authored,rights.o009.lab.convergence-modes.cc-by-4.0
o009-mastery-markov-gambler-ruin,o009-lab-markov-gambler-ruin,2,labs/02-simulasi-rantai-markov.Rmd,o009-mastery-markov-gambler-ruin,authored,rights.o009.markov.original.cc-by-4.0
o009-optional-stopping-diagnostic,o009-lab-conditional-martingale,3,labs/04-nilai-harapan-bersyarat-martingal.Rmd,o009-optional-stopping-diagnostic,authored,rights.o009.lab.conditional-martingale.cc-by-4.0
o009-program-brownian-diagnostics,o009-brownian-exact-audit,2,labs/05-gerak-brown-donsker-variasi-kuadratik-dan-waktu-kena.Rmd,o009_lab_brownian_diagnostics,authored,rights.o009.lab.brownian-diagnostics.cc-by-4.0
o009-program-conditional-martingale,o009-conditional-expectation-audit,2,labs/04-nilai-harapan-bersyarat-martingal.Rmd,o009_lab_conditional_martingale,authored,rights.o009.lab.conditional-martingale.cc-by-4.0
o009-program-convergence-mc,o009-solution-convergence-mc-estimation,1,labs/01-konvergensi-monte-carlo.Rmd,o009_lab_convergence_mc,translated,rights.o009.indonesian-adaptation.cc-by-4.0
o009-program-convergence-modes,o009-solution-convergence-modes-estimation,1,labs/03-konvergensi-mode-dan-lln-clt.Rmd,o009_lab_convergence_modes,authored,rights.o009.lab.convergence-modes.cc-by-4.0
o009-program-markov-gambler-ruin,o009-solution-markov-gambler-ruin-estimation,1,labs/02-simulasi-rantai-markov.Rmd,o009_lab_markov_gambler_ruin,translated,rights.o009.markov.indonesian-adaptation.cc-by-4.0
o009-results-brownian-diagnostics,o009-program-brownian-diagnostics,1,labs/05-gerak-brown-donsker-variasi-kuadratik-dan-waktu-kena.html,o009_lab_brownian_diagnostics,authored,rights.o009.lab.brownian-diagnostics.cc-by-4.0
o009-results-conditional-martingale,o009-program-conditional-martingale,1,labs/04-nilai-harapan-bersyarat-martingal.html,o009_lab_conditional_martingale,authored,rights.o009.lab.conditional-martingale.cc-by-4.0
o009-results-convergence-modes,o009-program-convergence-modes,1,labs/03-konvergensi-mode-dan-lln-clt.html,o009_lab_convergence_modes,authored,rights.o009.lab.convergence-modes.cc-by-4.0
o009-solution-brown-01,o009-mastery-brown-01,6,source/mastery/10-brown-01.md,o009-solution-brown-01,authored,rights.o009.mastery.brown.01.cc-by-4.0
o009-solution-brown-03,o009-mastery-brown-03,6,source/mastery/12-brown-03-04.md,o009-solution-brown-03,authored,rights.o009.mastery.brown.03-04.cc-by-4.0
o009-solution-brown-04,o009-mastery-brown-04,6,source/mastery/12-brown-03-04.md,o009-solution-brown-04,authored,rights.o009.mastery.brown.03-04.cc-by-4.0
o009-solution-brownian-diagnostics,o009-brownian-exact-audit,7,labs/05-gerak-brown-donsker-variasi-kuadratik-dan-waktu-kena.Rmd,o009-solution-brownian-diagnostics,authored,rights.o009.lab.brownian-diagnostics.cc-by-4.0
o009-solution-conditional-martingale-audit,o009-optional-stopping-diagnostic,5,labs/04-nilai-harapan-bersyarat-martingal.Rmd,o009-solution-conditional-martingale-audit,authored,rights.o009.lab.conditional-martingale.cc-by-4.0
o009-solution-convergence-05,o009-mastery-convergence-05,6,source/mastery/03-konvergensi-05.md,o009-solution-convergence-05,authored,rights.o009.mastery.convergence.05.cc-by-4.0
o009-solution-convergence-mc-estimation,o009-lab-convergence-mc-experiment,2,labs/01-konvergensi-monte-carlo.Rmd,,translated,rights.o009.indonesian-adaptation.cc-by-4.0
o009-solution-convergence-mc-mastery,o009-mastery-convergence-mc,6,labs/01-konvergensi-monte-carlo.Rmd,o009-solution-convergence-mc-mastery,authored,rights.o009.original.cc-by-4.0
o009-solution-convergence-modes,o009-mastery-convergence-modes-sequence,5,labs/03-konvergensi-mode-dan-lln-clt.Rmd,o009-solution-convergence-modes,authored,rights.o009.lab.convergence-modes.cc-by-4.0
o009-solution-convergence-modes-estimation,o009-lab-convergence-modes-experiment,2,labs/03-konvergensi-mode-dan-lln-clt.Rmd,,authored,rights.o009.lab.convergence-modes.cc-by-4.0
o009-solution-markov-gambler-ruin-estimation,o009-lab-markov-gambler-ruin-experiment,2,labs/02-simulasi-rantai-markov.Rmd,,translated,rights.o009.markov.indonesian-adaptation.cc-by-4.0
o009-solution-markov-gambler-ruin-mastery,o009-mastery-markov-gambler-ruin,6,labs/02-simulasi-rantai-markov.Rmd,o009-solution-markov-gambler-ruin-mastery,authored,rights.o009.markov.original.cc-by-4.0
unit.donor.zitkovic.markov-chain-simulation.section,,1,authority/zitkovic/witness/stochastic-book-e2b35ad91a3689454ae6455e8ffc510a90760c0d/source/05-Markov-chains.Rmd,source/05-Markov-chains.Rmd#L601-L666,source_frozen,rights.zitkovic.donor.cc0-1.0
unit.donor.zitkovic.markov-gambler-ruin.exercise,unit.donor.zitkovic.markov-chain-simulation.section,1,authority/zitkovic/witness/stochastic-book-e2b35ad91a3689454ae6455e8ffc510a90760c0d/source/05-Markov-chains.Rmd,source/05-Markov-chains.Rmd#L607-L611,source_frozen,rights.zitkovic.donor.cc0-1.0
unit.donor.zitkovic.markov-gambler-ruin.program.1,unit.donor.zitkovic.markov-gambler-ruin.solution,1,authority/zitkovic/witness/stochastic-book-e2b35ad91a3689454ae6455e8ffc510a90760c0d/source/05-Markov-chains.Rmd,source/05-Markov-chains.Rmd#L617-L661,source_frozen,rights.zitkovic.donor.cc0-1.0
unit.donor.zitkovic.markov-gambler-ruin.solution,unit.donor.zitkovic.markov-chain-simulation.section,2,authority/zitkovic/witness/stochastic-book-e2b35ad91a3689454ae6455e8ffc510a90760c0d/source/05-Markov-chains.Rmd,source/05-Markov-chains.Rmd#L614-L666,source_frozen,rights.zitkovic.donor.cc0-1.0
unit.donor.zitkovic.monte-carlo-exp.exercise,,1,authority/zitkovic/witness/stochastic-book-e2b35ad91a3689454ae6455e8ffc510a90760c0d/source/02-simulation.Rmd,source/02-simulation.Rmd#L760-L764,source_frozen,rights.zitkovic.donor.cc0-1.0
unit.donor.zitkovic.monte-carlo-exp.program.1,unit.donor.zitkovic.monte-carlo-exp.solution,1,authority/zitkovic/witness/stochastic-book-e2b35ad91a3689454ae6455e8ffc510a90760c0d/source/02-simulation.Rmd,source/02-simulation.Rmd#L770-L776,source_frozen,rights.zitkovic.donor.cc0-1.0
unit.donor.zitkovic.monte-carlo-exp.program.2,unit.donor.zitkovic.monte-carlo-exp.solution,2,authority/zitkovic/witness/stochastic-book-e2b35ad91a3689454ae6455e8ffc510a90760c0d/source/02-simulation.Rmd,source/02-simulation.Rmd#L783-L789,source_frozen,rights.zitkovic.donor.cc0-1.0
unit.donor.zitkovic.monte-carlo-exp.program.3,unit.donor.zitkovic.monte-carlo-exp.solution,3,authority/zitkovic/witness/stochastic-book-e2b35ad91a3689454ae6455e8ffc510a90760c0d/source/02-simulation.Rmd,source/02-simulation.Rmd#L792-L798,source_frozen,rights.zitkovic.donor.cc0-1.0
unit.donor.zitkovic.monte-carlo-exp.solution,,2,authority/zitkovic/witness/stochastic-book-e2b35ad91a3689454ae6455e8ffc510a90760c0d/source/02-simulation.Rmd,source/02-simulation.Rmd#L766-L832,source_frozen,rights.zitkovic.donor.cc0-1.0
unit.o009.mastery.brown.02,course.o009.d30,1,source/mastery/11-brown-02.md,unit.o009.mastery.brown.02,authored,rights.o009.mastery.brown.02.cc-by-4.0
unit.o009.mastery.brown.02.answer,unit.o009.mastery.brown.02,7,source/mastery/11-brown-02.md,unit.o009.mastery.brown.02.answer,authored,rights.o009.mastery.brown.02.cc-by-4.0
unit.o009.mastery.brown.02.exercise,unit.o009.mastery.brown.02,3,source/mastery/11-brown-02.md,unit.o009.mastery.brown.02.exercise,authored,rights.o009.mastery.brown.02.cc-by-4.0
unit.o009.mastery.brown.02.hint.01,unit.o009.mastery.brown.02,4,source/mastery/11-brown-02.md,unit.o009.mastery.brown.02.hint.01,authored,rights.o009.mastery.brown.02.cc-by-4.0
unit.o009.mastery.brown.02.hint.02,unit.o009.mastery.brown.02,5,source/mastery/11-brown-02.md,unit.o009.mastery.brown.02.hint.02,authored,rights.o009.mastery.brown.02.cc-by-4.0
unit.o009.mastery.brown.02.hint.03,unit.o009.mastery.brown.02,6,source/mastery/11-brown-02.md,unit.o009.mastery.brown.02.hint.03,authored,rights.o009.mastery.brown.02.cc-by-4.0
unit.o009.mastery.brown.02.outcomes,unit.o009.mastery.brown.02,2,source/mastery/11-brown-02.md,unit.o009.mastery.brown.02.outcomes,authored,rights.o009.mastery.brown.02.cc-by-4.0
unit.o009.mastery.brown.02.prerequisites,unit.o009.mastery.brown.02,1,source/mastery/11-brown-02.md,unit.o009.mastery.brown.02.prerequisites,authored,rights.o009.mastery.brown.02.cc-by-4.0
unit.o009.mastery.brown.02.rights,unit.o009.mastery.brown.02,9,source/mastery/11-brown-02.md,unit.o009.mastery.brown.02.rights,authored,rights.o009.mastery.brown.02.cc-by-4.0
unit.o009.mastery.brown.02.solution,unit.o009.mastery.brown.02,8,source/mastery/11-brown-02.md,unit.o009.mastery.brown.02.solution,authored,rights.o009.mastery.brown.02.cc-by-4.0
unit.o009.mastery.conditional-kernel.01,unit.o009.mastery.conditional-kernel.01-02,1,source/mastery/04-bersyarat-kernel-01-02.md,unit.o009.mastery.conditional-kernel.01,authored,rights.o009.mastery.conditional-kernel.01-02.cc-by-4.0
unit.o009.mastery.conditional-kernel.01-02,course.o009.d30,1,source/mastery/04-bersyarat-kernel-01-02.md,unit.o009.mastery.conditional-kernel.01-02,authored,rights.o009.mastery.conditional-kernel.01-02.cc-by-4.0
unit.o009.mastery.conditional-kernel.01.answer,unit.o009.mastery.conditional-kernel.01,6,source/mastery/04-bersyarat-kernel-01-02.md,unit.o009.mastery.conditional-kernel.01.answer,authored,rights.o009.mastery.conditional-kernel.01-02.cc-by-4.0
unit.o009.mastery.conditional-kernel.01.bindings,unit.o009.mastery.conditional-kernel.01,1,source/mastery/04-bersyarat-kernel-01-02.md,unit.o009.mastery.conditional-kernel.01.bindings,authored,rights.o009.mastery.conditional-kernel.01-02.cc-by-4.0
unit.o009.mastery.conditional-kernel.01.exercise,unit.o009.mastery.conditional-kernel.01,2,source/mastery/04-bersyarat-kernel-01-02.md,unit.o009.mastery.conditional-kernel.01.exercise,authored,rights.o009.mastery.conditional-kernel.01-02.cc-by-4.0
unit.o009.mastery.conditional-kernel.01.hint.01,unit.o009.mastery.conditional-kernel.01,3,source/mastery/04-bersyarat-kernel-01-02.md,unit.o009.mastery.conditional-kernel.01.hint.01,authored,rights.o009.mastery.conditional-kernel.01-02.cc-by-4.0
unit.o009.mastery.conditional-kernel.01.hint.02,unit.o009.mastery.conditional-kernel.01,4,source/mastery/04-bersyarat-kernel-01-02.md,unit.o009.mastery.conditional-kernel.01.hint.02,authored,rights.o009.mastery.conditional-kernel.01-02.cc-by-4.0
unit.o009.mastery.conditional-kernel.01.hint.03,unit.o009.mastery.conditional-kernel.01,5,source/mastery/04-bersyarat-kernel-01-02.md,unit.o009.mastery.conditional-kernel.01.hint.03,authored,rights.o009.mastery.conditional-kernel.01-02.cc-by-4.0
unit.o009.mastery.conditional-kernel.01.solution,unit.o009.mastery.conditional-kernel.01,7,source/mastery/04-bersyarat-kernel-01-02.md,unit.o009.mastery.conditional-kernel.01.solution,authored,rights.o009.mastery.conditional-kernel.01-02.cc-by-4.0
unit.o009.mastery.conditional-kernel.02,unit.o009.mastery.conditional-kernel.01-02,2,source/mastery/04-bersyarat-kernel-01-02.md,unit.o009.mastery.conditional-kernel.02,authored,rights.o009.mastery.conditional-kernel.01-02.cc-by-4.0
unit.o009.mastery.conditional-kernel.02.answer,unit.o009.mastery.conditional-kernel.02,6,source/mastery/04-bersyarat-kernel-01-02.md,unit.o009.mastery.conditional-kernel.02.answer,authored,rights.o009.mastery.conditional-kernel.01-02.cc-by-4.0
unit.o009.mastery.conditional-kernel.02.bindings,unit.o009.mastery.conditional-kernel.02,1,source/mastery/04-bersyarat-kernel-01-02.md,unit.o009.mastery.conditional-kernel.02.bindings,authored,rights.o009.mastery.conditional-kernel.01-02.cc-by-4.0
unit.o009.mastery.conditional-kernel.02.exercise,unit.o009.mastery.conditional-kernel.02,2,source/mastery/04-bersyarat-kernel-01-02.md,unit.o009.mastery.conditional-kernel.02.exercise,authored,rights.o009.mastery.conditional-kernel.01-02.cc-by-4.0
unit.o009.mastery.conditional-kernel.02.hint.01,unit.o009.mastery.conditional-kernel.02,3,source/mastery/04-bersyarat-kernel-01-02.md,unit.o009.mastery.conditional-kernel.02.hint.01,authored,rights.o009.mastery.conditional-kernel.01-02.cc-by-4.0
unit.o009.mastery.conditional-kernel.02.hint.02,unit.o009.mastery.conditional-kernel.02,4,source/mastery/04-bersyarat-kernel-01-02.md,unit.o009.mastery.conditional-kernel.02.hint.02,authored,rights.o009.mastery.conditional-kernel.01-02.cc-by-4.0
unit.o009.mastery.conditional-kernel.02.hint.03,unit.o009.mastery.conditional-kernel.02,5,source/mastery/04-bersyarat-kernel-01-02.md,unit.o009.mastery.conditional-kernel.02.hint.03,authored,rights.o009.mastery.conditional-kernel.01-02.cc-by-4.0
unit.o009.mastery.conditional-kernel.02.solution,unit.o009.mastery.conditional-kernel.02,7,source/mastery/04-bersyarat-kernel-01-02.md,unit.o009.mastery.conditional-kernel.02.solution,authored,rights.o009.mastery.conditional-kernel.01-02.cc-by-4.0
unit.o009.mastery.conditional-kernel.03,course.o009.d30,1,source/mastery/05-bersyarat-kernel-03.md,unit.o009.mastery.conditional-kernel.03,authored,rights.o009.mastery.conditional-kernel.03.cc-by-4.0
unit.o009.mastery.conditional-kernel.03.answer,unit.o009.mastery.conditional-kernel.03,7,source/mastery/05-bersyarat-kernel-03.md,unit.o009.mastery.conditional-kernel.03.answer,authored,rights.o009.mastery.conditional-kernel.03.cc-by-4.0
unit.o009.mastery.conditional-kernel.03.exercise,unit.o009.mastery.conditional-kernel.03,3,source/mastery/05-bersyarat-kernel-03.md,unit.o009.mastery.conditional-kernel.03.exercise,authored,rights.o009.mastery.conditional-kernel.03.cc-by-4.0
unit.o009.mastery.conditional-kernel.03.hint.01,unit.o009.mastery.conditional-kernel.03,4,source/mastery/05-bersyarat-kernel-03.md,unit.o009.mastery.conditional-kernel.03.hint.01,authored,rights.o009.mastery.conditional-kernel.03.cc-by-4.0
unit.o009.mastery.conditional-kernel.03.hint.02,unit.o009.mastery.conditional-kernel.03,5,source/mastery/05-bersyarat-kernel-03.md,unit.o009.mastery.conditional-kernel.03.hint.02,authored,rights.o009.mastery.conditional-kernel.03.cc-by-4.0
unit.o009.mastery.conditional-kernel.03.hint.03,unit.o009.mastery.conditional-kernel.03,6,source/mastery/05-bersyarat-kernel-03.md,unit.o009.mastery.conditional-kernel.03.hint.03,authored,rights.o009.mastery.conditional-kernel.03.cc-by-4.0
unit.o009.mastery.conditional-kernel.03.outcomes,unit.o009.mastery.conditional-kernel.03,2,source/mastery/05-bersyarat-kernel-03.md,unit.o009.mastery.conditional-kernel.03.outcomes,authored,rights.o009.mastery.conditional-kernel.03.cc-by-4.0
unit.o009.mastery.conditional-kernel.03.prerequisites,unit.o009.mastery.conditional-kernel.03,1,source/mastery/05-bersyarat-kernel-03.md,unit.o009.mastery.conditional-kernel.03.prerequisites,authored,rights.o009.mastery.conditional-kernel.03.cc-by-4.0
unit.o009.mastery.conditional-kernel.03.rights-provenance,unit.o009.mastery.conditional-kernel.03,9,source/mastery/05-bersyarat-kernel-03.md,unit.o009.mastery.conditional-kernel.03.rights-provenance,authored,rights.o009.mastery.conditional-kernel.03.cc-by-4.0
unit.o009.mastery.conditional-kernel.03.solution,unit.o009.mastery.conditional-kernel.03,8,source/mastery/05-bersyarat-kernel-03.md,unit.o009.mastery.conditional-kernel.03.solution,authored,rights.o009.mastery.conditional-kernel.03.cc-by-4.0
unit.o009.mastery.convergence.01,unit.o009.mastery.convergence.01-02,1,source/mastery/01-konvergensi-01-02.md,unit.o009.mastery.convergence.01,authored,rights.o009.mastery.convergence.01.cc-by-4.0
unit.o009.mastery.convergence.01-02,course.o009.d30,1,source/mastery/01-konvergensi-01-02.md,unit.o009.mastery.convergence.01-02,authored,rights.o009.mastery.convergence.02.cc-by-4.0
unit.o009.mastery.convergence.01.answer,unit.o009.mastery.convergence.01,5,source/mastery/01-konvergensi-01-02.md,unit.o009.mastery.convergence.01.answer,authored,rights.o009.mastery.convergence.01.cc-by-4.0
unit.o009.mastery.convergence.01.bindings,unit.o009.mastery.convergence.01,1,source/mastery/01-konvergensi-01-02.md,unit.o009.mastery.convergence.01.bindings,authored,rights.o009.mastery.convergence.01.cc-by-4.0
unit.o009.mastery.convergence.01.exercise,unit.o009.mastery.convergence.01,2,source/mastery/01-konvergensi-01-02.md,unit.o009.mastery.convergence.01.exercise,authored,rights.o009.mastery.convergence.01.cc-by-4.0
unit.o009.mastery.convergence.01.hint.01,unit.o009.mastery.convergence.01,3,source/mastery/01-konvergensi-01-02.md,unit.o009.mastery.convergence.01.hint.01,authored,rights.o009.mastery.convergence.01.cc-by-4.0
unit.o009.mastery.convergence.01.hint.02,unit.o009.mastery.convergence.01,4,source/mastery/01-konvergensi-01-02.md,unit.o009.mastery.convergence.01.hint.02,authored,rights.o009.mastery.convergence.01.cc-by-4.0
unit.o009.mastery.convergence.01.rights,unit.o009.mastery.convergence.01,7,source/mastery/01-konvergensi-01-02.md,unit.o009.mastery.convergence.01.rights,authored,rights.o009.mastery.convergence.01.cc-by-4.0
unit.o009.mastery.convergence.01.solution,unit.o009.mastery.convergence.01,6,source/mastery/01-konvergensi-01-02.md,unit.o009.mastery.convergence.01.solution,authored,rights.o009.mastery.convergence.01.cc-by-4.0
unit.o009.mastery.convergence.02,unit.o009.mastery.convergence.01-02,2,source/mastery/01-konvergensi-01-02.md,unit.o009.mastery.convergence.02,authored,rights.o009.mastery.convergence.02.cc-by-4.0
unit.o009.mastery.convergence.02.answer,unit.o009.mastery.convergence.02,5,source/mastery/01-konvergensi-01-02.md,unit.o009.mastery.convergence.02.answer,authored,rights.o009.mastery.convergence.02.cc-by-4.0
unit.o009.mastery.convergence.02.bindings,unit.o009.mastery.convergence.02,1,source/mastery/01-konvergensi-01-02.md,unit.o009.mastery.convergence.02.bindings,authored,rights.o009.mastery.convergence.02.cc-by-4.0
unit.o009.mastery.convergence.02.exercise,unit.o009.mastery.convergence.02,2,source/mastery/01-konvergensi-01-02.md,unit.o009.mastery.convergence.02.exercise,authored,rights.o009.mastery.convergence.02.cc-by-4.0
unit.o009.mastery.convergence.02.hint.01,unit.o009.mastery.convergence.02,3,source/mastery/01-konvergensi-01-02.md,unit.o009.mastery.convergence.02.hint.01,authored,rights.o009.mastery.convergence.02.cc-by-4.0
unit.o009.mastery.convergence.02.hint.02,unit.o009.mastery.convergence.02,4,source/mastery/01-konvergensi-01-02.md,unit.o009.mastery.convergence.02.hint.02,authored,rights.o009.mastery.convergence.02.cc-by-4.0
unit.o009.mastery.convergence.02.rights,unit.o009.mastery.convergence.02,7,source/mastery/01-konvergensi-01-02.md,unit.o009.mastery.convergence.02.rights,authored,rights.o009.mastery.convergence.02.cc-by-4.0
unit.o009.mastery.convergence.02.solution,unit.o009.mastery.convergence.02,6,source/mastery/01-konvergensi-01-02.md,unit.o009.mastery.convergence.02.solution,authored,rights.o009.mastery.convergence.02.cc-by-4.0
unit.o009.mastery.convergence.03-04,course.o009.d30,2,source/mastery/02-konvergensi-03-04.md,unit.o009.mastery.convergence.03-04,authored,rights.o009.mastery.convergence.03.cc-by-4.0
unit.o009.original.bridge.hypothesis-audits,course.o009.d30,39,original/04-audit-hipotesis-proses-stokastik.html,unit.o009.original.bridge.hypothesis-audits,built,rights.o009.original.bridge.hypothesis-audits.cc-by-4.0
unit.o009.original.bridge.hypothesis-audits.section.audit-brown-dan-hukum-lintasan,unit.o009.original.bridge.hypothesis-audits,7,original/04-audit-hipotesis-proses-stokastik.html,audit-brown-dan-hukum-lintasan,built,rights.o009.original.bridge.hypothesis-audits.cc-by-4.0
unit.o009.original.bridge.hypothesis-audits.section.audit-konvergensi-dan-integrabilitas,unit.o009.original.bridge.hypothesis-audits,2,original/04-audit-hipotesis-proses-stokastik.html,audit-konvergensi-dan-integrabilitas,built,rights.o009.original.bridge.hypothesis-audits.cc-by-4.0
unit.o009.original.bridge.hypothesis-audits.section.audit-markov-dan-ctmc,unit.o009.original.bridge.hypothesis-audits,5,original/04-audit-hipotesis-proses-stokastik.html,audit-markov-dan-ctmc,built,rights.o009.original.bridge.hypothesis-audits.cc-by-4.0
unit.o009.original.bridge.hypothesis-audits.section.audit-martingal-dan-waktu-henti,unit.o009.original.bridge.hypothesis-audits,4,original/04-audit-hipotesis-proses-stokastik.html,audit-martingal-dan-waktu-henti,built,rights.o009.original.bridge.hypothesis-audits.cc-by-4.0
unit.o009.original.bridge.hypothesis-audits.section.audit-pengondisian-dan-kernel,unit.o009.original.bridge.hypothesis-audits,3,original/04-audit-hipotesis-proses-stokastik.html,audit-pengondisian-dan-kernel,built,rights.o009.original.bridge.hypothesis-audits.cc-by-4.0
unit.o009.original.bridge.hypothesis-audits.section.audit-poisson-dan-konstruksi-proses,unit.o009.original.bridge.hypothesis-audits,6,original/04-audit-hipotesis-proses-stokastik.html,audit-poisson-dan-konstruksi-proses,built,rights.o009.original.bridge.hypothesis-audits.cc-by-4.0
unit.o009.original.bridge.hypothesis-audits.section.hak-dan-provenans-audit-hipotesis,unit.o009.original.bridge.hypothesis-audits,10,original/04-audit-hipotesis-proses-stokastik.html,hak-dan-provenans-audit-hipotesis,built,rights.o009.original.bridge.hypothesis-audits.cc-by-4.0
unit.o009.original.bridge.hypothesis-audits.section.latihan-penguasaan-audit-hipotesis,unit.o009.original.bridge.hypothesis-audits,9,original/04-audit-hipotesis-proses-stokastik.html,latihan-penguasaan-audit-hipotesis,built,rights.o009.original.bridge.hypothesis-audits.cc-by-4.0
unit.o009.original.bridge.hypothesis-audits.section.matriks-perbaikan-klaim,unit.o009.original.bridge.hypothesis-audits,8,original/04-audit-hipotesis-proses-stokastik.html,matriks-perbaikan-klaim,built,rights.o009.original.bridge.hypothesis-audits.cc-by-4.0
unit.o009.original.bridge.hypothesis-audits.section.tujuan-dan-protokol-audit-hipotesis,unit.o009.original.bridge.hypothesis-audits,1,original/04-audit-hipotesis-proses-stokastik.html,tujuan-dan-protokol-audit-hipotesis,built,rights.o009.original.bridge.hypothesis-audits.cc-by-4.0
unit.o009.original.bridge.kolmogorov-canonical-process,course.o009.d30,36,original/01-konstruksi-kolmogorov.html,unit.o009.original.bridge.kolmogorov-canonical-process,built,rights.o009.original.bridge.kolmogorov.cc-by-4.0
unit.o009.original.bridge.kolmogorov-canonical-process.section.audit-hipotesis-dan-bukan-klaim,unit.o009.original.bridge.kolmogorov-canonical-process,9,original/01-konstruksi-kolmogorov.html,audit-hipotesis-dan-bukan-klaim,built,rights.o009.original.bridge.kolmogorov.cc-by-4.0
unit.o009.original.bridge.kolmogorov-canonical-process.section.contoh-keluarga-gaussian,unit.o009.original.bridge.kolmogorov-canonical-process,8,original/01-konstruksi-kolmogorov.html,contoh-keluarga-gaussian,built,rights.o009.original.bridge.kolmogorov.cc-by-4.0
unit.o009.original.bridge.kolmogorov-canonical-process.section.contoh-keluarga-markov,unit.o009.original.bridge.kolmogorov-canonical-process,7,original/01-konstruksi-kolmogorov.html,contoh-keluarga-markov,built,rights.o009.original.bridge.kolmogorov.cc-by-4.0
unit.o009.original.bridge.kolmogorov-canonical-process.section.hak-dan-provenans,unit.o009.original.bridge.kolmogorov-canonical-process,11,original/01-konstruksi-kolmogorov.html,hak-dan-provenans,built,rights.o009.original.bridge.kolmogorov.cc-by-4.0
unit.o009.original.bridge.kolmogorov-canonical-process.section.konsistensi-proyektif,unit.o009.original.bridge.kolmogorov-canonical-process,3,original/01-konstruksi-kolmogorov.html,konsistensi-proyektif,built,rights.o009.original.bridge.kolmogorov.cc-by-4.0
unit.o009.original.bridge.kolmogorov-canonical-process.section.latihan-penguasaan,unit.o009.original.bridge.kolmogorov-canonical-process,10,original/01-konstruksi-kolmogorov.html,latihan-penguasaan,built,rights.o009.original.bridge.kolmogorov.cc-by-4.0
unit.o009.original.bridge.kolmogorov-canonical-process.section.lingkup-bukti,unit.o009.original.bridge.kolmogorov-canonical-process,5,original/01-konstruksi-kolmogorov.html,lingkup-bukti,built,rights.o009.original.bridge.kolmogorov.cc-by-4.0
unit.o009.original.bridge.kolmogorov-canonical-process.section.proses-koordinat-kanonik,unit.o009.original.bridge.kolmogorov-canonical-process,6,original/01-konstruksi-kolmogorov.html,proses-koordinat-kanonik,built,rights.o009.original.bridge.kolmogorov.cc-by-4.0
unit.o009.original.bridge.kolmogorov-canonical-process.section.ruang-lintasan-produk,unit.o009.original.bridge.kolmogorov-canonical-process,2,original/01-konstruksi-kolmogorov.html,ruang-lintasan-produk,built,rights.o009.original.bridge.kolmogorov.cc-by-4.0
unit.o009.original.bridge.kolmogorov-canonical-process.section.teorema-perluasan-kolmogorov,unit.o009.original.bridge.kolmogorov-canonical-process,4,original/01-konstruksi-kolmogorov.html,teorema-perluasan-kolmogorov,built,rights.o009.original.bridge.kolmogorov.cc-by-4.0
unit.o009.original.bridge.kolmogorov-canonical-process.section.tujuan-dan-prasyarat,unit.o009.original.bridge.kolmogorov-canonical-process,1,original/01-konstruksi-kolmogorov.html,tujuan-dan-prasyarat,built,rights.o009.original.bridge.kolmogorov.cc-by-4.0
unit.o009.original.bridge.process-measurability-path-law,course.o009.d30,37,original/02-keterukuran-proses-dan-hukum-lintasan.html,unit.o009.original.bridge.process-measurability-path-law,built,rights.o009.original.bridge.process-measurability-path-law.cc-by-4.0
unit.o009.original.bridge.process-measurability-path-law.section.audit-klaim-lintasan,unit.o009.original.bridge.process-measurability-path-law,8,original/02-keterukuran-proses-dan-hukum-lintasan.html,audit-klaim-lintasan,built,rights.o009.original.bridge.process-measurability-path-law.cc-by-4.0
unit.o009.original.bridge.process-measurability-path-law.section.fdd-dan-hukum-lintasan-mentah,unit.o009.original.bridge.process-measurability-path-law,4,original/02-keterukuran-proses-dan-hukum-lintasan.html,fdd-dan-hukum-lintasan-mentah,built,rights.o009.original.bridge.process-measurability-path-law.cc-by-4.0
unit.o009.original.bridge.process-measurability-path-law.section.hak-dan-provenans-keterukuran,unit.o009.original.bridge.process-measurability-path-law,10,original/02-keterukuran-proses-dan-hukum-lintasan.html,hak-dan-provenans-keterukuran,built,rights.o009.original.bridge.process-measurability-path-law.cc-by-4.0
unit.o009.original.bridge.process-measurability-path-law.section.hukum-pada-ruang-lintasan-kontinu,unit.o009.original.bridge.process-measurability-path-law,6,original/02-keterukuran-proses-dan-hukum-lintasan.html,hukum-pada-ruang-lintasan-kontinu,built,rights.o009.original.bridge.process-measurability-path-law.cc-by-4.0
unit.o009.original.bridge.process-measurability-path-law.section.keterukuran-bersama,unit.o009.original.bridge.process-measurability-path-law,3,original/02-keterukuran-proses-dan-hukum-lintasan.html,keterukuran-bersama,built,rights.o009.original.bridge.process-measurability-path-law.cc-by-4.0
unit.o009.original.bridge.process-measurability-path-law.section.latihan-penguasaan-keterukuran,unit.o009.original.bridge.process-measurability-path-law,9,original/02-keterukuran-proses-dan-hukum-lintasan.html,latihan-penguasaan-keterukuran,built,rights.o009.original.bridge.process-measurability-path-law.cc-by-4.0
unit.o009.original.bridge.process-measurability-path-law.section.modifikasi-dan-ketakterbedaan,unit.o009.original.bridge.process-measurability-path-law,7,original/02-keterukuran-proses-dan-hukum-lintasan.html,modifikasi-dan-ketakterbedaan,built,rights.o009.original.bridge.process-measurability-path-law.cc-by-4.0
unit.o009.original.bridge.process-measurability-path-law.section.peta-lintasan-mentah,unit.o009.original.bridge.process-measurability-path-law,2,original/02-keterukuran-proses-dan-hukum-lintasan.html,peta-lintasan-mentah,built,rights.o009.original.bridge.process-measurability-path-law.cc-by-4.0
unit.o009.original.bridge.process-measurability-path-law.section.sifat-lintasan-di-ruang-mentah,unit.o009.original.bridge.process-measurability-path-law,5,original/02-keterukuran-proses-dan-hukum-lintasan.html,sifat-lintasan-di-ruang-mentah,built,rights.o009.original.bridge.process-measurability-path-law.cc-by-4.0
unit.o009.original.bridge.process-measurability-path-law.section.tujuan-dan-empat-lapis-objek,unit.o009.original.bridge.process-measurability-path-law,1,original/02-keterukuran-proses-dan-hukum-lintasan.html,tujuan-dan-empat-lapis-objek,built,rights.o009.original.bridge.process-measurability-path-law.cc-by-4.0
unit.o009.original.bridge.regular-conditional-probability,course.o009.d30,38,original/03-probabilitas-bersyarat-reguler.html,unit.o009.original.bridge.regular-conditional-probability,built,rights.o009.original.bridge.regular-conditional-probability.cc-by-4.0
unit.o009.original.bridge.regular-conditional-probability.section.audit-klaim-probabilitas-bersyarat,unit.o009.original.bridge.regular-conditional-probability,9,original/03-probabilitas-bersyarat-reguler.html,audit-klaim-probabilitas-bersyarat,built,rights.o009.original.bridge.regular-conditional-probability.cc-by-4.0
unit.o009.original.bridge.regular-conditional-probability.section.dari-nilai-harapan-ke-kernel,unit.o009.original.bridge.regular-conditional-probability,2,original/03-probabilitas-bersyarat-reguler.html,dari-nilai-harapan-ke-kernel,built,rights.o009.original.bridge.regular-conditional-probability.cc-by-4.0
unit.o009.original.bridge.regular-conditional-probability.section.hak-dan-provenans-probabilitas-bersyarat,unit.o009.original.bridge.regular-conditional-probability,11,original/03-probabilitas-bersyarat-reguler.html,hak-dan-provenans-probabilitas-bersyarat,built,rights.o009.original.bridge.regular-conditional-probability.cc-by-4.0
unit.o009.original.bridge.regular-conditional-probability.section.keberadaan-pada-sasaran-borel-standar,unit.o009.original.bridge.regular-conditional-probability,3,original/03-probabilitas-bersyarat-reguler.html,keberadaan-pada-sasaran-borel-standar,built,rights.o009.original.bridge.regular-conditional-probability.cc-by-4.0
unit.o009.original.bridge.regular-conditional-probability.section.kelas-penentu-dan-versi-serentak,unit.o009.original.bridge.regular-conditional-probability,4,original/03-probabilitas-bersyarat-reguler.html,kelas-penentu-dan-versi-serentak,built,rights.o009.original.bridge.regular-conditional-probability.cc-by-4.0
unit.o009.original.bridge.regular-conditional-probability.section.latihan-penguasaan-probabilitas-bersyarat-reguler,unit.o009.original.bridge.regular-conditional-probability,10,original/03-probabilitas-bersyarat-reguler.html,latihan-penguasaan-probabilitas-bersyarat-reguler,built,rights.o009.original.bridge.regular-conditional-probability.cc-by-4.0
unit.o009.original.bridge.regular-conditional-probability.section.nilai-pada-titik-pengondisian-nol,unit.o009.original.bridge.regular-conditional-probability,7,original/03-probabilitas-bersyarat-reguler.html,nilai-pada-titik-pengondisian-nol,built,rights.o009.original.bridge.regular-conditional-probability.cc-by-4.0
unit.o009.original.bridge.regular-conditional-probability.section.pengondisian-pada-peubah-acak,unit.o009.original.bridge.regular-conditional-probability,5,original/03-probabilitas-bersyarat-reguler.html,pengondisian-pada-peubah-acak,built,rights.o009.original.bridge.regular-conditional-probability.cc-by-4.0
unit.o009.original.bridge.regular-conditional-probability.section.probabilitas-bersyarat-seluruh-eksperimen,unit.o009.original.bridge.regular-conditional-probability,8,original/03-probabilitas-bersyarat-reguler.html,probabilitas-bersyarat-seluruh-eksperimen,built,rights.o009.original.bridge.regular-conditional-probability.cc-by-4.0
unit.o009.original.bridge.regular-conditional-probability.section.rumus-disintegrasi-dan-kepadatan,unit.o009.original.bridge.regular-conditional-probability,6,original/03-probabilitas-bersyarat-reguler.html,rumus-disintegrasi-dan-kepadatan,built,rights.o009.original.bridge.regular-conditional-probability.cc-by-4.0
unit.o009.original.bridge.regular-conditional-probability.section.tujuan-dan-kesenjangan-versi,unit.o009.original.bridge.regular-conditional-probability,1,original/03-probabilitas-bersyarat-reguler.html,tujuan-dan-kesenjangan-versi,built,rights.o009.original.bridge.regular-conditional-probability.cc-by-4.0
unit.o009.original.brown.bridge.mastery,unit.o009.random.brown.bridge,10020,brown/Bridge.html,brown-bridge-mastery,authored,rights.o009.brown-bridge-original.cc-by-4.0
unit.o009.original.brown.bridge.mastery.exercise,unit.o009.original.brown.bridge.mastery,2,brown/Bridge.html,brown-bridge-mastery-exercise,authored,rights.o009.brown-bridge-original.cc-by-4.0
unit.o009.original.brown.bridge.mastery.hint,unit.o009.original.brown.bridge.mastery,3,brown/Bridge.html,brown-bridge-mastery-hint,authored,rights.o009.brown-bridge-original.cc-by-4.0
unit.o009.original.brown.bridge.mastery.process-limit-warning,unit.o009.original.brown.bridge.mastery,1,brown/Bridge.html,brown-bridge-process-limit-warning,authored,rights.o009.brown-bridge-original.cc-by-4.0
unit.o009.original.brown.bridge.mastery.solution,unit.o009.original.brown.bridge.mastery,4,brown/Bridge.html,brown-bridge-mastery-solution,authored,rights.o009.brown-bridge-original.cc-by-4.0
unit.o009.original.brown.bridge.offline-lab,unit.o009.random.brown.bridge,10010,brown/Bridge.html,brown-bridge-offline-lab,authored,rights.o009.brown-bridge-original.cc-by-4.0
unit.o009.original.brown.drift.mastery,unit.o009.random.brown.drift,10020,brown/Drift.html,brown-drift-mastery,authored,rights.o009.brown-drift-original.cc-by-4.0
unit.o009.original.brown.drift.mastery.exercise,unit.o009.original.brown.drift.mastery,1,brown/Drift.html,brown-drift-mastery-exercise,authored,rights.o009.brown-drift-original.cc-by-4.0
unit.o009.original.brown.drift.mastery.hint,unit.o009.original.brown.drift.mastery,2,brown/Drift.html,brown-drift-mastery-hint,authored,rights.o009.brown-drift-original.cc-by-4.0
unit.o009.original.brown.drift.mastery.solution,unit.o009.original.brown.drift.mastery,3,brown/Drift.html,brown-drift-mastery-solution,authored,rights.o009.brown-drift-original.cc-by-4.0
unit.o009.original.brown.drift.offline-lab,unit.o009.random.brown.drift,10010,brown/Drift.html,brown-drift-offline-lab,authored,rights.o009.brown-drift-original.cc-by-4.0
unit.o009.original.brown.drift.strong-markov-proof,unit.o009.random.brown.drift.mar3,10000,brown/Drift.html,brown-drift-strong-markov-proof,authored,rights.o009.brown-drift-original.cc-by-4.0
unit.o009.original.brown.geometric.mastery,unit.o009.random.brown.geometric,10020,brown/Geometric.html,geometric-brownian-mastery,authored,rights.o009.brown-geometric-original.cc-by-4.0
unit.o009.original.brown.geometric.mastery.exercise,unit.o009.original.brown.geometric.mastery,1,brown/Geometric.html,geometric-brownian-mastery-exercise,authored,rights.o009.brown-geometric-original.cc-by-4.0
unit.o009.original.brown.geometric.mastery.hint,unit.o009.original.brown.geometric.mastery,2,brown/Geometric.html,geometric-brownian-mastery-hint,authored,rights.o009.brown-geometric-original.cc-by-4.0
unit.o009.original.brown.geometric.mastery.solution,unit.o009.original.brown.geometric.mastery,3,brown/Geometric.html,geometric-brownian-mastery-solution,authored,rights.o009.brown-geometric-original.cc-by-4.0
unit.o009.original.brown.geometric.offline-lab,unit.o009.random.brown.geometric,10010,brown/Geometric.html,geometric-brownian-offline-lab,authored,rights.o009.brown-geometric-original.cc-by-4.0
unit.o009.original.brown.standard.exercise-solution,unit.o009.random.brown.standard.div-050,10000,brown/Standard.html,brown-standard-exercise-solution,authored,rights.o009.original.cc-by-4.0
unit.o009.original.brown.standard.lil1-consequence,unit.o009.random.brown.standard.lil1,10000,brown/Standard.html,lil1-consequence,authored,rights.o009.original.cc-by-4.0
unit.o009.original.markov.two-state-simulator,course.o009.d30,20,apps/two-state.html,two-state-main,authored,rights.o009.two-state-app.cc-by-4.0
unit.o009.original.mastery.brown.05,unit.o009.original.mastery.brown.05-06,1,source/mastery/13-brown-05-06.md,unit.o009.original.mastery.brown.05,authored,rights.o009.original.mastery.brown.05-06.cc-by-4.0
unit.o009.original.mastery.brown.05-06,course.o009.d30,1,source/mastery/13-brown-05-06.md,unit.o009.original.mastery.brown.05-06,authored,rights.o009.original.mastery.brown.05-06.cc-by-4.0
unit.o009.original.mastery.brown.05-06.rights-and-provenance,unit.o009.original.mastery.brown.05-06,3,source/mastery/13-brown-05-06.md,unit.o009.original.mastery.brown.05-06.rights-and-provenance,authored,rights.o009.original.mastery.brown.05-06.cc-by-4.0
unit.o009.original.mastery.brown.05.answer,unit.o009.original.mastery.brown.05,7,source/mastery/13-brown-05-06.md,unit.o009.original.mastery.brown.05.answer,authored,rights.o009.original.mastery.brown.05-06.cc-by-4.0
unit.o009.original.mastery.brown.05.exercise,unit.o009.original.mastery.brown.05,3,source/mastery/13-brown-05-06.md,unit.o009.original.mastery.brown.05.exercise,authored,rights.o009.original.mastery.brown.05-06.cc-by-4.0
unit.o009.original.mastery.brown.05.hint.01,unit.o009.original.mastery.brown.05,4,source/mastery/13-brown-05-06.md,unit.o009.original.mastery.brown.05.hint.01,authored,rights.o009.original.mastery.brown.05-06.cc-by-4.0
unit.o009.original.mastery.brown.05.hint.02,unit.o009.original.mastery.brown.05,5,source/mastery/13-brown-05-06.md,unit.o009.original.mastery.brown.05.hint.02,authored,rights.o009.original.mastery.brown.05-06.cc-by-4.0
unit.o009.original.mastery.brown.05.hint.03,unit.o009.original.mastery.brown.05,6,source/mastery/13-brown-05-06.md,unit.o009.original.mastery.brown.05.hint.03,authored,rights.o009.original.mastery.brown.05-06.cc-by-4.0
unit.o009.original.mastery.brown.05.outcomes,unit.o009.original.mastery.brown.05,2,source/mastery/13-brown-05-06.md,unit.o009.original.mastery.brown.05.outcomes,authored,rights.o009.original.mastery.brown.05-06.cc-by-4.0
unit.o009.original.mastery.brown.05.prerequisites,unit.o009.original.mastery.brown.05,1,source/mastery/13-brown-05-06.md,unit.o009.original.mastery.brown.05.prerequisites,authored,rights.o009.original.mastery.brown.05-06.cc-by-4.0
unit.o009.original.mastery.brown.05.rights-and-provenance,unit.o009.original.mastery.brown.05,9,source/mastery/13-brown-05-06.md,unit.o009.original.mastery.brown.05.rights-and-provenance,authored,rights.o009.original.mastery.brown.05-06.cc-by-4.0
unit.o009.original.mastery.brown.05.solution,unit.o009.original.mastery.brown.05,8,source/mastery/13-brown-05-06.md,unit.o009.original.mastery.brown.05.solution,authored,rights.o009.original.mastery.brown.05-06.cc-by-4.0
unit.o009.original.mastery.brown.06,unit.o009.original.mastery.brown.05-06,2,source/mastery/13-brown-05-06.md,unit.o009.original.mastery.brown.06,authored,rights.o009.original.mastery.brown.05-06.cc-by-4.0
unit.o009.original.mastery.brown.06.answer,unit.o009.original.mastery.brown.06,7,source/mastery/13-brown-05-06.md,unit.o009.original.mastery.brown.06.answer,authored,rights.o009.original.mastery.brown.05-06.cc-by-4.0
unit.o009.original.mastery.brown.06.exercise,unit.o009.original.mastery.brown.06,3,source/mastery/13-brown-05-06.md,unit.o009.original.mastery.brown.06.exercise,authored,rights.o009.original.mastery.brown.05-06.cc-by-4.0
unit.o009.original.mastery.brown.06.hint.01,unit.o009.original.mastery.brown.06,4,source/mastery/13-brown-05-06.md,unit.o009.original.mastery.brown.06.hint.01,authored,rights.o009.original.mastery.brown.05-06.cc-by-4.0
unit.o009.original.mastery.brown.06.hint.02,unit.o009.original.mastery.brown.06,5,source/mastery/13-brown-05-06.md,unit.o009.original.mastery.brown.06.hint.02,authored,rights.o009.original.mastery.brown.05-06.cc-by-4.0
unit.o009.original.mastery.brown.06.hint.03,unit.o009.original.mastery.brown.06,6,source/mastery/13-brown-05-06.md,unit.o009.original.mastery.brown.06.hint.03,authored,rights.o009.original.mastery.brown.05-06.cc-by-4.0
unit.o009.original.mastery.brown.06.outcomes,unit.o009.original.mastery.brown.06,2,source/mastery/13-brown-05-06.md,unit.o009.original.mastery.brown.06.outcomes,authored,rights.o009.original.mastery.brown.05-06.cc-by-4.0
unit.o009.original.mastery.brown.06.prerequisites,unit.o009.original.mastery.brown.06,1,source/mastery/13-brown-05-06.md,unit.o009.original.mastery.brown.06.prerequisites,authored,rights.o009.original.mastery.brown.05-06.cc-by-4.0
unit.o009.original.mastery.brown.06.rights-and-provenance,unit.o009.original.mastery.brown.06,9,source/mastery/13-brown-05-06.md,unit.o009.original.mastery.brown.06.rights-and-provenance,authored,rights.o009.original.mastery.brown.05-06.cc-by-4.0
unit.o009.original.mastery.brown.06.solution,unit.o009.original.mastery.brown.06,8,source/mastery/13-brown-05-06.md,unit.o009.original.mastery.brown.06.solution,authored,rights.o009.original.mastery.brown.05-06.cc-by-4.0
unit.o009.original.mastery.brown.07,course.o009.d30,1,source/mastery/14-brown-07.md,unit.o009.original.mastery.brown.07,authored,rights.o009.original.mastery.brown.07.cc-by-4.0
unit.o009.original.mastery.brown.07.answer,unit.o009.original.mastery.brown.07,7,source/mastery/14-brown-07.md,unit.o009.original.mastery.brown.07.answer,authored,rights.o009.original.mastery.brown.07.cc-by-4.0
unit.o009.original.mastery.brown.07.exercise,unit.o009.original.mastery.brown.07,3,source/mastery/14-brown-07.md,unit.o009.original.mastery.brown.07.exercise,authored,rights.o009.original.mastery.brown.07.cc-by-4.0
unit.o009.original.mastery.brown.07.hint.01,unit.o009.original.mastery.brown.07,4,source/mastery/14-brown-07.md,unit.o009.original.mastery.brown.07.hint.01,authored,rights.o009.original.mastery.brown.07.cc-by-4.0
unit.o009.original.mastery.brown.07.hint.02,unit.o009.original.mastery.brown.07,5,source/mastery/14-brown-07.md,unit.o009.original.mastery.brown.07.hint.02,authored,rights.o009.original.mastery.brown.07.cc-by-4.0
unit.o009.original.mastery.brown.07.hint.03,unit.o009.original.mastery.brown.07,6,source/mastery/14-brown-07.md,unit.o009.original.mastery.brown.07.hint.03,authored,rights.o009.original.mastery.brown.07.cc-by-4.0
unit.o009.original.mastery.brown.07.outcomes,unit.o009.original.mastery.brown.07,2,source/mastery/14-brown-07.md,unit.o009.original.mastery.brown.07.outcomes,authored,rights.o009.original.mastery.brown.07.cc-by-4.0
unit.o009.original.mastery.brown.07.prerequisites,unit.o009.original.mastery.brown.07,1,source/mastery/14-brown-07.md,unit.o009.original.mastery.brown.07.prerequisites,authored,rights.o009.original.mastery.brown.07.cc-by-4.0
unit.o009.original.mastery.brown.07.rights-provenance,unit.o009.original.mastery.brown.07,9,source/mastery/14-brown-07.md,unit.o009.original.mastery.brown.07.rights-provenance,authored,rights.o009.original.mastery.brown.07.cc-by-4.0
unit.o009.original.mastery.brown.07.solution,unit.o009.original.mastery.brown.07,8,source/mastery/14-brown-07.md,unit.o009.original.mastery.brown.07.solution,authored,rights.o009.original.mastery.brown.07.cc-by-4.0
unit.o009.original.mastery.hypothesis-audits.01,unit.o009.original.bridge.hypothesis-audits.section.latihan-penguasaan-audit-hipotesis,1,original/04-audit-hipotesis-proses-stokastik.html,unit.o009.original.mastery.hypothesis-audits.01,built,rights.o009.original.bridge.hypothesis-audits.cc-by-4.0
unit.o009.original.mastery.hypothesis-audits.01.answer,unit.o009.original.mastery.hypothesis-audits.01,4,original/04-audit-hipotesis-proses-stokastik.html,unit.o009.original.mastery.hypothesis-audits.01.answer,built,rights.o009.original.bridge.hypothesis-audits.cc-by-4.0
unit.o009.original.mastery.hypothesis-audits.01.exercise,unit.o009.original.mastery.hypothesis-audits.01,1,original/04-audit-hipotesis-proses-stokastik.html,unit.o009.original.mastery.hypothesis-audits.01.exercise,built,rights.o009.original.bridge.hypothesis-audits.cc-by-4.0
unit.o009.original.mastery.hypothesis-audits.01.hint.01,unit.o009.original.mastery.hypothesis-audits.01,2,original/04-audit-hipotesis-proses-stokastik.html,unit.o009.original.mastery.hypothesis-audits.01.hint.01,built,rights.o009.original.bridge.hypothesis-audits.cc-by-4.0
unit.o009.original.mastery.hypothesis-audits.01.hint.02,unit.o009.original.mastery.hypothesis-audits.01,3,original/04-audit-hipotesis-proses-stokastik.html,unit.o009.original.mastery.hypothesis-audits.01.hint.02,built,rights.o009.original.bridge.hypothesis-audits.cc-by-4.0
unit.o009.original.mastery.hypothesis-audits.01.solution,unit.o009.original.mastery.hypothesis-audits.01,5,original/04-audit-hipotesis-proses-stokastik.html,unit.o009.original.mastery.hypothesis-audits.01.solution,built,rights.o009.original.bridge.hypothesis-audits.cc-by-4.0
unit.o009.original.mastery.hypothesis-audits.02,unit.o009.original.bridge.hypothesis-audits.section.latihan-penguasaan-audit-hipotesis,2,original/04-audit-hipotesis-proses-stokastik.html,unit.o009.original.mastery.hypothesis-audits.02,built,rights.o009.original.bridge.hypothesis-audits.cc-by-4.0
unit.o009.original.mastery.hypothesis-audits.02.answer,unit.o009.original.mastery.hypothesis-audits.02,4,original/04-audit-hipotesis-proses-stokastik.html,unit.o009.original.mastery.hypothesis-audits.02.answer,built,rights.o009.original.bridge.hypothesis-audits.cc-by-4.0
unit.o009.original.mastery.hypothesis-audits.02.exercise,unit.o009.original.mastery.hypothesis-audits.02,1,original/04-audit-hipotesis-proses-stokastik.html,unit.o009.original.mastery.hypothesis-audits.02.exercise,built,rights.o009.original.bridge.hypothesis-audits.cc-by-4.0
unit.o009.original.mastery.hypothesis-audits.02.hint.01,unit.o009.original.mastery.hypothesis-audits.02,2,original/04-audit-hipotesis-proses-stokastik.html,unit.o009.original.mastery.hypothesis-audits.02.hint.01,built,rights.o009.original.bridge.hypothesis-audits.cc-by-4.0
unit.o009.original.mastery.hypothesis-audits.02.hint.02,unit.o009.original.mastery.hypothesis-audits.02,3,original/04-audit-hipotesis-proses-stokastik.html,unit.o009.original.mastery.hypothesis-audits.02.hint.02,built,rights.o009.original.bridge.hypothesis-audits.cc-by-4.0
unit.o009.original.mastery.hypothesis-audits.02.solution,unit.o009.original.mastery.hypothesis-audits.02,5,original/04-audit-hipotesis-proses-stokastik.html,unit.o009.original.mastery.hypothesis-audits.02.solution,built,rights.o009.original.bridge.hypothesis-audits.cc-by-4.0
unit.o009.original.mastery.hypothesis-audits.03,unit.o009.original.bridge.hypothesis-audits.section.latihan-penguasaan-audit-hipotesis,3,original/04-audit-hipotesis-proses-stokastik.html,unit.o009.original.mastery.hypothesis-audits.03,built,rights.o009.original.bridge.hypothesis-audits.cc-by-4.0
unit.o009.original.mastery.hypothesis-audits.03.answer,unit.o009.original.mastery.hypothesis-audits.03,4,original/04-audit-hipotesis-proses-stokastik.html,unit.o009.original.mastery.hypothesis-audits.03.answer,built,rights.o009.original.bridge.hypothesis-audits.cc-by-4.0
unit.o009.original.mastery.hypothesis-audits.03.exercise,unit.o009.original.mastery.hypothesis-audits.03,1,original/04-audit-hipotesis-proses-stokastik.html,unit.o009.original.mastery.hypothesis-audits.03.exercise,built,rights.o009.original.bridge.hypothesis-audits.cc-by-4.0
unit.o009.original.mastery.hypothesis-audits.03.hint.01,unit.o009.original.mastery.hypothesis-audits.03,2,original/04-audit-hipotesis-proses-stokastik.html,unit.o009.original.mastery.hypothesis-audits.03.hint.01,built,rights.o009.original.bridge.hypothesis-audits.cc-by-4.0
unit.o009.original.mastery.hypothesis-audits.03.hint.02,unit.o009.original.mastery.hypothesis-audits.03,3,original/04-audit-hipotesis-proses-stokastik.html,unit.o009.original.mastery.hypothesis-audits.03.hint.02,built,rights.o009.original.bridge.hypothesis-audits.cc-by-4.0
unit.o009.original.mastery.hypothesis-audits.03.solution,unit.o009.original.mastery.hypothesis-audits.03,5,original/04-audit-hipotesis-proses-stokastik.html,unit.o009.original.mastery.hypothesis-audits.03.solution,built,rights.o009.original.bridge.hypothesis-audits.cc-by-4.0
unit.o009.original.mastery.martingales.01,unit.o009.original.mastery.martingales.01-02,2,source/mastery/06-martingal-01-02.md,unit.o009.original.mastery.martingales.01,authored,rights.o009.original.mastery.martingales.01-02.cc-by-4.0
unit.o009.original.mastery.martingales.01-02,course.o009.d30,1,source/mastery/06-martingal-01-02.md,unit.o009.original.mastery.martingales.01-02,authored,rights.o009.original.mastery.martingales.01-02.cc-by-4.0
unit.o009.original.mastery.martingales.01-02.bindings,unit.o009.original.mastery.martingales.01-02,1,source/mastery/06-martingal-01-02.md,unit.o009.original.mastery.martingales.01-02.bindings,authored,rights.o009.original.mastery.martingales.01-02.cc-by-4.0
unit.o009.original.mastery.martingales.01-02.rights,unit.o009.original.mastery.martingales.01-02,4,source/mastery/06-martingal-01-02.md,unit.o009.original.mastery.martingales.01-02.rights,authored,rights.o009.original.mastery.martingales.01-02.cc-by-4.0
unit.o009.original.mastery.martingales.01.answer,unit.o009.original.mastery.martingales.01,5,source/mastery/06-martingal-01-02.md,unit.o009.original.mastery.martingales.01.answer,authored,rights.o009.original.mastery.martingales.01-02.cc-by-4.0
unit.o009.original.mastery.martingales.01.exercise,unit.o009.original.mastery.martingales.01,1,source/mastery/06-martingal-01-02.md,unit.o009.original.mastery.martingales.01.exercise,authored,rights.o009.original.mastery.martingales.01-02.cc-by-4.0
unit.o009.original.mastery.martingales.01.hint.01,unit.o009.original.mastery.martingales.01,2,source/mastery/06-martingal-01-02.md,unit.o009.original.mastery.martingales.01.hint.01,authored,rights.o009.original.mastery.martingales.01-02.cc-by-4.0
unit.o009.original.mastery.martingales.01.hint.02,unit.o009.original.mastery.martingales.01,3,source/mastery/06-martingal-01-02.md,unit.o009.original.mastery.martingales.01.hint.02,authored,rights.o009.original.mastery.martingales.01-02.cc-by-4.0
unit.o009.original.mastery.martingales.01.hint.03,unit.o009.original.mastery.martingales.01,4,source/mastery/06-martingal-01-02.md,unit.o009.original.mastery.martingales.01.hint.03,authored,rights.o009.original.mastery.martingales.01-02.cc-by-4.0
unit.o009.original.mastery.martingales.01.solution,unit.o009.original.mastery.martingales.01,6,source/mastery/06-martingal-01-02.md,unit.o009.original.mastery.martingales.01.solution,authored,rights.o009.original.mastery.martingales.01-02.cc-by-4.0
unit.o009.original.mastery.martingales.02,unit.o009.original.mastery.martingales.01-02,3,source/mastery/06-martingal-01-02.md,unit.o009.original.mastery.martingales.02,authored,rights.o009.original.mastery.martingales.01-02.cc-by-4.0
unit.o009.original.mastery.martingales.02.answer,unit.o009.original.mastery.martingales.02,5,source/mastery/06-martingal-01-02.md,unit.o009.original.mastery.martingales.02.answer,authored,rights.o009.original.mastery.martingales.01-02.cc-by-4.0
unit.o009.original.mastery.martingales.02.exercise,unit.o009.original.mastery.martingales.02,1,source/mastery/06-martingal-01-02.md,unit.o009.original.mastery.martingales.02.exercise,authored,rights.o009.original.mastery.martingales.01-02.cc-by-4.0
unit.o009.original.mastery.martingales.02.hint.01,unit.o009.original.mastery.martingales.02,2,source/mastery/06-martingal-01-02.md,unit.o009.original.mastery.martingales.02.hint.01,authored,rights.o009.original.mastery.martingales.01-02.cc-by-4.0
unit.o009.original.mastery.martingales.02.hint.02,unit.o009.original.mastery.martingales.02,3,source/mastery/06-martingal-01-02.md,unit.o009.original.mastery.martingales.02.hint.02,authored,rights.o009.original.mastery.martingales.01-02.cc-by-4.0
unit.o009.original.mastery.martingales.02.hint.03,unit.o009.original.mastery.martingales.02,4,source/mastery/06-martingal-01-02.md,unit.o009.original.mastery.martingales.02.hint.03,authored,rights.o009.original.mastery.martingales.01-02.cc-by-4.0
unit.o009.original.mastery.martingales.02.solution,unit.o009.original.mastery.martingales.02,6,source/mastery/06-martingal-01-02.md,unit.o009.original.mastery.martingales.02.solution,authored,rights.o009.original.mastery.martingales.01-02.cc-by-4.0
unit.o009.original.mastery.measurability-path-law.01,unit.o009.original.bridge.process-measurability-path-law.section.latihan-penguasaan-keterukuran,1,original/02-keterukuran-proses-dan-hukum-lintasan.html,unit.o009.original.mastery.measurability-path-law.01,built,rights.o009.original.bridge.process-measurability-path-law.cc-by-4.0
unit.o009.original.mastery.measurability-path-law.01.answer,unit.o009.original.mastery.measurability-path-law.01,4,original/02-keterukuran-proses-dan-hukum-lintasan.html,unit.o009.original.mastery.measurability-path-law.01.answer,built,rights.o009.original.bridge.process-measurability-path-law.cc-by-4.0
unit.o009.original.mastery.measurability-path-law.01.exercise,unit.o009.original.mastery.measurability-path-law.01,1,original/02-keterukuran-proses-dan-hukum-lintasan.html,unit.o009.original.mastery.measurability-path-law.01.exercise,built,rights.o009.original.bridge.process-measurability-path-law.cc-by-4.0
unit.o009.original.mastery.measurability-path-law.01.hint.01,unit.o009.original.mastery.measurability-path-law.01,2,original/02-keterukuran-proses-dan-hukum-lintasan.html,unit.o009.original.mastery.measurability-path-law.01.hint.01,built,rights.o009.original.bridge.process-measurability-path-law.cc-by-4.0
unit.o009.original.mastery.measurability-path-law.01.hint.02,unit.o009.original.mastery.measurability-path-law.01,3,original/02-keterukuran-proses-dan-hukum-lintasan.html,unit.o009.original.mastery.measurability-path-law.01.hint.02,built,rights.o009.original.bridge.process-measurability-path-law.cc-by-4.0
unit.o009.original.mastery.measurability-path-law.01.solution,unit.o009.original.mastery.measurability-path-law.01,5,original/02-keterukuran-proses-dan-hukum-lintasan.html,unit.o009.original.mastery.measurability-path-law.01.solution,built,rights.o009.original.bridge.process-measurability-path-law.cc-by-4.0
unit.o009.original.mastery.measurability-path-law.02,unit.o009.original.bridge.process-measurability-path-law.section.latihan-penguasaan-keterukuran,2,original/02-keterukuran-proses-dan-hukum-lintasan.html,unit.o009.original.mastery.measurability-path-law.02,built,rights.o009.original.bridge.process-measurability-path-law.cc-by-4.0
unit.o009.original.mastery.measurability-path-law.02.answer,unit.o009.original.mastery.measurability-path-law.02,4,original/02-keterukuran-proses-dan-hukum-lintasan.html,unit.o009.original.mastery.measurability-path-law.02.answer,built,rights.o009.original.bridge.process-measurability-path-law.cc-by-4.0
unit.o009.original.mastery.measurability-path-law.02.exercise,unit.o009.original.mastery.measurability-path-law.02,1,original/02-keterukuran-proses-dan-hukum-lintasan.html,unit.o009.original.mastery.measurability-path-law.02.exercise,built,rights.o009.original.bridge.process-measurability-path-law.cc-by-4.0
unit.o009.original.mastery.measurability-path-law.02.hint.01,unit.o009.original.mastery.measurability-path-law.02,2,original/02-keterukuran-proses-dan-hukum-lintasan.html,unit.o009.original.mastery.measurability-path-law.02.hint.01,built,rights.o009.original.bridge.process-measurability-path-law.cc-by-4.0
unit.o009.original.mastery.measurability-path-law.02.hint.02,unit.o009.original.mastery.measurability-path-law.02,3,original/02-keterukuran-proses-dan-hukum-lintasan.html,unit.o009.original.mastery.measurability-path-law.02.hint.02,built,rights.o009.original.bridge.process-measurability-path-law.cc-by-4.0
unit.o009.original.mastery.measurability-path-law.02.solution,unit.o009.original.mastery.measurability-path-law.02,5,original/02-keterukuran-proses-dan-hukum-lintasan.html,unit.o009.original.mastery.measurability-path-law.02.solution,built,rights.o009.original.bridge.process-measurability-path-law.cc-by-4.0
unit.o009.original.mastery.measurability-path-law.03,unit.o009.original.bridge.process-measurability-path-law.section.latihan-penguasaan-keterukuran,3,original/02-keterukuran-proses-dan-hukum-lintasan.html,unit.o009.original.mastery.measurability-path-law.03,built,rights.o009.original.bridge.process-measurability-path-law.cc-by-4.0
unit.o009.original.mastery.measurability-path-law.03.answer,unit.o009.original.mastery.measurability-path-law.03,4,original/02-keterukuran-proses-dan-hukum-lintasan.html,unit.o009.original.mastery.measurability-path-law.03.answer,built,rights.o009.original.bridge.process-measurability-path-law.cc-by-4.0
unit.o009.original.mastery.measurability-path-law.03.exercise,unit.o009.original.mastery.measurability-path-law.03,1,original/02-keterukuran-proses-dan-hukum-lintasan.html,unit.o009.original.mastery.measurability-path-law.03.exercise,built,rights.o009.original.bridge.process-measurability-path-law.cc-by-4.0
unit.o009.original.mastery.measurability-path-law.03.hint.01,unit.o009.original.mastery.measurability-path-law.03,2,original/02-keterukuran-proses-dan-hukum-lintasan.html,unit.o009.original.mastery.measurability-path-law.03.hint.01,built,rights.o009.original.bridge.process-measurability-path-law.cc-by-4.0
unit.o009.original.mastery.measurability-path-law.03.hint.02,unit.o009.original.mastery.measurability-path-law.03,3,original/02-keterukuran-proses-dan-hukum-lintasan.html,unit.o009.original.mastery.measurability-path-law.03.hint.02,built,rights.o009.original.bridge.process-measurability-path-law.cc-by-4.0
unit.o009.original.mastery.measurability-path-law.03.solution,unit.o009.original.mastery.measurability-path-law.03,5,original/02-keterukuran-proses-dan-hukum-lintasan.html,unit.o009.original.mastery.measurability-path-law.03.solution,built,rights.o009.original.bridge.process-measurability-path-law.cc-by-4.0
unit.o009.original.mastery.poisson-construction.01,course.o009.d30,1,source/mastery/09-poisson-konstruksi-01.md,unit.o009.original.mastery.poisson-construction.01,authored,rights.o009.original.mastery.poisson-construction.01.cc-by-4.0
unit.o009.original.mastery.poisson-construction.01.answer,unit.o009.original.mastery.poisson-construction.01,6,source/mastery/09-poisson-konstruksi-01.md,unit.o009.original.mastery.poisson-construction.01.answer,authored,rights.o009.original.mastery.poisson-construction.01.cc-by-4.0
unit.o009.original.mastery.poisson-construction.01.exercise,unit.o009.original.mastery.poisson-construction.01,2,source/mastery/09-poisson-konstruksi-01.md,unit.o009.original.mastery.poisson-construction.01.exercise,authored,rights.o009.original.mastery.poisson-construction.01.cc-by-4.0
unit.o009.original.mastery.poisson-construction.01.hint.01,unit.o009.original.mastery.poisson-construction.01,3,source/mastery/09-poisson-konstruksi-01.md,unit.o009.original.mastery.poisson-construction.01.hint.01,authored,rights.o009.original.mastery.poisson-construction.01.cc-by-4.0
unit.o009.original.mastery.poisson-construction.01.hint.02,unit.o009.original.mastery.poisson-construction.01,4,source/mastery/09-poisson-konstruksi-01.md,unit.o009.original.mastery.poisson-construction.01.hint.02,authored,rights.o009.original.mastery.poisson-construction.01.cc-by-4.0
unit.o009.original.mastery.poisson-construction.01.hint.03,unit.o009.original.mastery.poisson-construction.01,5,source/mastery/09-poisson-konstruksi-01.md,unit.o009.original.mastery.poisson-construction.01.hint.03,authored,rights.o009.original.mastery.poisson-construction.01.cc-by-4.0
unit.o009.original.mastery.poisson-construction.01.prerequisites-outcomes,unit.o009.original.mastery.poisson-construction.01,1,source/mastery/09-poisson-konstruksi-01.md,unit.o009.original.mastery.poisson-construction.01.prerequisites-outcomes,authored,rights.o009.original.mastery.poisson-construction.01.cc-by-4.0
unit.o009.original.mastery.poisson-construction.01.rights-provenance,unit.o009.original.mastery.poisson-construction.01,8,source/mastery/09-poisson-konstruksi-01.md,unit.o009.original.mastery.poisson-construction.01.rights-provenance,authored,rights.o009.original.mastery.poisson-construction.01.cc-by-4.0
unit.o009.original.mastery.poisson-construction.01.solution,unit.o009.original.mastery.poisson-construction.01,7,source/mastery/09-poisson-konstruksi-01.md,unit.o009.original.mastery.poisson-construction.01.solution,authored,rights.o009.original.mastery.poisson-construction.01.cc-by-4.0
unit.o009.original.mastery.process-construction.01,unit.o009.original.bridge.kolmogorov-canonical-process.section.latihan-penguasaan,1,original/01-konstruksi-kolmogorov.html,unit.o009.original.mastery.process-construction.01,built,rights.o009.original.bridge.kolmogorov.cc-by-4.0
unit.o009.original.mastery.process-construction.01.answer,unit.o009.original.mastery.process-construction.01,4,original/01-konstruksi-kolmogorov.html,unit.o009.original.mastery.process-construction.01.answer,built,rights.o009.original.bridge.kolmogorov.cc-by-4.0
unit.o009.original.mastery.process-construction.01.exercise,unit.o009.original.mastery.process-construction.01,1,original/01-konstruksi-kolmogorov.html,unit.o009.original.mastery.process-construction.01.exercise,built,rights.o009.original.bridge.kolmogorov.cc-by-4.0
unit.o009.original.mastery.process-construction.01.hint.01,unit.o009.original.mastery.process-construction.01,2,original/01-konstruksi-kolmogorov.html,unit.o009.original.mastery.process-construction.01.hint.01,built,rights.o009.original.bridge.kolmogorov.cc-by-4.0
unit.o009.original.mastery.process-construction.01.hint.02,unit.o009.original.mastery.process-construction.01,3,original/01-konstruksi-kolmogorov.html,unit.o009.original.mastery.process-construction.01.hint.02,built,rights.o009.original.bridge.kolmogorov.cc-by-4.0
unit.o009.original.mastery.process-construction.01.solution,unit.o009.original.mastery.process-construction.01,5,original/01-konstruksi-kolmogorov.html,unit.o009.original.mastery.process-construction.01.solution,built,rights.o009.original.bridge.kolmogorov.cc-by-4.0
unit.o009.original.mastery.process-construction.02,unit.o009.original.bridge.kolmogorov-canonical-process.section.latihan-penguasaan,2,original/01-konstruksi-kolmogorov.html,unit.o009.original.mastery.process-construction.02,built,rights.o009.original.bridge.kolmogorov.cc-by-4.0
unit.o009.original.mastery.process-construction.02.answer,unit.o009.original.mastery.process-construction.02,4,original/01-konstruksi-kolmogorov.html,unit.o009.original.mastery.process-construction.02.answer,built,rights.o009.original.bridge.kolmogorov.cc-by-4.0
unit.o009.original.mastery.process-construction.02.exercise,unit.o009.original.mastery.process-construction.02,1,original/01-konstruksi-kolmogorov.html,unit.o009.original.mastery.process-construction.02.exercise,built,rights.o009.original.bridge.kolmogorov.cc-by-4.0
unit.o009.original.mastery.process-construction.02.hint.01,unit.o009.original.mastery.process-construction.02,2,original/01-konstruksi-kolmogorov.html,unit.o009.original.mastery.process-construction.02.hint.01,built,rights.o009.original.bridge.kolmogorov.cc-by-4.0
unit.o009.original.mastery.process-construction.02.hint.02,unit.o009.original.mastery.process-construction.02,3,original/01-konstruksi-kolmogorov.html,unit.o009.original.mastery.process-construction.02.hint.02,built,rights.o009.original.bridge.kolmogorov.cc-by-4.0
unit.o009.original.mastery.process-construction.02.solution,unit.o009.original.mastery.process-construction.02,5,original/01-konstruksi-kolmogorov.html,unit.o009.original.mastery.process-construction.02.solution,built,rights.o009.original.bridge.kolmogorov.cc-by-4.0
unit.o009.original.mastery.process-construction.03,unit.o009.original.bridge.kolmogorov-canonical-process.section.latihan-penguasaan,3,original/01-konstruksi-kolmogorov.html,unit.o009.original.mastery.process-construction.03,built,rights.o009.original.bridge.kolmogorov.cc-by-4.0
unit.o009.original.mastery.process-construction.03.answer,unit.o009.original.mastery.process-construction.03,4,original/01-konstruksi-kolmogorov.html,unit.o009.original.mastery.process-construction.03.answer,built,rights.o009.original.bridge.kolmogorov.cc-by-4.0
unit.o009.original.mastery.process-construction.03.exercise,unit.o009.original.mastery.process-construction.03,1,original/01-konstruksi-kolmogorov.html,unit.o009.original.mastery.process-construction.03.exercise,built,rights.o009.original.bridge.kolmogorov.cc-by-4.0
unit.o009.original.mastery.process-construction.03.hint.01,unit.o009.original.mastery.process-construction.03,2,original/01-konstruksi-kolmogorov.html,unit.o009.original.mastery.process-construction.03.hint.01,built,rights.o009.original.bridge.kolmogorov.cc-by-4.0
unit.o009.original.mastery.process-construction.03.hint.02,unit.o009.original.mastery.process-construction.03,3,original/01-konstruksi-kolmogorov.html,unit.o009.original.mastery.process-construction.03.hint.02,built,rights.o009.original.bridge.kolmogorov.cc-by-4.0
unit.o009.original.mastery.process-construction.03.solution,unit.o009.original.mastery.process-construction.03,5,original/01-konstruksi-kolmogorov.html,unit.o009.original.mastery.process-construction.03.solution,built,rights.o009.original.bridge.kolmogorov.cc-by-4.0
unit.o009.original.mastery.regular-conditional-probability.01,unit.o009.original.bridge.regular-conditional-probability.section.latihan-penguasaan-probabilitas-bersyarat-reguler,1,original/03-probabilitas-bersyarat-reguler.html,unit.o009.original.mastery.regular-conditional-probability.01,built,rights.o009.original.bridge.regular-conditional-probability.cc-by-4.0
unit.o009.original.mastery.regular-conditional-probability.01.answer,unit.o009.original.mastery.regular-conditional-probability.01,4,original/03-probabilitas-bersyarat-reguler.html,unit.o009.original.mastery.regular-conditional-probability.01.answer,built,rights.o009.original.bridge.regular-conditional-probability.cc-by-4.0
unit.o009.original.mastery.regular-conditional-probability.01.exercise,unit.o009.original.mastery.regular-conditional-probability.01,1,original/03-probabilitas-bersyarat-reguler.html,unit.o009.original.mastery.regular-conditional-probability.01.exercise,built,rights.o009.original.bridge.regular-conditional-probability.cc-by-4.0
unit.o009.original.mastery.regular-conditional-probability.01.hint.01,unit.o009.original.mastery.regular-conditional-probability.01,2,original/03-probabilitas-bersyarat-reguler.html,unit.o009.original.mastery.regular-conditional-probability.01.hint.01,built,rights.o009.original.bridge.regular-conditional-probability.cc-by-4.0
unit.o009.original.mastery.regular-conditional-probability.01.hint.02,unit.o009.original.mastery.regular-conditional-probability.01,3,original/03-probabilitas-bersyarat-reguler.html,unit.o009.original.mastery.regular-conditional-probability.01.hint.02,built,rights.o009.original.bridge.regular-conditional-probability.cc-by-4.0
unit.o009.original.mastery.regular-conditional-probability.01.solution,unit.o009.original.mastery.regular-conditional-probability.01,5,original/03-probabilitas-bersyarat-reguler.html,unit.o009.original.mastery.regular-conditional-probability.01.solution,built,rights.o009.original.bridge.regular-conditional-probability.cc-by-4.0
unit.o009.original.mastery.regular-conditional-probability.02,unit.o009.original.bridge.regular-conditional-probability.section.latihan-penguasaan-probabilitas-bersyarat-reguler,2,original/03-probabilitas-bersyarat-reguler.html,unit.o009.original.mastery.regular-conditional-probability.02,built,rights.o009.original.bridge.regular-conditional-probability.cc-by-4.0
unit.o009.original.mastery.regular-conditional-probability.02.answer,unit.o009.original.mastery.regular-conditional-probability.02,4,original/03-probabilitas-bersyarat-reguler.html,unit.o009.original.mastery.regular-conditional-probability.02.answer,built,rights.o009.original.bridge.regular-conditional-probability.cc-by-4.0
unit.o009.original.mastery.regular-conditional-probability.02.exercise,unit.o009.original.mastery.regular-conditional-probability.02,1,original/03-probabilitas-bersyarat-reguler.html,unit.o009.original.mastery.regular-conditional-probability.02.exercise,built,rights.o009.original.bridge.regular-conditional-probability.cc-by-4.0
unit.o009.original.mastery.regular-conditional-probability.02.hint.01,unit.o009.original.mastery.regular-conditional-probability.02,2,original/03-probabilitas-bersyarat-reguler.html,unit.o009.original.mastery.regular-conditional-probability.02.hint.01,built,rights.o009.original.bridge.regular-conditional-probability.cc-by-4.0
unit.o009.original.mastery.regular-conditional-probability.02.hint.02,unit.o009.original.mastery.regular-conditional-probability.02,3,original/03-probabilitas-bersyarat-reguler.html,unit.o009.original.mastery.regular-conditional-probability.02.hint.02,built,rights.o009.original.bridge.regular-conditional-probability.cc-by-4.0
unit.o009.original.mastery.regular-conditional-probability.02.solution,unit.o009.original.mastery.regular-conditional-probability.02,5,original/03-probabilitas-bersyarat-reguler.html,unit.o009.original.mastery.regular-conditional-probability.02.solution,built,rights.o009.original.bridge.regular-conditional-probability.cc-by-4.0
unit.o009.original.mastery.regular-conditional-probability.03,unit.o009.original.bridge.regular-conditional-probability.section.latihan-penguasaan-probabilitas-bersyarat-reguler,3,original/03-probabilitas-bersyarat-reguler.html,unit.o009.original.mastery.regular-conditional-probability.03,built,rights.o009.original.bridge.regular-conditional-probability.cc-by-4.0
unit.o009.original.mastery.regular-conditional-probability.03.answer,unit.o009.original.mastery.regular-conditional-probability.03,4,original/03-probabilitas-bersyarat-reguler.html,unit.o009.original.mastery.regular-conditional-probability.03.answer,built,rights.o009.original.bridge.regular-conditional-probability.cc-by-4.0
unit.o009.original.mastery.regular-conditional-probability.03.exercise,unit.o009.original.mastery.regular-conditional-probability.03,1,original/03-probabilitas-bersyarat-reguler.html,unit.o009.original.mastery.regular-conditional-probability.03.exercise,built,rights.o009.original.bridge.regular-conditional-probability.cc-by-4.0
unit.o009.original.mastery.regular-conditional-probability.03.hint.01,unit.o009.original.mastery.regular-conditional-probability.03,2,original/03-probabilitas-bersyarat-reguler.html,unit.o009.original.mastery.regular-conditional-probability.03.hint.01,built,rights.o009.original.bridge.regular-conditional-probability.cc-by-4.0
unit.o009.original.mastery.regular-conditional-probability.03.hint.02,unit.o009.original.mastery.regular-conditional-probability.03,3,original/03-probabilitas-bersyarat-reguler.html,unit.o009.original.mastery.regular-conditional-probability.03.hint.02,built,rights.o009.original.bridge.regular-conditional-probability.cc-by-4.0
unit.o009.original.mastery.regular-conditional-probability.03.solution,unit.o009.original.mastery.regular-conditional-probability.03,5,original/03-probabilitas-bersyarat-reguler.html,unit.o009.original.mastery.regular-conditional-probability.03.solution,built,rights.o009.original.bridge.regular-conditional-probability.cc-by-4.0
unit.o009.quantecon.ctmc.generators,course.o009.d30,25,quantecon/lectures/generators.html,lectures/generators.md,structurally_verified,rights.quantecon.cc-by-sa-4.0
unit.o009.quantecon.ctmc.generators.diffexpmap,unit.o009.quantecon.ctmc.generators,10,quantecon/lectures/generators.html,diffexpmap,built,rights.quantecon.cc-by-sa-4.0
unit.o009.quantecon.ctmc.generators.ecuc,unit.o009.quantecon.ctmc.generators,13,quantecon/lectures/generators.html,ecuc,built,rights.quantecon.cc-by-sa-4.0
unit.o009.quantecon.ctmc.generators.fungsi-eksponensial,unit.o009.quantecon.ctmc.generators,6,quantecon/lectures/generators.html,fungsi-eksponensial,built,rights.quantecon.cc-by-sa-4.0
unit.o009.quantecon.ctmc.generators.gambaran-umum,unit.o009.quantecon.ctmc.generators,2,quantecon/lectures/generators.html,gambaran-umum,built,rights.quantecon.cc-by-sa-4.0
unit.o009.quantecon.ctmc.generators.generator,unit.o009.quantecon.ctmc.generators,14,quantecon/lectures/generators.html,generator,built,rights.quantecon.cc-by-sa-4.0
unit.o009.quantecon.ctmc.generators.generators-ex-1,unit.o009.quantecon.ctmc.generators,18,quantecon/lectures/generators.html,generators-ex-1,built,rights.quantecon.cc-by-sa-4.0
unit.o009.quantecon.ctmc.generators.generators-ex-2,unit.o009.quantecon.ctmc.generators,20,quantecon/lectures/generators.html,generators-ex-2,built,rights.quantecon.cc-by-sa-4.0
unit.o009.quantecon.ctmc.generators.generators-ex-3,unit.o009.quantecon.ctmc.generators,22,quantecon/lectures/generators.html,generators-ex-3,built,rights.quantecon.cc-by-sa-4.0
unit.o009.quantecon.ctmc.generators.generators-prf-1,unit.o009.quantecon.ctmc.generators,8,quantecon/lectures/generators.html,generators-prf-1,built,rights.quantecon.cc-by-sa-4.0
unit.o009.quantecon.ctmc.generators.generators-prf-2,unit.o009.quantecon.ctmc.generators,9,quantecon/lectures/generators.html,generators-prf-2,built,rights.quantecon.cc-by-sa-4.0
unit.o009.quantecon.ctmc.generators.generators-solution-1,unit.o009.quantecon.ctmc.generators,19,quantecon/lectures/generators.html,generators-solution-1,built,rights.quantecon.cc-by-sa-4.0
unit.o009.quantecon.ctmc.generators.generators-solution-2,unit.o009.quantecon.ctmc.generators,21,quantecon/lectures/generators.html,generators-solution-2,built,rights.quantecon.cc-by-sa-4.0
unit.o009.quantecon.ctmc.generators.generators-solution-3,unit.o009.quantecon.ctmc.generators,23,quantecon/lectures/generators.html,generators-solution-3,built,rights.quantecon.cc-by-sa-4.0
unit.o009.quantecon.ctmc.generators.kalkulus-operator,unit.o009.quantecon.ctmc.generators,7,quantecon/lectures/generators.html,kalkulus-operator,built,rights.quantecon.cc-by-sa-4.0
unit.o009.quantecon.ctmc.generators.karakterisasi-semigrup-kontinu-seragam,unit.o009.quantecon.ctmc.generators,15,quantecon/lectures/generators.html,karakterisasi-semigrup-kontinu-seragam,built,rights.quantecon.cc-by-sa-4.0
unit.o009.quantecon.ctmc.generators.latihan,unit.o009.quantecon.ctmc.generators,17,quantecon/lectures/generators.html,latihan,built,rights.quantecon.cc-by-sa-4.0
unit.o009.quantecon.ctmc.generators.motivasi,unit.o009.quantecon.ctmc.generators,3,quantecon/lectures/generators.html,motivasi,built,rights.quantecon.cc-by-sa-4.0
unit.o009.quantecon.ctmc.generators.pendahuluan-teknis,unit.o009.quantecon.ctmc.generators,4,quantecon/lectures/generators.html,pendahuluan-teknis,built,rights.quantecon.cc-by-sa-4.0
unit.o009.quantecon.ctmc.generators.ruang-operator-linear,unit.o009.quantecon.ctmc.generators,5,quantecon/lectures/generators.html,ruang-operator-linear,built,rights.quantecon.cc-by-sa-4.0
unit.o009.quantecon.ctmc.generators.semigrup-dan-generator,unit.o009.quantecon.ctmc.generators,1,quantecon/lectures/generators.html,semigrup-dan-generator,built,rights.quantecon.cc-by-sa-4.0
unit.o009.quantecon.ctmc.generators.semigrup-dan-generator-1,unit.o009.quantecon.ctmc.generators,11,quantecon/lectures/generators.html,semigrup-dan-generator-1,built,rights.quantecon.cc-by-sa-4.0
unit.o009.quantecon.ctmc.generators.semigrup-operator,unit.o009.quantecon.ctmc.generators,12,quantecon/lectures/generators.html,semigrup-operator,built,rights.quantecon.cc-by-sa-4.0
unit.o009.quantecon.ctmc.generators.ucsgec,unit.o009.quantecon.ctmc.generators,16,quantecon/lectures/generators.html,ucsgec,built,rights.quantecon.cc-by-sa-4.0
unit.o009.quantecon.ctmc.kolmogorov-backward,course.o009.d30,23,quantecon/lectures/kolmogorov_bwd.html,lectures/kolmogorov_bwd.md,structurally_verified,rights.quantecon.cc-by-sa-4.0
unit.o009.quantecon.ctmc.kolmogorov-backward.algoritma-rantai-lompatan,unit.o009.quantecon.ctmc.kolmogorov-backward,7,quantecon/lectures/kolmogorov_bwd.html,algoritma-rantai-lompatan,built,rights.quantecon.cc-by-sa-4.0
unit.o009.quantecon.ctmc.kolmogorov-backward.ejc_algo,unit.o009.quantecon.ctmc.kolmogorov-backward,8,quantecon/lectures/kolmogorov_bwd.html,ejc_algo,built,rights.quantecon.cc-by-sa-4.0
unit.o009.quantecon.ctmc.kolmogorov-backward.figure-kolmogorov_bwd-cell-05-figure-01,unit.o009.quantecon.ctmc.kolmogorov-backward.qe-cell-5,25,quantecon/lectures/kolmogorov_bwd.html,figure-kolmogorov_bwd-cell-05-figure-01,built,rights.quantecon.cc-by-sa-4.0
unit.o009.quantecon.ctmc.kolmogorov-backward.figure-kolmogorov_bwd-cell-06-figure-01,unit.o009.quantecon.ctmc.kolmogorov-backward.qe-cell-6,30,quantecon/lectures/kolmogorov_bwd.html,figure-kolmogorov_bwd-cell-06-figure-01,built,rights.quantecon.cc-by-sa-4.0
unit.o009.quantecon.ctmc.kolmogorov-backward.gambaran-umum,unit.o009.quantecon.ctmc.kolmogorov-backward,3,quantecon/lectures/kolmogorov_bwd.html,gambaran-umum,built,rights.quantecon.cc-by-sa-4.0
unit.o009.quantecon.ctmc.kolmogorov-backward.intensitas-lompatan-yang-bergantung-pada-keadaan,unit.o009.quantecon.ctmc.kolmogorov-backward,5,quantecon/lectures/kolmogorov_bwd.html,intensitas-lompatan-yang-bergantung-pada-keadaan,built,rights.quantecon.cc-by-sa-4.0
unit.o009.quantecon.ctmc.kolmogorov-backward.jctosg,unit.o009.quantecon.ctmc.kolmogorov-backward,18,quantecon/lectures/kolmogorov_bwd.html,jctosg,built,rights.quantecon.cc-by-sa-4.0
unit.o009.quantecon.ctmc.kolmogorov-backward.keunikan,unit.o009.quantecon.ctmc.kolmogorov-backward,20,quantecon/lectures/kolmogorov_bwd.html,keunikan,built,rights.quantecon.cc-by-sa-4.0
unit.o009.quantecon.ctmc.kolmogorov-backward.kolmogorov-bwd-1,unit.o009.quantecon.ctmc.kolmogorov-backward,27,quantecon/lectures/kolmogorov_bwd.html,kolmogorov-bwd-1,built,rights.quantecon.cc-by-sa-4.0
unit.o009.quantecon.ctmc.kolmogorov-backward.kolmogorov-bwd-2,unit.o009.quantecon.ctmc.kolmogorov-backward,31,quantecon/lectures/kolmogorov_bwd.html,kolmogorov-bwd-2,built,rights.quantecon.cc-by-sa-4.0
unit.o009.quantecon.ctmc.kolmogorov-backward.kolmogorov-bwd-3,unit.o009.quantecon.ctmc.kolmogorov-backward,33,quantecon/lectures/kolmogorov_bwd.html,kolmogorov-bwd-3,built,rights.quantecon.cc-by-sa-4.0
unit.o009.quantecon.ctmc.kolmogorov-backward.kolmogorov_bwd-solution-1,unit.o009.quantecon.ctmc.kolmogorov-backward,28,quantecon/lectures/kolmogorov_bwd.html,kolmogorov_bwd-solution-1,built,rights.quantecon.cc-by-sa-4.0
unit.o009.quantecon.ctmc.kolmogorov-backward.kolmogorov_bwd-solution-2,unit.o009.quantecon.ctmc.kolmogorov-backward,32,quantecon/lectures/kolmogorov_bwd.html,kolmogorov_bwd-solution-2,built,rights.quantecon.cc-by-sa-4.0
unit.o009.quantecon.ctmc.kolmogorov-backward.kolmogorov_bwd-solution-3,unit.o009.quantecon.ctmc.kolmogorov-backward,34,quantecon/lectures/kolmogorov_bwd.html,kolmogorov_bwd-solution-3,built,rights.quantecon.cc-by-sa-4.0
unit.o009.quantecon.ctmc.kolmogorov-backward.latihan,unit.o009.quantecon.ctmc.kolmogorov-backward,26,quantecon/lectures/kolmogorov_bwd.html,latihan,built,rights.quantecon.cc-by-sa-4.0
unit.o009.quantecon.ctmc.kolmogorov-backward.lemma-001,unit.o009.quantecon.ctmc.kolmogorov-backward,11,quantecon/lectures/kolmogorov_bwd.html,lemma-001,built,rights.quantecon.cc-by-sa-4.0
unit.o009.quantecon.ctmc.kolmogorov-backward.memeriksa-sifat-semigrup-transisi,unit.o009.quantecon.ctmc.kolmogorov-backward,17,quantecon/lectures/kolmogorov_bwd.html,memeriksa-sifat-semigrup-transisi,built,rights.quantecon.cc-by-sa-4.0
unit.o009.quantecon.ctmc.kolmogorov-backward.menghitung-semigrup,unit.o009.quantecon.ctmc.kolmogorov-backward,9,quantecon/lectures/kolmogorov_bwd.html,menghitung-semigrup,built,rights.quantecon.cc-by-sa-4.0
unit.o009.quantecon.ctmc.kolmogorov-backward.motivasi,unit.o009.quantecon.ctmc.kolmogorov-backward,6,quantecon/lectures/kolmogorov_bwd.html,motivasi,built,rights.quantecon.cc-by-sa-4.0
unit.o009.quantecon.ctmc.kolmogorov-backward.penerapan-model-persediaan,unit.o009.quantecon.ctmc.kolmogorov-backward,21,quantecon/lectures/kolmogorov_bwd.html,penerapan-model-persediaan,built,rights.quantecon.cc-by-sa-4.0
unit.o009.quantecon.ctmc.kolmogorov-backward.persamaan-diferensial-kolmogorov,unit.o009.quantecon.ctmc.kolmogorov-backward,13,quantecon/lectures/kolmogorov_bwd.html,persamaan-diferensial-kolmogorov,built,rights.quantecon.cc-by-sa-4.0
unit.o009.quantecon.ctmc.kolmogorov-backward.persamaan-kolmogorov-mundur,unit.o009.quantecon.ctmc.kolmogorov-backward,1,quantecon/lectures/kolmogorov_bwd.html,persamaan-kolmogorov-mundur,built,rights.quantecon.cc-by-sa-4.0
unit.o009.quantecon.ctmc.kolmogorov-backward.proof-001,unit.o009.quantecon.ctmc.kolmogorov-backward,12,quantecon/lectures/kolmogorov_bwd.html,proof-001,built,rights.quantecon.cc-by-sa-4.0
unit.o009.quantecon.ctmc.kolmogorov-backward.proof-002,unit.o009.quantecon.ctmc.kolmogorov-backward,19,quantecon/lectures/kolmogorov_bwd.html,proof-002,built,rights.quantecon.cc-by-sa-4.0
unit.o009.quantecon.ctmc.kolmogorov-backward.qe-cell-1,unit.o009.quantecon.ctmc.kolmogorov-backward,2,quantecon/lectures/kolmogorov_bwd.html,qe-cell-1,built,rights.quantecon.cc-by-sa-4.0
unit.o009.quantecon.ctmc.kolmogorov-backward.qe-cell-2,unit.o009.quantecon.ctmc.kolmogorov-backward,4,quantecon/lectures/kolmogorov_bwd.html,qe-cell-2,built,rights.quantecon.cc-by-sa-4.0
unit.o009.quantecon.ctmc.kolmogorov-backward.qe-cell-3,unit.o009.quantecon.ctmc.kolmogorov-backward,22,quantecon/lectures/kolmogorov_bwd.html,qe-cell-3,built,rights.quantecon.cc-by-sa-4.0
unit.o009.quantecon.ctmc.kolmogorov-backward.qe-cell-4,unit.o009.quantecon.ctmc.kolmogorov-backward,23,quantecon/lectures/kolmogorov_bwd.html,qe-cell-4,built,rights.quantecon.cc-by-sa-4.0
unit.o009.quantecon.ctmc.kolmogorov-backward.qe-cell-5,unit.o009.quantecon.ctmc.kolmogorov-backward,24,quantecon/lectures/kolmogorov_bwd.html,qe-cell-5,built,rights.quantecon.cc-by-sa-4.0
unit.o009.quantecon.ctmc.kolmogorov-backward.qe-cell-6,unit.o009.quantecon.ctmc.kolmogorov-backward.kolmogorov_bwd-solution-1,29,quantecon/lectures/kolmogorov_bwd.html,qe-cell-6,built,rights.quantecon.cc-by-sa-4.0
unit.o009.quantecon.ctmc.kolmogorov-backward.sebuah-persamaan-integral,unit.o009.quantecon.ctmc.kolmogorov-backward,10,quantecon/lectures/kolmogorov_bwd.html,sebuah-persamaan-integral,built,rights.quantecon.cc-by-sa-4.0
unit.o009.quantecon.ctmc.kolmogorov-backward.sifat-sifat-solusi,unit.o009.quantecon.ctmc.kolmogorov-backward,16,quantecon/lectures/kolmogorov_bwd.html,sifat-sifat-solusi,built,rights.quantecon.cc-by-sa-4.0
unit.o009.quantecon.ctmc.kolmogorov-backward.solusi-eksponensial,unit.o009.quantecon.ctmc.kolmogorov-backward,15,quantecon/lectures/kolmogorov_bwd.html,solusi-eksponensial,built,rights.quantecon.cc-by-sa-4.0
unit.o009.quantecon.ctmc.kolmogorov-backward.theorem-001,unit.o009.quantecon.ctmc.kolmogorov-backward,14,quantecon/lectures/kolmogorov_bwd.html,theorem-001,built,rights.quantecon.cc-by-sa-4.0
unit.o009.quantecon.ctmc.kolmogorov-forward,course.o009.d30,24,quantecon/lectures/kolmogorov_fwd.html,lectures/kolmogorov_fwd.md,structurally_verified,rights.quantecon.cc-by-sa-4.0
unit.o009.quantecon.ctmc.kolmogorov-forward.beralih-ke-waktu-kontinu,unit.o009.quantecon.ctmc.kolmogorov-forward,11,quantecon/lectures/kolmogorov_fwd.html,beralih-ke-waktu-kontinu,built,rights.quantecon.cc-by-sa-4.0
unit.o009.quantecon.ctmc.kolmogorov-forward.dari-persamaan-beda-ke-ode,unit.o009.quantecon.ctmc.kolmogorov-forward,5,quantecon/lectures/kolmogorov_fwd.html,dari-persamaan-beda-ke-ode,built,rights.quantecon.cc-by-sa-4.0
unit.o009.quantecon.ctmc.kolmogorov-forward.figure-kolmogorov_fwd-cell-04-figure-01,unit.o009.quantecon.ctmc.kolmogorov-forward.qe-cell-4,10,quantecon/lectures/kolmogorov_fwd.html,figure-kolmogorov_fwd-cell-04-figure-01,built,rights.quantecon.cc-by-sa-4.0
unit.o009.quantecon.ctmc.kolmogorov-forward.figure-kolmogorov_fwd-cell-06-figure-01,unit.o009.quantecon.ctmc.kolmogorov-forward.qe-cell-6,16,quantecon/lectures/kolmogorov_fwd.html,figure-kolmogorov_fwd-cell-06-figure-01,built,rights.quantecon.cc-by-sa-4.0
unit.o009.quantecon.ctmc.kolmogorov-forward.gambaran-umum,unit.o009.quantecon.ctmc.kolmogorov-forward,3,quantecon/lectures/kolmogorov_fwd.html,gambaran-umum,built,rights.quantecon.cc-by-sa-4.0
unit.o009.quantecon.ctmc.kolmogorov-forward.intvsmk,unit.o009.quantecon.ctmc.kolmogorov-forward,20,quantecon/lectures/kolmogorov_fwd.html,intvsmk,built,rights.quantecon.cc-by-sa-4.0
unit.o009.quantecon.ctmc.kolmogorov-forward.intvsmk_c,unit.o009.quantecon.ctmc.kolmogorov-forward,21,quantecon/lectures/kolmogorov_fwd.html,intvsmk_c,built,rights.quantecon.cc-by-sa-4.0
unit.o009.quantecon.ctmc.kolmogorov-forward.kolmogorov-fwd-1,unit.o009.quantecon.ctmc.kolmogorov-forward,25,quantecon/lectures/kolmogorov_fwd.html,kolmogorov-fwd-1,built,rights.quantecon.cc-by-sa-4.0
unit.o009.quantecon.ctmc.kolmogorov-forward.kolmogorov-fwd-2,unit.o009.quantecon.ctmc.kolmogorov-forward,27,quantecon/lectures/kolmogorov_fwd.html,kolmogorov-fwd-2,built,rights.quantecon.cc-by-sa-4.0
unit.o009.quantecon.ctmc.kolmogorov-forward.kolmogorov-fwd-3,unit.o009.quantecon.ctmc.kolmogorov-forward,29,quantecon/lectures/kolmogorov_fwd.html,kolmogorov-fwd-3,built,rights.quantecon.cc-by-sa-4.0
unit.o009.quantecon.ctmc.kolmogorov-forward.kolmogorov-fwd-source-flow,unit.o009.quantecon.ctmc.kolmogorov-forward,6,quantecon/lectures/kolmogorov_fwd.html,kolmogorov-fwd-source-flow,built,rights.quantecon.cc-by-sa-4.0
unit.o009.quantecon.ctmc.kolmogorov-forward.kolmogorov_fwd-solution-1,unit.o009.quantecon.ctmc.kolmogorov-forward,26,quantecon/lectures/kolmogorov_fwd.html,kolmogorov_fwd-solution-1,built,rights.quantecon.cc-by-sa-4.0
unit.o009.quantecon.ctmc.kolmogorov-forward.kolmogorov_fwd-solution-2,unit.o009.quantecon.ctmc.kolmogorov-forward,28,quantecon/lectures/kolmogorov_fwd.html,kolmogorov_fwd-solution-2,built,rights.quantecon.cc-by-sa-4.0
unit.o009.quantecon.ctmc.kolmogorov-forward.kolmogorov_fwd-solution-3,unit.o009.quantecon.ctmc.kolmogorov-forward,30,quantecon/lectures/kolmogorov_fwd.html,kolmogorov_fwd-solution-3,built,rights.quantecon.cc-by-sa-4.0
unit.o009.quantecon.ctmc.kolmogorov-forward.latihan,unit.o009.quantecon.ctmc.kolmogorov-forward,24,quantecon/lectures/kolmogorov_fwd.html,latihan,built,rights.quantecon.cc-by-sa-4.0
unit.o009.quantecon.ctmc.kolmogorov-forward.mempertahankan-distribusi,unit.o009.quantecon.ctmc.kolmogorov-forward,19,quantecon/lectures/kolmogorov_fwd.html,mempertahankan-distribusi,built,rights.quantecon.cc-by-sa-4.0
unit.o009.quantecon.ctmc.kolmogorov-forward.ode-bernilai-matriks-versus-bernilai-vektor,unit.o009.quantecon.ctmc.kolmogorov-forward,18,quantecon/lectures/kolmogorov_fwd.html,ode-bernilai-matriks-versus-bernilai-vektor,built,rights.quantecon.cc-by-sa-4.0
unit.o009.quantecon.ctmc.kolmogorov-forward.ode-dalam-ruang-distribusi,unit.o009.quantecon.ctmc.kolmogorov-forward,12,quantecon/lectures/kolmogorov_fwd.html,ode-dalam-ruang-distribusi,built,rights.quantecon.cc-by-sa-4.0
unit.o009.quantecon.ctmc.kolmogorov-forward.persamaan-kolmogorov-maju,unit.o009.quantecon.ctmc.kolmogorov-forward,1,quantecon/lectures/kolmogorov_fwd.html,persamaan-kolmogorov-maju,built,rights.quantecon.cc-by-sa-4.0
unit.o009.quantecon.ctmc.kolmogorov-forward.persamaan-maju-versus-mundur,unit.o009.quantecon.ctmc.kolmogorov-forward,17,quantecon/lectures/kolmogorov_fwd.html,persamaan-maju-versus-mundur,built,rights.quantecon.cc-by-sa-4.0
unit.o009.quantecon.ctmc.kolmogorov-forward.qe-cell-1,unit.o009.quantecon.ctmc.kolmogorov-forward,2,quantecon/lectures/kolmogorov_fwd.html,qe-cell-1,built,rights.quantecon.cc-by-sa-4.0
unit.o009.quantecon.ctmc.kolmogorov-forward.qe-cell-2,unit.o009.quantecon.ctmc.kolmogorov-forward,4,quantecon/lectures/kolmogorov_fwd.html,qe-cell-2,built,rights.quantecon.cc-by-sa-4.0
unit.o009.quantecon.ctmc.kolmogorov-forward.qe-cell-3,unit.o009.quantecon.ctmc.kolmogorov-forward,8,quantecon/lectures/kolmogorov_fwd.html,qe-cell-3,built,rights.quantecon.cc-by-sa-4.0
unit.o009.quantecon.ctmc.kolmogorov-forward.qe-cell-4,unit.o009.quantecon.ctmc.kolmogorov-forward,9,quantecon/lectures/kolmogorov_fwd.html,qe-cell-4,built,rights.quantecon.cc-by-sa-4.0
unit.o009.quantecon.ctmc.kolmogorov-forward.qe-cell-5,unit.o009.quantecon.ctmc.kolmogorov-forward,14,quantecon/lectures/kolmogorov_fwd.html,qe-cell-5,built,rights.quantecon.cc-by-sa-4.0
unit.o009.quantecon.ctmc.kolmogorov-forward.qe-cell-6,unit.o009.quantecon.ctmc.kolmogorov-forward,15,quantecon/lectures/kolmogorov_fwd.html,qe-cell-6,built,rights.quantecon.cc-by-sa-4.0
unit.o009.quantecon.ctmc.kolmogorov-forward.rantai-lompatan,unit.o009.quantecon.ctmc.kolmogorov-forward,22,quantecon/lectures/kolmogorov_fwd.html,rantai-lompatan,built,rights.quantecon.cc-by-sa-4.0
unit.o009.quantecon.ctmc.kolmogorov-forward.ringkasan,unit.o009.quantecon.ctmc.kolmogorov-forward,23,quantecon/lectures/kolmogorov_fwd.html,ringkasan,built,rights.quantecon.cc-by-sa-4.0
unit.o009.quantecon.ctmc.kolmogorov-forward.solusi-ode-vektor-linear,unit.o009.quantecon.ctmc.kolmogorov-forward,13,quantecon/lectures/kolmogorov_fwd.html,solusi-ode-vektor-linear,built,rights.quantecon.cc-by-sa-4.0
unit.o009.quantecon.ctmc.kolmogorov-forward.tinjauan-kasus-waktu-diskret,unit.o009.quantecon.ctmc.kolmogorov-forward,7,quantecon/lectures/kolmogorov_fwd.html,tinjauan-kasus-waktu-diskret,built,rights.quantecon.cc-by-sa-4.0
unit.o009.quantecon.ctmc.markov-property,course.o009.d30,22,quantecon/lectures/markov_prop.html,lectures/markov_prop.md,structurally_verified,rights.quantecon.cc-by-sa-4.0
unit.o009.quantecon.ctmc.markov-property.algorithm-001,unit.o009.quantecon.ctmc.markov-property,28,quantecon/lectures/markov_prop.html,algorithm-001,built,rights.quantecon.cc-by-sa-4.0
unit.o009.quantecon.ctmc.markov-property.aliran-distribusi-untuk-model-persediaan,unit.o009.quantecon.ctmc.markov-property,32,quantecon/lectures/markov_prop.html,aliran-distribusi-untuk-model-persediaan,built,rights.quantecon.cc-by-sa-4.0
unit.o009.quantecon.ctmc.markov-property.contoh,unit.o009.quantecon.ctmc.markov-property,29,quantecon/lectures/markov_prop.html,contoh,built,rights.quantecon.cc-by-sa-4.0
unit.o009.quantecon.ctmc.markov-property.contoh-kegagalan-sifat-markov,unit.o009.quantecon.ctmc.markov-property,14,quantecon/lectures/markov_prop.html,contoh-kegagalan-sifat-markov,built,rights.quantecon.cc-by-sa-4.0
unit.o009.quantecon.ctmc.markov-property.contoh-proses-markov,unit.o009.quantecon.ctmc.markov-property,16,quantecon/lectures/markov_prop.html,contoh-proses-markov,built,rights.quantecon.cc-by-sa-4.0
unit.o009.quantecon.ctmc.markov-property.contoh-proses-poisson,unit.o009.quantecon.ctmc.markov-property,17,quantecon/lectures/markov_prop.html,contoh-proses-poisson,built,rights.quantecon.cc-by-sa-4.0
unit.o009.quantecon.ctmc.markov-property.distribusi-gabungan,unit.o009.quantecon.ctmc.markov-property,8,quantecon/lectures/markov_prop.html,distribusi-gabungan,built,rights.quantecon.cc-by-sa-4.0
unit.o009.quantecon.ctmc.markov-property.figure-markov_prop-cell-04-figure-01,unit.o009.quantecon.ctmc.markov-property.qe-cell-4,23,quantecon/lectures/markov_prop.html,figure-markov_prop-cell-04-figure-01,built,rights.quantecon.cc-by-sa-4.0
unit.o009.quantecon.ctmc.markov-property.figure-markov_prop-cell-05-figure-01,unit.o009.quantecon.ctmc.markov-property.qe-cell-5,44,quantecon/lectures/markov_prop.html,figure-markov_prop-cell-05-figure-01,built,rights.quantecon.cc-by-sa-4.0
unit.o009.quantecon.ctmc.markov-property.flow_fig,unit.o009.quantecon.ctmc.markov-property,33,quantecon/lectures/markov_prop.html,flow_fig,built,rights.quantecon.cc-by-sa-4.0
unit.o009.quantecon.ctmc.markov-property.gambaran-umum,unit.o009.quantecon.ctmc.markov-property,3,quantecon/lectures/markov_prop.html,gambaran-umum,built,rights.quantecon.cc-by-sa-4.0
unit.o009.quantecon.ctmc.markov-property.implikasi-sifat-markov,unit.o009.quantecon.ctmc.markov-property,13,quantecon/lectures/markov_prop.html,implikasi-sifat-markov,built,rights.quantecon.cc-by-sa-4.0
unit.o009.quantecon.ctmc.markov-property.kasus-waktu-kontinu,unit.o009.quantecon.ctmc.markov-property,10,quantecon/lectures/markov_prop.html,kasus-waktu-kontinu,built,rights.quantecon.cc-by-sa-4.0
unit.o009.quantecon.ctmc.markov-property.kerangka,unit.o009.quantecon.ctmc.markov-property,4,quantecon/lectures/markov_prop.html,kerangka,built,rights.quantecon.cc-by-sa-4.0
unit.o009.quantecon.ctmc.markov-property.konstruksi,unit.o009.quantecon.ctmc.markov-property,27,quantecon/lectures/markov_prop.html,konstruksi,built,rights.quantecon.cc-by-sa-4.0
unit.o009.quantecon.ctmc.markov-property.latihan,unit.o009.quantecon.ctmc.markov-property,34,quantecon/lectures/markov_prop.html,latihan,built,rights.quantecon.cc-by-sa-4.0
unit.o009.quantecon.ctmc.markov-property.markov-prop-1,unit.o009.quantecon.ctmc.markov-property,35,quantecon/lectures/markov_prop.html,markov-prop-1,built,rights.quantecon.cc-by-sa-4.0
unit.o009.quantecon.ctmc.markov-property.markov-prop-2,unit.o009.quantecon.ctmc.markov-property,37,quantecon/lectures/markov_prop.html,markov-prop-2,built,rights.quantecon.cc-by-sa-4.0
unit.o009.quantecon.ctmc.markov-property.markov-prop-3,unit.o009.quantecon.ctmc.markov-property,39,quantecon/lectures/markov_prop.html,markov-prop-3,built,rights.quantecon.cc-by-sa-4.0
unit.o009.quantecon.ctmc.markov-property.markov-prop-4,unit.o009.quantecon.ctmc.markov-property,41,quantecon/lectures/markov_prop.html,markov-prop-4,built,rights.quantecon.cc-by-sa-4.0
unit.o009.quantecon.ctmc.markov-property.markov_prop-solution-1,unit.o009.quantecon.ctmc.markov-property,36,quantecon/lectures/markov_prop.html,markov_prop-solution-1,built,rights.quantecon.cc-by-sa-4.0
unit.o009.quantecon.ctmc.markov-property.markov_prop-solution-2,unit.o009.quantecon.ctmc.markov-property,38,quantecon/lectures/markov_prop.html,markov_prop-solution-2,built,rights.quantecon.cc-by-sa-4.0
unit.o009.quantecon.ctmc.markov-property.markov_prop-solution-3,unit.o009.quantecon.ctmc.markov-property,40,quantecon/lectures/markov_prop.html,markov_prop-solution-3,built,rights.quantecon.cc-by-sa-4.0
unit.o009.quantecon.ctmc.markov-property.markov_prop-solution-4,unit.o009.quantecon.ctmc.markov-property,42,quantecon/lectures/markov_prop.html,markov_prop-solution-4,built,rights.quantecon.cc-by-sa-4.0
unit.o009.quantecon.ctmc.markov-property.model-dinamika-persediaan,unit.o009.quantecon.ctmc.markov-property,18,quantecon/lectures/markov_prop.html,model-dinamika-persediaan,built,rights.quantecon.cc-by-sa-4.0
unit.o009.quantecon.ctmc.markov-property.pembatasan-yang-diberlakukan-oleh-sifat-markov,unit.o009.quantecon.ctmc.markov-property,15,quantecon/lectures/markov_prop.html,pembatasan-yang-diberlakukan-oleh-sifat-markov,built,rights.quantecon.cc-by-sa-4.0
unit.o009.quantecon.ctmc.markov-property.perluasan-ke-ruang-keadaan-tak-berhingga-terhitung,unit.o009.quantecon.ctmc.markov-property,9,quantecon/lectures/markov_prop.html,perluasan-ke-ruang-keadaan-tak-berhingga-terhitung,built,rights.quantecon.cc-by-sa-4.0
unit.o009.quantecon.ctmc.markov-property.proses-lompatan-dengan-laju-konstan,unit.o009.quantecon.ctmc.markov-property,26,quantecon/lectures/markov_prop.html,proses-lompatan-dengan-laju-konstan,built,rights.quantecon.cc-by-sa-4.0
unit.o009.quantecon.ctmc.markov-property.proses-markov,unit.o009.quantecon.ctmc.markov-property,6,quantecon/lectures/markov_prop.html,proses-markov,built,rights.quantecon.cc-by-sa-4.0
unit.o009.quantecon.ctmc.markov-property.qe-cell-1,unit.o009.quantecon.ctmc.markov-property,2,quantecon/lectures/markov_prop.html,qe-cell-1,built,rights.quantecon.cc-by-sa-4.0
unit.o009.quantecon.ctmc.markov-property.qe-cell-2,unit.o009.quantecon.ctmc.markov-property,5,quantecon/lectures/markov_prop.html,qe-cell-2,built,rights.quantecon.cc-by-sa-4.0
unit.o009.quantecon.ctmc.markov-property.qe-cell-3,unit.o009.quantecon.ctmc.markov-property,21,quantecon/lectures/markov_prop.html,qe-cell-3,built,rights.quantecon.cc-by-sa-4.0
unit.o009.quantecon.ctmc.markov-property.qe-cell-4,unit.o009.quantecon.ctmc.markov-property,22,quantecon/lectures/markov_prop.html,qe-cell-4,built,rights.quantecon.cc-by-sa-4.0
unit.o009.quantecon.ctmc.markov-property.qe-cell-5,unit.o009.quantecon.ctmc.markov-property.markov_prop-solution-4,43,quantecon/lectures/markov_prop.html,qe-cell-5,built,rights.quantecon.cc-by-sa-4.0
unit.o009.quantecon.ctmc.markov-property.rantai-kanonik,unit.o009.quantecon.ctmc.markov-property,11,quantecon/lectures/markov_prop.html,rantai-kanonik,built,rights.quantecon.cc-by-sa-4.0
unit.o009.quantecon.ctmc.markov-property.rantai-lompatan-tertanam,unit.o009.quantecon.ctmc.markov-property,24,quantecon/lectures/markov_prop.html,rantai-lompatan-tertanam,built,rights.quantecon.cc-by-sa-4.0
unit.o009.quantecon.ctmc.markov-property.representasi,unit.o009.quantecon.ctmc.markov-property,19,quantecon/lectures/markov_prop.html,representasi,built,rights.quantecon.cc-by-sa-4.0
unit.o009.quantecon.ctmc.markov-property.semigrup-transisi,unit.o009.quantecon.ctmc.markov-property,31,quantecon/lectures/markov_prop.html,semigrup-transisi,built,rights.quantecon.cc-by-sa-4.0
unit.o009.quantecon.ctmc.markov-property.sifat-markov,unit.o009.quantecon.ctmc.markov-property,1,quantecon/lectures/markov_prop.html,sifat-markov,built,rights.quantecon.cc-by-sa-4.0
unit.o009.quantecon.ctmc.markov-property.sifat-markov-1,unit.o009.quantecon.ctmc.markov-property,25,quantecon/lectures/markov_prop.html,sifat-markov-1,built,rights.quantecon.cc-by-sa-4.0
unit.o009.quantecon.ctmc.markov-property.sifat-markov-2,unit.o009.quantecon.ctmc.markov-property,30,quantecon/lectures/markov_prop.html,sifat-markov-2,built,rights.quantecon.cc-by-sa-4.0
unit.o009.quantecon.ctmc.markov-property.simulasi,unit.o009.quantecon.ctmc.markov-property,20,quantecon/lectures/markov_prop.html,simulasi,built,rights.quantecon.cc-by-sa-4.0
unit.o009.quantecon.ctmc.markov-property.simulasi-dan-konstruksi-probabilistik,unit.o009.quantecon.ctmc.markov-property,12,quantecon/lectures/markov_prop.html,simulasi-dan-konstruksi-probabilistik,built,rights.quantecon.cc-by-sa-4.0
unit.o009.quantecon.ctmc.markov-property.waktu-diskret-ruang-keadaan-berhingga,unit.o009.quantecon.ctmc.markov-property,7,quantecon/lectures/markov_prop.html,waktu-diskret-ruang-keadaan-berhingga,built,rights.quantecon.cc-by-sa-4.0
unit.o009.quantecon.ctmc.memoryless-distributions,course.o009.d30,20,quantecon/lectures/memoryless.html,lectures/memoryless.md,structurally_verified,rights.quantecon.cc-by-sa-4.0
unit.o009.quantecon.ctmc.memoryless-distributions.dari-geometrik-ke-eksponensial,unit.o009.quantecon.ctmc.memoryless-distributions,8,quantecon/lectures/memoryless.html,dari-geometrik-ke-eksponensial,built,rights.quantecon.cc-by-sa-4.0
unit.o009.quantecon.ctmc.memoryless-distributions.distribusi-eksponensial,unit.o009.quantecon.ctmc.memoryless-distributions,7,quantecon/lectures/memoryless.html,distribusi-eksponensial,built,rights.quantecon.cc-by-sa-4.0
unit.o009.quantecon.ctmc.memoryless-distributions.distribusi-geometrik,unit.o009.quantecon.ctmc.memoryless-distributions,5,quantecon/lectures/memoryless.html,distribusi-geometrik,built,rights.quantecon.cc-by-sa-4.0
unit.o009.quantecon.ctmc.memoryless-distributions.distribusi-tanpa-ingatan,unit.o009.quantecon.ctmc.memoryless-distributions,1,quantecon/lectures/memoryless.html,distribusi-tanpa-ingatan,built,rights.quantecon.cc-by-sa-4.0
unit.o009.quantecon.ctmc.memoryless-distributions.erlexp,unit.o009.quantecon.ctmc.memoryless-distributions,16,quantecon/lectures/memoryless.html,erlexp,built,rights.quantecon.cc-by-sa-4.0
unit.o009.quantecon.ctmc.memoryless-distributions.exp_unique,unit.o009.quantecon.ctmc.memoryless-distributions,10,quantecon/lectures/memoryless.html,exp_unique,built,rights.quantecon.cc-by-sa-4.0
unit.o009.quantecon.ctmc.memoryless-distributions.figure-memoryless-cell-03-figure-01,unit.o009.quantecon.ctmc.memoryless-distributions.qe-cell-3,15,quantecon/lectures/memoryless.html,figure-memoryless-cell-03-figure-01,built,rights.quantecon.cc-by-sa-4.0
unit.o009.quantecon.ctmc.memoryless-distributions.figure-memoryless-cell-04-figure-01,unit.o009.quantecon.ctmc.memoryless-distributions.qe-cell-4,23,quantecon/lectures/memoryless.html,figure-memoryless-cell-04-figure-01,built,rights.quantecon.cc-by-sa-4.0
unit.o009.quantecon.ctmc.memoryless-distributions.figure-memoryless-cell-05-figure-01,unit.o009.quantecon.ctmc.memoryless-distributions.qe-cell-5,25,quantecon/lectures/memoryless.html,figure-memoryless-cell-05-figure-01,built,rights.quantecon.cc-by-sa-4.0
unit.o009.quantecon.ctmc.memoryless-distributions.gambaran-umum,unit.o009.quantecon.ctmc.memoryless-distributions,3,quantecon/lectures/memoryless.html,gambaran-umum,built,rights.quantecon.cc-by-sa-4.0
unit.o009.quantecon.ctmc.memoryless-distributions.jumlah-peubah-eksponensial,unit.o009.quantecon.ctmc.memoryless-distributions,13,quantecon/lectures/memoryless.html,jumlah-peubah-eksponensial,built,rights.quantecon.cc-by-sa-4.0
unit.o009.quantecon.ctmc.memoryless-distributions.kegagalan-sifat-tanpa-ingatan,unit.o009.quantecon.ctmc.memoryless-distributions,12,quantecon/lectures/memoryless.html,kegagalan-sifat-tanpa-ingatan,built,rights.quantecon.cc-by-sa-4.0
unit.o009.quantecon.ctmc.memoryless-distributions.latihan,unit.o009.quantecon.ctmc.memoryless-distributions,17,quantecon/lectures/memoryless.html,latihan,built,rights.quantecon.cc-by-sa-4.0
unit.o009.quantecon.ctmc.memoryless-distributions.memoryless-ex-1,unit.o009.quantecon.ctmc.memoryless-distributions,18,quantecon/lectures/memoryless.html,memoryless-ex-1,built,rights.quantecon.cc-by-sa-4.0
unit.o009.quantecon.ctmc.memoryless-distributions.memoryless-ex-2,unit.o009.quantecon.ctmc.memoryless-distributions,20,quantecon/lectures/memoryless.html,memoryless-ex-2,built,rights.quantecon.cc-by-sa-4.0
unit.o009.quantecon.ctmc.memoryless-distributions.memoryless-solution-1,unit.o009.quantecon.ctmc.memoryless-distributions,19,quantecon/lectures/memoryless.html,memoryless-solution-1,built,rights.quantecon.cc-by-sa-4.0
unit.o009.quantecon.ctmc.memoryless-distributions.memoryless-solution-2,unit.o009.quantecon.ctmc.memoryless-distributions,21,quantecon/lectures/memoryless.html,memoryless-solution-2,built,rights.quantecon.cc-by-sa-4.0
unit.o009.quantecon.ctmc.memoryless-distributions.proof-001,unit.o009.quantecon.ctmc.memoryless-distributions,11,quantecon/lectures/memoryless.html,proof-001,built,rights.quantecon.cc-by-sa-4.0
unit.o009.quantecon.ctmc.memoryless-distributions.qe-cell-1,unit.o009.quantecon.ctmc.memoryless-distributions,2,quantecon/lectures/memoryless.html,qe-cell-1,built,rights.quantecon.cc-by-sa-4.0
unit.o009.quantecon.ctmc.memoryless-distributions.qe-cell-2,unit.o009.quantecon.ctmc.memoryless-distributions,4,quantecon/lectures/memoryless.html,qe-cell-2,built,rights.quantecon.cc-by-sa-4.0
unit.o009.quantecon.ctmc.memoryless-distributions.qe-cell-3,unit.o009.quantecon.ctmc.memoryless-distributions,14,quantecon/lectures/memoryless.html,qe-cell-3,built,rights.quantecon.cc-by-sa-4.0
unit.o009.quantecon.ctmc.memoryless-distributions.qe-cell-4,unit.o009.quantecon.ctmc.memoryless-distributions.memoryless-solution-2,22,quantecon/lectures/memoryless.html,qe-cell-4,built,rights.quantecon.cc-by-sa-4.0
unit.o009.quantecon.ctmc.memoryless-distributions.qe-cell-5,unit.o009.quantecon.ctmc.memoryless-distributions.memoryless-solution-2,24,quantecon/lectures/memoryless.html,qe-cell-5,built,rights.quantecon.cc-by-sa-4.0
unit.o009.quantecon.ctmc.memoryless-distributions.sifat-tanpa-ingatan,unit.o009.quantecon.ctmc.memoryless-distributions,6,quantecon/lectures/memoryless.html,sifat-tanpa-ingatan,built,rights.quantecon.cc-by-sa-4.0
unit.o009.quantecon.ctmc.memoryless-distributions.sifat-tanpa-ingatan-distribusi-eksponensial,unit.o009.quantecon.ctmc.memoryless-distributions,9,quantecon/lectures/memoryless.html,sifat-tanpa-ingatan-distribusi-eksponensial,built,rights.quantecon.cc-by-sa-4.0
unit.o009.quantecon.ctmc.poisson-processes,course.o009.d30,21,quantecon/lectures/poisson.html,lectures/poisson.md,structurally_verified,rights.quantecon.cc-by-sa-4.0
unit.o009.quantecon.ctmc.poisson-processes.figure-poisson-cell-03-figure-01,unit.o009.quantecon.ctmc.poisson-processes.qe-cell-3,8,quantecon/lectures/poisson.html,figure-poisson-cell-03-figure-01,built,rights.quantecon.cc-by-sa-4.0
unit.o009.quantecon.ctmc.poisson-processes.figure-poisson-cell-04-figure-01,unit.o009.quantecon.ctmc.poisson-processes.qe-cell-4,11,quantecon/lectures/poisson.html,figure-poisson-cell-04-figure-01,built,rights.quantecon.cc-by-sa-4.0
unit.o009.quantecon.ctmc.poisson-processes.figure-poisson-cell-05-figure-01,unit.o009.quantecon.ctmc.poisson-processes.qe-cell-5,14,quantecon/lectures/poisson.html,figure-poisson-cell-05-figure-01,built,rights.quantecon.cc-by-sa-4.0
unit.o009.quantecon.ctmc.poisson-processes.figure-poisson-cell-06-figure-01,unit.o009.quantecon.ctmc.poisson-processes.qe-cell-6,24,quantecon/lectures/poisson.html,figure-poisson-cell-06-figure-01,built,rights.quantecon.cc-by-sa-4.0
unit.o009.quantecon.ctmc.poisson-processes.figure-poisson-cell-07-figure-01,unit.o009.quantecon.ctmc.poisson-processes.qe-cell-7,28,quantecon/lectures/poisson.html,figure-poisson-cell-07-figure-01,built,rights.quantecon.cc-by-sa-4.0
unit.o009.quantecon.ctmc.poisson-processes.gambaran-umum,unit.o009.quantecon.ctmc.poisson-processes,3,quantecon/lectures/poisson.html,gambaran-umum,built,rights.quantecon.cc-by-sa-4.0
unit.o009.quantecon.ctmc.poisson-processes.inkremen-stasioner-dan-independen,unit.o009.quantecon.ctmc.poisson-processes,12,quantecon/lectures/poisson.html,inkremen-stasioner-dan-independen,built,rights.quantecon.cc-by-sa-4.0
unit.o009.quantecon.ctmc.poisson-processes.keunikan,unit.o009.quantecon.ctmc.poisson-processes,15,quantecon/lectures/poisson.html,keunikan,built,rights.quantecon.cc-by-sa-4.0
unit.o009.quantecon.ctmc.poisson-processes.latihan,unit.o009.quantecon.ctmc.poisson-processes,20,quantecon/lectures/poisson.html,latihan,built,rights.quantecon.cc-by-sa-4.0
unit.o009.quantecon.ctmc.poisson-processes.lompatan-dan-hitungan,unit.o009.quantecon.ctmc.poisson-processes,6,quantecon/lectures/poisson.html,lompatan-dan-hitungan,built,rights.quantecon.cc-by-sa-4.0
unit.o009.quantecon.ctmc.poisson-processes.poisson-ex-1,unit.o009.quantecon.ctmc.poisson-processes,21,quantecon/lectures/poisson.html,poisson-ex-1,built,rights.quantecon.cc-by-sa-4.0
unit.o009.quantecon.ctmc.poisson-processes.poisson-ex-2,unit.o009.quantecon.ctmc.poisson-processes,25,quantecon/lectures/poisson.html,poisson-ex-2,built,rights.quantecon.cc-by-sa-4.0
unit.o009.quantecon.ctmc.poisson-processes.poisson-solution-1,unit.o009.quantecon.ctmc.poisson-processes,22,quantecon/lectures/poisson.html,poisson-solution-1,built,rights.quantecon.cc-by-sa-4.0
unit.o009.quantecon.ctmc.poisson-processes.poisson-solution-2,unit.o009.quantecon.ctmc.poisson-processes,26,quantecon/lectures/poisson.html,poisson-solution-2,built,rights.quantecon.cc-by-sa-4.0
unit.o009.quantecon.ctmc.poisson-processes.proof-001,unit.o009.quantecon.ctmc.poisson-processes,19,quantecon/lectures/poisson.html,proof-001,built,rights.quantecon.cc-by-sa-4.0
unit.o009.quantecon.ctmc.poisson-processes.proses-penghitungan,unit.o009.quantecon.ctmc.poisson-processes,5,quantecon/lectures/poisson.html,proses-penghitungan,built,rights.quantecon.cc-by-sa-4.0
unit.o009.quantecon.ctmc.poisson-processes.proses-poisson,unit.o009.quantecon.ctmc.poisson-processes,1,quantecon/lectures/poisson.html,proses-poisson,built,rights.quantecon.cc-by-sa-4.0
unit.o009.quantecon.ctmc.poisson-processes.qe-cell-1,unit.o009.quantecon.ctmc.poisson-processes,2,quantecon/lectures/poisson.html,qe-cell-1,built,rights.quantecon.cc-by-sa-4.0
unit.o009.quantecon.ctmc.poisson-processes.qe-cell-2,unit.o009.quantecon.ctmc.poisson-processes,4,quantecon/lectures/poisson.html,qe-cell-2,built,rights.quantecon.cc-by-sa-4.0
unit.o009.quantecon.ctmc.poisson-processes.qe-cell-3,unit.o009.quantecon.ctmc.poisson-processes,7,quantecon/lectures/poisson.html,qe-cell-3,built,rights.quantecon.cc-by-sa-4.0
unit.o009.quantecon.ctmc.poisson-processes.qe-cell-4,unit.o009.quantecon.ctmc.poisson-processes,10,quantecon/lectures/poisson.html,qe-cell-4,built,rights.quantecon.cc-by-sa-4.0
unit.o009.quantecon.ctmc.poisson-processes.qe-cell-5,unit.o009.quantecon.ctmc.poisson-processes,13,quantecon/lectures/poisson.html,qe-cell-5,built,rights.quantecon.cc-by-sa-4.0
unit.o009.quantecon.ctmc.poisson-processes.qe-cell-6,unit.o009.quantecon.ctmc.poisson-processes.poisson-solution-1,23,quantecon/lectures/poisson.html,qe-cell-6,built,rights.quantecon.cc-by-sa-4.0
unit.o009.quantecon.ctmc.poisson-processes.qe-cell-7,unit.o009.quantecon.ctmc.poisson-processes.poisson-solution-2,27,quantecon/lectures/poisson.html,qe-cell-7,built,rights.quantecon.cc-by-sa-4.0
unit.o009.quantecon.ctmc.poisson-processes.sifat-memulai-ulang,unit.o009.quantecon.ctmc.poisson-processes,17,quantecon/lectures/poisson.html,sifat-memulai-ulang,built,rights.quantecon.cc-by-sa-4.0
unit.o009.quantecon.ctmc.poisson-processes.theorem-001,unit.o009.quantecon.ctmc.poisson-processes,16,quantecon/lectures/poisson.html,theorem-001,built,rights.quantecon.cc-by-sa-4.0
unit.o009.quantecon.ctmc.poisson-processes.theorem-002,unit.o009.quantecon.ctmc.poisson-processes,18,quantecon/lectures/poisson.html,theorem-002,built,rights.quantecon.cc-by-sa-4.0
unit.o009.quantecon.ctmc.poisson-processes.waktu-tinggal-eksponensial,unit.o009.quantecon.ctmc.poisson-processes,9,quantecon/lectures/poisson.html,waktu-tinggal-eksponensial,built,rights.quantecon.cc-by-sa-4.0
unit.o009.quantecon.ctmc.stationarity-ergodicity,course.o009.d30,27,quantecon/lectures/ergodicity.html,lectures/ergodicity.md,structurally_verified,rights.quantecon.cc-by-sa-4.0
unit.o009.quantecon.ctmc.stationarity-ergodicity.definisi,unit.o009.quantecon.ctmc.stationarity-ergodicity,6,quantecon/lectures/ergodicity.html,definisi,built,rights.quantecon.cc-by-sa-4.0
unit.o009.quantecon.ctmc.stationarity-ergodicity.distribusi-stasioner,unit.o009.quantecon.ctmc.stationarity-ergodicity,5,quantecon/lectures/ergodicity.html,distribusi-stasioner,built,rights.quantecon.cc-by-sa-4.0
unit.o009.quantecon.ctmc.stationarity-ergodicity.equivirr,unit.o009.quantecon.ctmc.stationarity-ergodicity,14,quantecon/lectures/ergodicity.html,equivirr,built,rights.quantecon.cc-by-sa-4.0
unit.o009.quantecon.ctmc.stationarity-ergodicity.ergodicity-ex-1,unit.o009.quantecon.ctmc.stationarity-ergodicity,32,quantecon/lectures/ergodicity.html,ergodicity-ex-1,built,rights.quantecon.cc-by-sa-4.0
unit.o009.quantecon.ctmc.stationarity-ergodicity.ergodicity-ex-2,unit.o009.quantecon.ctmc.stationarity-ergodicity,34,quantecon/lectures/ergodicity.html,ergodicity-ex-2,built,rights.quantecon.cc-by-sa-4.0
unit.o009.quantecon.ctmc.stationarity-ergodicity.ergodicity-ex-3,unit.o009.quantecon.ctmc.stationarity-ergodicity,36,quantecon/lectures/ergodicity.html,ergodicity-ex-3,built,rights.quantecon.cc-by-sa-4.0
unit.o009.quantecon.ctmc.stationarity-ergodicity.ergodicity-solution-1,unit.o009.quantecon.ctmc.stationarity-ergodicity,33,quantecon/lectures/ergodicity.html,ergodicity-solution-1,built,rights.quantecon.cc-by-sa-4.0
unit.o009.quantecon.ctmc.stationarity-ergodicity.ergodicity-solution-2,unit.o009.quantecon.ctmc.stationarity-ergodicity,35,quantecon/lectures/ergodicity.html,ergodicity-solution-2,built,rights.quantecon.cc-by-sa-4.0
unit.o009.quantecon.ctmc.stationarity-ergodicity.ergodicity-solution-3,unit.o009.quantecon.ctmc.stationarity-ergodicity,37,quantecon/lectures/ergodicity.html,ergodicity-solution-3,built,rights.quantecon.cc-by-sa-4.0
unit.o009.quantecon.ctmc.stationarity-ergodicity.example-001,unit.o009.quantecon.ctmc.stationarity-ergodicity,23,quantecon/lectures/ergodicity.html,example-001,built,rights.quantecon.cc-by-sa-4.0
unit.o009.quantecon.ctmc.stationarity-ergodicity.example-002,unit.o009.quantecon.ctmc.stationarity-ergodicity,29,quantecon/lectures/ergodicity.html,example-002,built,rights.quantecon.cc-by-sa-4.0
unit.o009.quantecon.ctmc.stationarity-ergodicity.figure-ergodicity-cell-04-figure-01,unit.o009.quantecon.ctmc.stationarity-ergodicity.qe-cell-4,9,quantecon/lectures/ergodicity.html,figure-ergodicity-cell-04-figure-01,built,rights.quantecon.cc-by-sa-4.0
unit.o009.quantecon.ctmc.stationarity-ergodicity.gambaran-umum,unit.o009.quantecon.ctmc.stationarity-ergodicity,3,quantecon/lectures/ergodicity.html,gambaran-umum,built,rights.quantecon.cc-by-sa-4.0
unit.o009.quantecon.ctmc.stationarity-ergodicity.kestabilan-asimtotik,unit.o009.quantecon.ctmc.stationarity-ergodicity,17,quantecon/lectures/ergodicity.html,kestabilan-asimtotik,built,rights.quantecon.cc-by-sa-4.0
unit.o009.quantecon.ctmc.stationarity-ergodicity.kestabilan-melalui-hanyutan,unit.o009.quantecon.ctmc.stationarity-ergodicity,27,quantecon/lectures/ergodicity.html,kestabilan-melalui-hanyutan,built,rights.quantecon.cc-by-sa-4.0
unit.o009.quantecon.ctmc.stationarity-ergodicity.kestabilan-melalui-rantai-kerangka,unit.o009.quantecon.ctmc.stationarity-ergodicity,24,quantecon/lectures/ergodicity.html,kestabilan-melalui-rantai-kerangka,built,rights.quantecon.cc-by-sa-4.0
unit.o009.quantecon.ctmc.stationarity-ergodicity.ketaktereduksian-dan-ketunggalan,unit.o009.quantecon.ctmc.stationarity-ergodicity,13,quantecon/lectures/ergodicity.html,ketaktereduksian-dan-ketunggalan,built,rights.quantecon.cc-by-sa-4.0
unit.o009.quantecon.ctmc.stationarity-ergodicity.ketunggalan,unit.o009.quantecon.ctmc.stationarity-ergodicity,20,quantecon/lectures/ergodicity.html,ketunggalan,built,rights.quantecon.cc-by-sa-4.0
unit.o009.quantecon.ctmc.stationarity-ergodicity.kontraktivitas,unit.o009.quantecon.ctmc.stationarity-ergodicity,18,quantecon/lectures/ergodicity.html,kontraktivitas,built,rights.quantecon.cc-by-sa-4.0
unit.o009.quantecon.ctmc.stationarity-ergodicity.latihan,unit.o009.quantecon.ctmc.stationarity-ergodicity,31,quantecon/lectures/ergodicity.html,latihan,built,rights.quantecon.cc-by-sa-4.0
unit.o009.quantecon.ctmc.stationarity-ergodicity.perimposs,unit.o009.quantecon.ctmc.stationarity-ergodicity,16,quantecon/lectures/ergodicity.html,perimposs,built,rights.quantecon.cc-by-sa-4.0
unit.o009.quantecon.ctmc.stationarity-ergodicity.proof-001,unit.o009.quantecon.ctmc.stationarity-ergodicity,12,quantecon/lectures/ergodicity.html,proof-001,built,rights.quantecon.cc-by-sa-4.0
unit.o009.quantecon.ctmc.stationarity-ergodicity.proof-002,unit.o009.quantecon.ctmc.stationarity-ergodicity,15,quantecon/lectures/ergodicity.html,proof-002,built,rights.quantecon.cc-by-sa-4.0
unit.o009.quantecon.ctmc.stationarity-ergodicity.proof-003,unit.o009.quantecon.ctmc.stationarity-ergodicity,22,quantecon/lectures/ergodicity.html,proof-003,built,rights.quantecon.cc-by-sa-4.0
unit.o009.quantecon.ctmc.stationarity-ergodicity.proof-004,unit.o009.quantecon.ctmc.stationarity-ergodicity,26,quantecon/lectures/ergodicity.html,proof-004,built,rights.quantecon.cc-by-sa-4.0
unit.o009.quantecon.ctmc.stationarity-ergodicity.qe-cell-1,unit.o009.quantecon.ctmc.stationarity-ergodicity,2,quantecon/lectures/ergodicity.html,qe-cell-1,built,rights.quantecon.cc-by-sa-4.0
unit.o009.quantecon.ctmc.stationarity-ergodicity.qe-cell-2,unit.o009.quantecon.ctmc.stationarity-ergodicity,4,quantecon/lectures/ergodicity.html,qe-cell-2,built,rights.quantecon.cc-by-sa-4.0
unit.o009.quantecon.ctmc.stationarity-ergodicity.qe-cell-3,unit.o009.quantecon.ctmc.stationarity-ergodicity,7,quantecon/lectures/ergodicity.html,qe-cell-3,built,rights.quantecon.cc-by-sa-4.0
unit.o009.quantecon.ctmc.stationarity-ergodicity.qe-cell-4,unit.o009.quantecon.ctmc.stationarity-ergodicity,8,quantecon/lectures/ergodicity.html,qe-cell-4,built,rights.quantecon.cc-by-sa-4.0
unit.o009.quantecon.ctmc.stationarity-ergodicity.sdrift,unit.o009.quantecon.ctmc.stationarity-ergodicity,28,quantecon/lectures/ergodicity.html,sdrift,built,rights.quantecon.cc-by-sa-4.0
unit.o009.quantecon.ctmc.stationarity-ergodicity.sfinite,unit.o009.quantecon.ctmc.stationarity-ergodicity,30,quantecon/lectures/ergodicity.html,sfinite,built,rights.quantecon.cc-by-sa-4.0
unit.o009.quantecon.ctmc.stationarity-ergodicity.stabskel,unit.o009.quantecon.ctmc.stationarity-ergodicity,25,quantecon/lectures/ergodicity.html,stabskel,built,rights.quantecon.cc-by-sa-4.0
unit.o009.quantecon.ctmc.stationarity-ergodicity.stasioneritas-dan-ergodisitas,unit.o009.quantecon.ctmc.stationarity-ergodicity,1,quantecon/lectures/ergodicity.html,stasioneritas-dan-ergodisitas,built,rights.quantecon.cc-by-sa-4.0
unit.o009.quantecon.ctmc.stationarity-ergodicity.stasioneritas-melalui-generator,unit.o009.quantecon.ctmc.stationarity-ergodicity,10,quantecon/lectures/ergodicity.html,stasioneritas-melalui-generator,built,rights.quantecon.cc-by-sa-4.0
unit.o009.quantecon.ctmc.stationarity-ergodicity.statfromq,unit.o009.quantecon.ctmc.stationarity-ergodicity,11,quantecon/lectures/ergodicity.html,statfromq,built,rights.quantecon.cc-by-sa-4.0
unit.o009.quantecon.ctmc.stationarity-ergodicity.strictcontract,unit.o009.quantecon.ctmc.stationarity-ergodicity,19,quantecon/lectures/ergodicity.html,strictcontract,built,rights.quantecon.cc-by-sa-4.0
unit.o009.quantecon.ctmc.stationarity-ergodicity.uniirr,unit.o009.quantecon.ctmc.stationarity-ergodicity,21,quantecon/lectures/ergodicity.html,uniirr,built,rights.quantecon.cc-by-sa-4.0
unit.o009.quantecon.ctmc.uniformly-continuous-markov-semigroups,course.o009.d30,26,quantecon/lectures/uc_mc_semigroups.html,lectures/uc_mc_semigroups.md,structurally_verified,rights.quantecon.cc-by-sa-4.0
unit.o009.quantecon.ctmc.uniformly-continuous-markov-semigroups.dari-matriks-intensitas-ke-rantai-lompatan,unit.o009.quantecon.ctmc.uniformly-continuous-markov-semigroups,12,quantecon/lectures/uc_mc_semigroups.html,dari-matriks-intensitas-ke-rantai-lompatan,built,rights.quantecon.cc-by-sa-4.0
unit.o009.quantecon.ctmc.uniformly-continuous-markov-semigroups.dekomposisi-rantai-lompatan,unit.o009.quantecon.ctmc.uniformly-continuous-markov-semigroups,14,quantecon/lectures/uc_mc_semigroups.html,dekomposisi-rantai-lompatan,built,rights.quantecon.cc-by-sa-4.0
unit.o009.quantecon.ctmc.uniformly-continuous-markov-semigroups.gambaran-umum,unit.o009.quantecon.ctmc.uniformly-continuous-markov-semigroups,2,quantecon/lectures/uc_mc_semigroups.html,gambaran-umum,built,rights.quantecon.cc-by-sa-4.0
unit.o009.quantecon.ctmc.uniformly-continuous-markov-semigroups.imatjc,unit.o009.quantecon.ctmc.uniformly-continuous-markov-semigroups,15,quantecon/lectures/uc_mc_semigroups.html,imatjc,built,rights.quantecon.cc-by-sa-4.0
unit.o009.quantecon.ctmc.uniformly-continuous-markov-semigroups.jccs,unit.o009.quantecon.ctmc.uniformly-continuous-markov-semigroups,10,quantecon/lectures/uc_mc_semigroups.html,jccs,built,rights.quantecon.cc-by-sa-4.0
unit.o009.quantecon.ctmc.uniformly-continuous-markov-semigroups.kasus-konservatif,unit.o009.quantecon.ctmc.uniformly-continuous-markov-semigroups,16,quantecon/lectures/uc_mc_semigroups.html,kasus-konservatif,built,rights.quantecon.cc-by-sa-4.0
unit.o009.quantecon.ctmc.uniformly-continuous-markov-semigroups.kasus-ruang-keadaan-berhingga,unit.o009.quantecon.ctmc.uniformly-continuous-markov-semigroups,11,quantecon/lectures/uc_mc_semigroups.html,kasus-ruang-keadaan-berhingga,built,rights.quantecon.cc-by-sa-4.0
unit.o009.quantecon.ctmc.uniformly-continuous-markov-semigroups.latihan,unit.o009.quantecon.ctmc.uniformly-continuous-markov-semigroups,20,quantecon/lectures/uc_mc_semigroups.html,latihan,built,rights.quantecon.cc-by-sa-4.0
unit.o009.quantecon.ctmc.uniformly-continuous-markov-semigroups.melampaui-matriks-intensitas-terbatas,unit.o009.quantecon.ctmc.uniformly-continuous-markov-semigroups,19,quantecon/lectures/uc_mc_semigroups.html,melampaui-matriks-intensitas-terbatas,built,rights.quantecon.cc-by-sa-4.0
unit.o009.quantecon.ctmc.uniformly-continuous-markov-semigroups.notasi-dan-terminologi,unit.o009.quantecon.ctmc.uniformly-continuous-markov-semigroups,3,quantecon/lectures/uc_mc_semigroups.html,notasi-dan-terminologi,built,rights.quantecon.cc-by-sa-4.0
unit.o009.quantecon.ctmc.uniformly-continuous-markov-semigroups.pasangan-rantai-lompatan,unit.o009.quantecon.ctmc.uniformly-continuous-markov-semigroups,13,quantecon/lectures/uc_mc_semigroups.html,pasangan-rantai-lompatan,built,rights.quantecon.cc-by-sa-4.0
unit.o009.quantecon.ctmc.uniformly-continuous-markov-semigroups.proof-001,unit.o009.quantecon.ctmc.uniformly-continuous-markov-semigroups,6,quantecon/lectures/uc_mc_semigroups.html,proof-001,built,rights.quantecon.cc-by-sa-4.0
unit.o009.quantecon.ctmc.uniformly-continuous-markov-semigroups.scintcon,unit.o009.quantecon.ctmc.uniformly-continuous-markov-semigroups,9,quantecon/lectures/uc_mc_semigroups.html,scintcon,built,rights.quantecon.cc-by-sa-4.0
unit.o009.quantecon.ctmc.uniformly-continuous-markov-semigroups.semigrup-markov-uc-dan-generatornya,unit.o009.quantecon.ctmc.uniformly-continuous-markov-semigroups,4,quantecon/lectures/uc_mc_semigroups.html,semigrup-markov-uc-dan-generatornya,built,rights.quantecon.cc-by-sa-4.0
unit.o009.quantecon.ctmc.uniformly-continuous-markov-semigroups.semigrup-markov-yang-kontinu-seragam,unit.o009.quantecon.ctmc.uniformly-continuous-markov-semigroups,1,quantecon/lectures/uc_mc_semigroups.html,semigrup-markov-yang-kontinu-seragam,built,rights.quantecon.cc-by-sa-4.0
unit.o009.quantecon.ctmc.uniformly-continuous-markov-semigroups.simulasi,unit.o009.quantecon.ctmc.uniformly-continuous-markov-semigroups,18,quantecon/lectures/uc_mc_semigroups.html,simulasi,built,rights.quantecon.cc-by-sa-4.0
unit.o009.quantecon.ctmc.uniformly-continuous-markov-semigroups.syarat-perlu-dan-cukup,unit.o009.quantecon.ctmc.uniformly-continuous-markov-semigroups,8,quantecon/lectures/uc_mc_semigroups.html,syarat-perlu-dan-cukup,built,rights.quantecon.cc-by-sa-4.0
unit.o009.quantecon.ctmc.uniformly-continuous-markov-semigroups.theorem-002,unit.o009.quantecon.ctmc.uniformly-continuous-markov-semigroups,17,quantecon/lectures/uc_mc_semigroups.html,theorem-002,built,rights.quantecon.cc-by-sa-4.0
unit.o009.quantecon.ctmc.uniformly-continuous-markov-semigroups.uc-mc-semigroups-ex-1,unit.o009.quantecon.ctmc.uniformly-continuous-markov-semigroups,21,quantecon/lectures/uc_mc_semigroups.html,uc-mc-semigroups-ex-1,built,rights.quantecon.cc-by-sa-4.0
unit.o009.quantecon.ctmc.uniformly-continuous-markov-semigroups.uc-mc-semigroups-ex-2,unit.o009.quantecon.ctmc.uniformly-continuous-markov-semigroups,23,quantecon/lectures/uc_mc_semigroups.html,uc-mc-semigroups-ex-2,built,rights.quantecon.cc-by-sa-4.0
unit.o009.quantecon.ctmc.uniformly-continuous-markov-semigroups.uc-mc-semigroups-ex-3,unit.o009.quantecon.ctmc.uniformly-continuous-markov-semigroups,25,quantecon/lectures/uc_mc_semigroups.html,uc-mc-semigroups-ex-3,built,rights.quantecon.cc-by-sa-4.0
unit.o009.quantecon.ctmc.uniformly-continuous-markov-semigroups.uc-mc-semigroups-ex-4,unit.o009.quantecon.ctmc.uniformly-continuous-markov-semigroups,27,quantecon/lectures/uc_mc_semigroups.html,uc-mc-semigroups-ex-4,built,rights.quantecon.cc-by-sa-4.0
unit.o009.quantecon.ctmc.uniformly-continuous-markov-semigroups.uc-mc-semigroups-ex-5,unit.o009.quantecon.ctmc.uniformly-continuous-markov-semigroups,29,quantecon/lectures/uc_mc_semigroups.html,uc-mc-semigroups-ex-5,built,rights.quantecon.cc-by-sa-4.0
unit.o009.quantecon.ctmc.uniformly-continuous-markov-semigroups.uc-mc-semigroups-prf-1,unit.o009.quantecon.ctmc.uniformly-continuous-markov-semigroups,7,quantecon/lectures/uc_mc_semigroups.html,uc-mc-semigroups-prf-1,built,rights.quantecon.cc-by-sa-4.0
unit.o009.quantecon.ctmc.uniformly-continuous-markov-semigroups.uc_mc_semigroups-solution-1,unit.o009.quantecon.ctmc.uniformly-continuous-markov-semigroups,22,quantecon/lectures/uc_mc_semigroups.html,uc_mc_semigroups-solution-1,built,rights.quantecon.cc-by-sa-4.0
unit.o009.quantecon.ctmc.uniformly-continuous-markov-semigroups.uc_mc_semigroups-solution-2,unit.o009.quantecon.ctmc.uniformly-continuous-markov-semigroups,24,quantecon/lectures/uc_mc_semigroups.html,uc_mc_semigroups-solution-2,built,rights.quantecon.cc-by-sa-4.0
unit.o009.quantecon.ctmc.uniformly-continuous-markov-semigroups.uc_mc_semigroups-solution-3,unit.o009.quantecon.ctmc.uniformly-continuous-markov-semigroups,26,quantecon/lectures/uc_mc_semigroups.html,uc_mc_semigroups-solution-3,built,rights.quantecon.cc-by-sa-4.0
unit.o009.quantecon.ctmc.uniformly-continuous-markov-semigroups.uc_mc_semigroups-solution-4,unit.o009.quantecon.ctmc.uniformly-continuous-markov-semigroups,28,quantecon/lectures/uc_mc_semigroups.html,uc_mc_semigroups-solution-4,built,rights.quantecon.cc-by-sa-4.0
unit.o009.quantecon.ctmc.uniformly-continuous-markov-semigroups.uc_mc_semigroups-solution-5,unit.o009.quantecon.ctmc.uniformly-continuous-markov-semigroups,30,quantecon/lectures/uc_mc_semigroups.html,uc_mc_semigroups-solution-5,built,rights.quantecon.cc-by-sa-4.0
unit.o009.quantecon.ctmc.uniformly-continuous-markov-semigroups.usmg,unit.o009.quantecon.ctmc.uniformly-continuous-markov-semigroups,5,quantecon/lectures/uc_mc_semigroups.html,usmg,built,rights.quantecon.cc-by-sa-4.0
unit.o009.random.brown.bridge,course.o009.d30,31,brown/Bridge.html,brown/Bridge.html,structurally_verified,rights.random.dual-witness
unit.o009.random.brown.bridge.app,unit.o009.random.brown.bridge,139,brown/Bridge.html,app,structurally_verified,rights.random.dual-witness
unit.o009.random.brown.bridge.def,unit.o009.random.brown.bridge,35,brown/Bridge.html,def,structurally_verified,rights.random.dual-witness
unit.o009.random.brown.bridge.def1,unit.o009.random.brown.bridge,42,brown/Bridge.html,def1,structurally_verified,rights.random.dual-witness
unit.o009.random.brown.bridge.def2,unit.o009.random.brown.bridge,52,brown/Bridge.html,def2,structurally_verified,rights.random.dual-witness
unit.o009.random.brown.bridge.def3,unit.o009.random.brown.bridge,63,brown/Bridge.html,def3,structurally_verified,rights.random.dual-witness
unit.o009.random.brown.bridge.def4,unit.o009.random.brown.bridge,67,brown/Bridge.html,def4,structurally_verified,rights.random.dual-witness
unit.o009.random.brown.bridge.def5,unit.o009.random.brown.bridge,72,brown/Bridge.html,def5,structurally_verified,rights.random.dual-witness
unit.o009.random.brown.bridge.def6,unit.o009.random.brown.bridge,106,brown/Bridge.html,def6,structurally_verified,rights.random.dual-witness
unit.o009.random.brown.bridge.def7,unit.o009.random.brown.bridge,83,brown/Bridge.html,def7,structurally_verified,rights.random.dual-witness
unit.o009.random.brown.bridge.def8,unit.o009.random.brown.bridge,94,brown/Bridge.html,def8,structurally_verified,rights.random.dual-witness
unit.o009.random.brown.bridge.details-001,unit.o009.random.brown.bridge.def2,54,brown/Bridge.html,,structurally_verified,rights.random.dual-witness
unit.o009.random.brown.bridge.details-002,unit.o009.random.brown.bridge.def5,74,brown/Bridge.html,,structurally_verified,rights.random.dual-witness
unit.o009.random.brown.bridge.details-003,unit.o009.random.brown.bridge.def7,85,brown/Bridge.html,,structurally_verified,rights.random.dual-witness
unit.o009.random.brown.bridge.details-004,unit.o009.random.brown.bridge.def8,96,brown/Bridge.html,,structurally_verified,rights.random.dual-witness
unit.o009.random.brown.bridge.details-005,unit.o009.random.brown.bridge.def6,108,brown/Bridge.html,,structurally_verified,rights.random.dual-witness
unit.o009.random.brown.bridge.details-006,unit.o009.random.brown.bridge.div-009,115,brown/Bridge.html,,structurally_verified,rights.random.dual-witness
unit.o009.random.brown.bridge.details-007,unit.o009.random.brown.bridge.edf2,167,brown/Bridge.html,,structurally_verified,rights.random.dual-witness
unit.o009.random.brown.bridge.div-009,unit.o009.random.brown.bridge,113,brown/Bridge.html,,structurally_verified,rights.random.dual-witness
unit.o009.random.brown.bridge.edf,unit.o009.random.brown.bridge,140,brown/Bridge.html,edf,structurally_verified,rights.random.dual-witness
unit.o009.random.brown.bridge.edf1,unit.o009.random.brown.bridge,150,brown/Bridge.html,edf1,structurally_verified,rights.random.dual-witness
unit.o009.random.brown.bridge.edf2,unit.o009.random.brown.bridge,165,brown/Bridge.html,edf2,structurally_verified,rights.random.dual-witness
unit.o009.random.brown.bridge.gen,unit.o009.random.brown.bridge,124,brown/Bridge.html,gen,structurally_verified,rights.random.dual-witness
unit.o009.random.brown.bridge.gen1,unit.o009.random.brown.bridge,127,brown/Bridge.html,gen1,structurally_verified,rights.random.dual-witness
unit.o009.random.brown.bridge.gen2,unit.o009.random.brown.bridge,131,brown/Bridge.html,gen2,structurally_verified,rights.random.dual-witness
unit.o009.random.brown.bridge.h2-001,unit.o009.random.brown.bridge,33,brown/Bridge.html,,structurally_verified,rights.random.dual-witness
unit.o009.random.brown.bridge.h3-001,unit.o009.random.brown.bridge,34,brown/Bridge.html,,structurally_verified,rights.random.dual-witness
unit.o009.random.brown.drift,course.o009.d30,30,brown/Drift.html,brown/Drift.html,structurally_verified,rights.random.dual-witness
unit.o009.random.brown.drift.def,unit.o009.random.brown.drift,35,brown/Drift.html,def,structurally_verified,rights.random.dual-witness
unit.o009.random.brown.drift.def1,unit.o009.random.brown.drift,38,brown/Drift.html,def1,structurally_verified,rights.random.dual-witness
unit.o009.random.brown.drift.def2,unit.o009.random.brown.drift,49,brown/Drift.html,def2,structurally_verified,rights.random.dual-witness
unit.o009.random.brown.drift.def3,unit.o009.random.brown.drift,53,brown/Drift.html,def3,structurally_verified,rights.random.dual-witness
unit.o009.random.brown.drift.details-001,unit.o009.random.brown.drift.def3,58,brown/Drift.html,,structurally_verified,rights.random.dual-witness
unit.o009.random.brown.drift.details-002,unit.o009.random.brown.drift.dis1,67,brown/Drift.html,,structurally_verified,rights.random.dual-witness
unit.o009.random.brown.drift.details-003,unit.o009.random.brown.drift.dis2,76,brown/Drift.html,,structurally_verified,rights.random.dual-witness
unit.o009.random.brown.drift.details-004,unit.o009.random.brown.drift.trn1,84,brown/Drift.html,,structurally_verified,rights.random.dual-witness
unit.o009.random.brown.drift.details-005,unit.o009.random.brown.drift.trn3,94,brown/Drift.html,,structurally_verified,rights.random.dual-witness
unit.o009.random.brown.drift.details-006,unit.o009.random.brown.drift.mar1,103,brown/Drift.html,,structurally_verified,rights.random.dual-witness
unit.o009.random.brown.drift.details-007,unit.o009.random.brown.drift.mar2,112,brown/Drift.html,,structurally_verified,rights.random.dual-witness
unit.o009.random.brown.drift.dis,unit.o009.random.brown.drift,62,brown/Drift.html,dis,structurally_verified,rights.random.dual-witness
unit.o009.random.brown.drift.dis1,unit.o009.random.brown.drift,65,brown/Drift.html,dis1,structurally_verified,rights.random.dual-witness
unit.o009.random.brown.drift.dis2,unit.o009.random.brown.drift,71,brown/Drift.html,dis2,structurally_verified,rights.random.dual-witness
unit.o009.random.brown.drift.h2-001,unit.o009.random.brown.drift,33,brown/Drift.html,,structurally_verified,rights.random.dual-witness
unit.o009.random.brown.drift.h3-001,unit.o009.random.brown.drift,34,brown/Drift.html,,structurally_verified,rights.random.dual-witness
unit.o009.random.brown.drift.mar,unit.o009.random.brown.drift,97,brown/Drift.html,mar,structurally_verified,rights.random.dual-witness
unit.o009.random.brown.drift.mar1,unit.o009.random.brown.drift,101,brown/Drift.html,mar1,structurally_verified,rights.random.dual-witness
unit.o009.random.brown.drift.mar2,unit.o009.random.brown.drift,107,brown/Drift.html,mar2,structurally_verified,rights.random.dual-witness
unit.o009.random.brown.drift.mar3,unit.o009.random.brown.drift,121,brown/Drift.html,mar3,structurally_verified,rights.random.dual-witness
unit.o009.random.brown.drift.trn,unit.o009.random.brown.drift,80,brown/Drift.html,trn,structurally_verified,rights.random.dual-witness
unit.o009.random.brown.drift.trn1,unit.o009.random.brown.drift,82,brown/Drift.html,trn1,structurally_verified,rights.random.dual-witness
unit.o009.random.brown.drift.trn2,unit.o009.random.brown.drift,88,brown/Drift.html,trn2,structurally_verified,rights.random.dual-witness
unit.o009.random.brown.drift.trn3,unit.o009.random.brown.drift,92,brown/Drift.html,trn3,structurally_verified,rights.random.dual-witness
unit.o009.random.brown.geometric,course.o009.d30,32,brown/Geometric.html,brown/Geometric.html,structurally_verified,rights.random.dual-witness
unit.o009.random.brown.geometric.def,unit.o009.random.brown.geometric,37,brown/Geometric.html,def,structurally_verified,rights.random.dual-witness
unit.o009.random.brown.geometric.def1,unit.o009.random.brown.geometric,38,brown/Geometric.html,def1,structurally_verified,rights.random.dual-witness
unit.o009.random.brown.geometric.def2,unit.o009.random.brown.geometric,47,brown/Geometric.html,def2,structurally_verified,rights.random.dual-witness
unit.o009.random.brown.geometric.def3,unit.o009.random.brown.geometric,50,brown/Geometric.html,def3,structurally_verified,rights.random.dual-witness
unit.o009.random.brown.geometric.details-001,unit.o009.random.brown.geometric.dst1,60,brown/Geometric.html,,structurally_verified,rights.random.dual-witness
unit.o009.random.brown.geometric.details-002,unit.o009.random.brown.geometric.dst3,70,brown/Geometric.html,,structurally_verified,rights.random.dual-witness
unit.o009.random.brown.geometric.details-003,unit.o009.random.brown.geometric.dist4,75,brown/Geometric.html,,structurally_verified,rights.random.dual-witness
unit.o009.random.brown.geometric.details-004,unit.o009.random.brown.geometric.mom1,81,brown/Geometric.html,,structurally_verified,rights.random.dual-witness
unit.o009.random.brown.geometric.details-005,unit.o009.random.brown.geometric.prp1,113,brown/Geometric.html,,structurally_verified,rights.random.dual-witness
unit.o009.random.brown.geometric.details-006,unit.o009.random.brown.geometric.div-014,123,brown/Geometric.html,,structurally_verified,rights.random.dual-witness
unit.o009.random.brown.geometric.dist4,unit.o009.random.brown.geometric,73,brown/Geometric.html,dist4,structurally_verified,rights.random.dual-witness
unit.o009.random.brown.geometric.div-014,unit.o009.random.brown.geometric,121,brown/Geometric.html,,structurally_verified,rights.random.dual-witness
unit.o009.random.brown.geometric.dst,unit.o009.random.brown.geometric,53,brown/Geometric.html,dst,structurally_verified,rights.random.dual-witness
unit.o009.random.brown.geometric.dst1,unit.o009.random.brown.geometric,54,brown/Geometric.html,dst1,structurally_verified,rights.random.dual-witness
unit.o009.random.brown.geometric.dst2,unit.o009.random.brown.geometric,64,brown/Geometric.html,dst2,structurally_verified,rights.random.dual-witness
unit.o009.random.brown.geometric.dst3,unit.o009.random.brown.geometric,67,brown/Geometric.html,dst3,structurally_verified,rights.random.dual-witness
unit.o009.random.brown.geometric.h2-001,unit.o009.random.brown.geometric,33,brown/Geometric.html,,structurally_verified,rights.random.dual-witness
unit.o009.random.brown.geometric.h3-001,unit.o009.random.brown.geometric,34,brown/Geometric.html,,structurally_verified,rights.random.dual-witness
unit.o009.random.brown.geometric.mom,unit.o009.random.brown.geometric,78,brown/Geometric.html,mom,structurally_verified,rights.random.dual-witness
unit.o009.random.brown.geometric.mom1,unit.o009.random.brown.geometric,79,brown/Geometric.html,mom1,structurally_verified,rights.random.dual-witness
unit.o009.random.brown.geometric.mom2,unit.o009.random.brown.geometric,86,brown/Geometric.html,mom2,structurally_verified,rights.random.dual-witness
unit.o009.random.brown.geometric.mom3,unit.o009.random.brown.geometric,93,brown/Geometric.html,mom3,structurally_verified,rights.random.dual-witness
unit.o009.random.brown.geometric.mom4,unit.o009.random.brown.geometric,99,brown/Geometric.html,mom4,structurally_verified,rights.random.dual-witness
unit.o009.random.brown.geometric.mom5,unit.o009.random.brown.geometric,102,brown/Geometric.html,mom5,structurally_verified,rights.random.dual-witness
unit.o009.random.brown.geometric.prp,unit.o009.random.brown.geometric,105,brown/Geometric.html,prp,structurally_verified,rights.random.dual-witness
unit.o009.random.brown.geometric.prp1,unit.o009.random.brown.geometric,107,brown/Geometric.html,prp1,structurally_verified,rights.random.dual-witness
unit.o009.random.brown.index,course.o009.d30,35,brown/index.html,brown/index.html,structurally_verified,rights.random.dual-witness
unit.o009.random.brown.index.apps,unit.o009.random.brown.index,68,brown/index.html,apps,structurally_verified,rights.random.dual-witness
unit.o009.random.brown.index.ext,unit.o009.random.brown.index,88,brown/index.html,ext,structurally_verified,rights.random.dual-witness
unit.o009.random.brown.index.h4-002,unit.o009.random.brown.index,56,brown/index.html,,structurally_verified,rights.random.dual-witness
unit.o009.random.brown.index.h4-003,unit.o009.random.brown.index,60,brown/index.html,,structurally_verified,rights.random.dual-witness
unit.o009.random.brown.index.h4-006,unit.o009.random.brown.index,100,brown/index.html,,structurally_verified,rights.random.dual-witness
unit.o009.random.brown.index.sum,unit.o009.random.brown.index,54,brown/index.html,sum,structurally_verified,rights.random.dual-witness
unit.o009.random.brown.standard,course.o009.d30,29,brown/Standard.html,brown/Standard.html,structurally_verified,rights.random.dual-witness
unit.o009.random.brown.standard.5,unit.o009.random.brown.standard,248,brown/Standard.html,5,structurally_verified,rights.random.dual-witness
unit.o009.random.brown.standard.arc,unit.o009.random.brown.standard,335,brown/Standard.html,arc,structurally_verified,rights.random.dual-witness
unit.o009.random.brown.standard.arc1,unit.o009.random.brown.standard,338,brown/Standard.html,arc1,structurally_verified,rights.random.dual-witness
unit.o009.random.brown.standard.arc2,unit.o009.random.brown.standard,345,brown/Standard.html,arc2,structurally_verified,rights.random.dual-witness
unit.o009.random.brown.standard.arc3,unit.o009.random.brown.standard,352,brown/Standard.html,arc3,structurally_verified,rights.random.dual-witness
unit.o009.random.brown.standard.arc4,unit.o009.random.brown.standard,362,brown/Standard.html,arc4,structurally_verified,rights.random.dual-witness
unit.o009.random.brown.standard.arc5,unit.o009.random.brown.standard,370,brown/Standard.html,arc5,structurally_verified,rights.random.dual-witness
unit.o009.random.brown.standard.arc6,unit.o009.random.brown.standard,373,brown/Standard.html,arc6,structurally_verified,rights.random.dual-witness
unit.o009.random.brown.standard.def,unit.o009.random.brown.standard,51,brown/Standard.html,def,structurally_verified,rights.random.dual-witness
unit.o009.random.brown.standard.def1,unit.o009.random.brown.standard,52,brown/Standard.html,def1,structurally_verified,rights.random.dual-witness
unit.o009.random.brown.standard.def2,unit.o009.random.brown.standard,75,brown/Standard.html,def2,structurally_verified,rights.random.dual-witness
unit.o009.random.brown.standard.def3,unit.o009.random.brown.standard,91,brown/Standard.html,def3,structurally_verified,rights.random.dual-witness
unit.o009.random.brown.standard.details-001,unit.o009.random.brown.standard.def2,78,brown/Standard.html,,structurally_verified,rights.random.dual-witness
unit.o009.random.brown.standard.details-002,unit.o009.random.brown.standard.dis1,107,brown/Standard.html,,structurally_verified,rights.random.dual-witness
unit.o009.random.brown.standard.details-003,unit.o009.random.brown.standard.dis2,112,brown/Standard.html,,structurally_verified,rights.random.dual-witness
unit.o009.random.brown.standard.details-004,unit.o009.random.brown.standard.div-008,122,brown/Standard.html,,structurally_verified,rights.random.dual-witness
unit.o009.random.brown.standard.details-005,unit.o009.random.brown.standard.div-009,128,brown/Standard.html,,structurally_verified,rights.random.dual-witness
unit.o009.random.brown.standard.details-006,unit.o009.random.brown.standard.trn1,135,brown/Standard.html,,structurally_verified,rights.random.dual-witness
unit.o009.random.brown.standard.details-007,unit.o009.random.brown.standard.trn2,143,brown/Standard.html,,structurally_verified,rights.random.dual-witness
unit.o009.random.brown.standard.details-008,unit.o009.random.brown.standard.trn3,151,brown/Standard.html,,structurally_verified,rights.random.dual-witness
unit.o009.random.brown.standard.details-009,unit.o009.random.brown.standard.trn5,158,brown/Standard.html,,structurally_verified,rights.random.dual-witness
unit.o009.random.brown.standard.details-010,unit.o009.random.brown.standard.trn4,167,brown/Standard.html,,structurally_verified,rights.random.dual-witness
unit.o009.random.brown.standard.details-011,unit.o009.random.brown.standard.mar1,199,brown/Standard.html,,structurally_verified,rights.random.dual-witness
unit.o009.random.brown.standard.details-012,unit.o009.random.brown.standard.mar2,208,brown/Standard.html,,structurally_verified,rights.random.dual-witness
unit.o009.random.brown.standard.details-013,unit.o009.random.brown.standard.mrt1,239,brown/Standard.html,,structurally_verified,rights.random.dual-witness
unit.o009.random.brown.standard.details-014,unit.o009.random.brown.standard.mrt2,245,brown/Standard.html,,structurally_verified,rights.random.dual-witness
unit.o009.random.brown.standard.details-015,unit.o009.random.brown.standard.max1,252,brown/Standard.html,,structurally_verified,rights.random.dual-witness
unit.o009.random.brown.standard.details-016,unit.o009.random.brown.standard.max2,258,brown/Standard.html,,structurally_verified,rights.random.dual-witness
unit.o009.random.brown.standard.details-017,unit.o009.random.brown.standard.max5,277,brown/Standard.html,,structurally_verified,rights.random.dual-witness
unit.o009.random.brown.standard.details-018,unit.o009.random.brown.standard.max6,284,brown/Standard.html,,structurally_verified,rights.random.dual-witness
unit.o009.random.brown.standard.details-019,unit.o009.random.brown.standard.max7,291,brown/Standard.html,,structurally_verified,rights.random.dual-witness
unit.o009.random.brown.standard.details-020,unit.o009.random.brown.standard.max8,297,brown/Standard.html,,structurally_verified,rights.random.dual-witness
unit.o009.random.brown.standard.details-021,unit.o009.random.brown.standard.max9,303,brown/Standard.html,,structurally_verified,rights.random.dual-witness
unit.o009.random.brown.standard.details-022,unit.o009.random.brown.standard.max10,312,brown/Standard.html,,structurally_verified,rights.random.dual-witness
unit.o009.random.brown.standard.details-023,unit.o009.random.brown.standard.max11,325,brown/Standard.html,,structurally_verified,rights.random.dual-witness
unit.o009.random.brown.standard.details-024,unit.o009.random.brown.standard.arc1,340,brown/Standard.html,,structurally_verified,rights.random.dual-witness
unit.o009.random.brown.standard.details-025,unit.o009.random.brown.standard.arc2,347,brown/Standard.html,,structurally_verified,rights.random.dual-witness
unit.o009.random.brown.standard.details-026,unit.o009.random.brown.standard.arc3,355,brown/Standard.html,,structurally_verified,rights.random.dual-witness
unit.o009.random.brown.standard.details-027,unit.o009.random.brown.standard.arc4,367,brown/Standard.html,,structurally_verified,rights.random.dual-witness
unit.o009.random.brown.standard.details-028,unit.o009.random.brown.standard.div-047,386,brown/Standard.html,,structurally_verified,rights.random.dual-witness
unit.o009.random.brown.standard.dis,unit.o009.random.brown.standard,102,brown/Standard.html,dis,structurally_verified,rights.random.dual-witness
unit.o009.random.brown.standard.dis1,unit.o009.random.brown.standard,105,brown/Standard.html,dis1,structurally_verified,rights.random.dual-witness
unit.o009.random.brown.standard.dis2,unit.o009.random.brown.standard,110,brown/Standard.html,dis2,structurally_verified,rights.random.dual-witness
unit.o009.random.brown.standard.div-008,unit.o009.random.brown.standard,117,brown/Standard.html,,structurally_verified,rights.random.dual-witness
unit.o009.random.brown.standard.div-009,unit.o009.random.brown.standard,126,brown/Standard.html,,structurally_verified,rights.random.dual-witness
unit.o009.random.brown.standard.div-047,unit.o009.random.brown.standard,379,brown/Standard.html,,structurally_verified,rights.random.dual-witness
unit.o009.random.brown.standard.div-048,unit.o009.random.brown.standard,397,brown/Standard.html,,structurally_verified,rights.random.dual-witness
unit.o009.random.brown.standard.div-050,unit.o009.random.brown.standard,406,brown/Standard.html,,structurally_verified,rights.random.dual-witness
unit.o009.random.brown.standard.h2-001,unit.o009.random.brown.standard,36,brown/Standard.html,,structurally_verified,rights.random.dual-witness
unit.o009.random.brown.standard.h3-001,unit.o009.random.brown.standard,37,brown/Standard.html,,structurally_verified,rights.random.dual-witness
unit.o009.random.brown.standard.h3-002,unit.o009.random.brown.standard,404,brown/Standard.html,,structurally_verified,rights.random.dual-witness
unit.o009.random.brown.standard.his,unit.o009.random.brown.standard,38,brown/Standard.html,his,structurally_verified,rights.random.dual-witness
unit.o009.random.brown.standard.his1,unit.o009.random.brown.standard,45,brown/Standard.html,his1,structurally_verified,rights.random.dual-witness
unit.o009.random.brown.standard.irr,unit.o009.random.brown.standard,171,brown/Standard.html,irr,structurally_verified,rights.random.dual-witness
unit.o009.random.brown.standard.irr1,unit.o009.random.brown.standard,178,brown/Standard.html,irr1,structurally_verified,rights.random.dual-witness
unit.o009.random.brown.standard.irr2,unit.o009.random.brown.standard,180,brown/Standard.html,irr2,structurally_verified,rights.random.dual-witness
unit.o009.random.brown.standard.irr3,unit.o009.random.brown.standard,184,brown/Standard.html,irr3,structurally_verified,rights.random.dual-witness
unit.o009.random.brown.standard.irr4,unit.o009.random.brown.standard,188,brown/Standard.html,irr4,structurally_verified,rights.random.dual-witness
unit.o009.random.brown.standard.irr5,unit.o009.random.brown.standard,191,brown/Standard.html,irr5,structurally_verified,rights.random.dual-witness
unit.o009.random.brown.standard.lil,unit.o009.random.brown.standard,399,brown/Standard.html,lil,structurally_verified,rights.random.dual-witness
unit.o009.random.brown.standard.lil1,unit.o009.random.brown.standard,402,brown/Standard.html,lil1,structurally_verified,rights.random.dual-witness
unit.o009.random.brown.standard.mar,unit.o009.random.brown.standard,193,brown/Standard.html,mar,structurally_verified,rights.random.dual-witness
unit.o009.random.brown.standard.mar1,unit.o009.random.brown.standard,197,brown/Standard.html,mar1,structurally_verified,rights.random.dual-witness
unit.o009.random.brown.standard.mar2,unit.o009.random.brown.standard,203,brown/Standard.html,mar2,structurally_verified,rights.random.dual-witness
unit.o009.random.brown.standard.mar3,unit.o009.random.brown.standard,221,brown/Standard.html,mar3,structurally_verified,rights.random.dual-witness
unit.o009.random.brown.standard.max1,unit.o009.random.brown.standard,250,brown/Standard.html,max1,structurally_verified,rights.random.dual-witness
unit.o009.random.brown.standard.max10,unit.o009.random.brown.standard,309,brown/Standard.html,max10,structurally_verified,rights.random.dual-witness
unit.o009.random.brown.standard.max11,unit.o009.random.brown.standard,320,brown/Standard.html,max11,structurally_verified,rights.random.dual-witness
unit.o009.random.brown.standard.max12,unit.o009.random.brown.standard,329,brown/Standard.html,max12,structurally_verified,rights.random.dual-witness
unit.o009.random.brown.standard.max13,unit.o009.random.brown.standard,332,brown/Standard.html,max13,structurally_verified,rights.random.dual-witness
unit.o009.random.brown.standard.max2,unit.o009.random.brown.standard,256,brown/Standard.html,max2,structurally_verified,rights.random.dual-witness
unit.o009.random.brown.standard.max3,unit.o009.random.brown.standard,268,brown/Standard.html,max3,structurally_verified,rights.random.dual-witness
unit.o009.random.brown.standard.max4,unit.o009.random.brown.standard,271,brown/Standard.html,max4,structurally_verified,rights.random.dual-witness
unit.o009.random.brown.standard.max5,unit.o009.random.brown.standard,274,brown/Standard.html,max5,structurally_verified,rights.random.dual-witness
unit.o009.random.brown.standard.max6,unit.o009.random.brown.standard,282,brown/Standard.html,max6,structurally_verified,rights.random.dual-witness
unit.o009.random.brown.standard.max7,unit.o009.random.brown.standard,288,brown/Standard.html,max7,structurally_verified,rights.random.dual-witness
unit.o009.random.brown.standard.max8,unit.o009.random.brown.standard,295,brown/Standard.html,max8,structurally_verified,rights.random.dual-witness
unit.o009.random.brown.standard.max9,unit.o009.random.brown.standard,301,brown/Standard.html,max9,structurally_verified,rights.random.dual-witness
unit.o009.random.brown.standard.mrt,unit.o009.random.brown.standard,234,brown/Standard.html,mrt,structurally_verified,rights.random.dual-witness
unit.o009.random.brown.standard.mrt1,unit.o009.random.brown.standard,237,brown/Standard.html,mrt1,structurally_verified,rights.random.dual-witness
unit.o009.random.brown.standard.mrt2,unit.o009.random.brown.standard,243,brown/Standard.html,mrt2,structurally_verified,rights.random.dual-witness
unit.o009.random.brown.standard.ref,unit.o009.random.brown.standard,223,brown/Standard.html,ref,structurally_verified,rights.random.dual-witness
unit.o009.random.brown.standard.ref1,unit.o009.random.brown.standard,226,brown/Standard.html,ref1,structurally_verified,rights.random.dual-witness
unit.o009.random.brown.standard.ref2,unit.o009.random.brown.standard,229,brown/Standard.html,ref2,structurally_verified,rights.random.dual-witness
unit.o009.random.brown.standard.ref3,unit.o009.random.brown.standard,231,brown/Standard.html,ref3,structurally_verified,rights.random.dual-witness
unit.o009.random.brown.standard.trn,unit.o009.random.brown.standard,131,brown/Standard.html,trn,structurally_verified,rights.random.dual-witness
unit.o009.random.brown.standard.trn1,unit.o009.random.brown.standard,133,brown/Standard.html,trn1,structurally_verified,rights.random.dual-witness
unit.o009.random.brown.standard.trn2,unit.o009.random.brown.standard,141,brown/Standard.html,trn2,structurally_verified,rights.random.dual-witness
unit.o009.random.brown.standard.trn3,unit.o009.random.brown.standard,149,brown/Standard.html,trn3,structurally_verified,rights.random.dual-witness
unit.o009.random.brown.standard.trn4,unit.o009.random.brown.standard,165,brown/Standard.html,trn4,structurally_verified,rights.random.dual-witness
unit.o009.random.brown.standard.trn5,unit.o009.random.brown.standard,156,brown/Standard.html,trn5,structurally_verified,rights.random.dual-witness
unit.o009.random.brown.standard.wlk,unit.o009.random.brown.standard,94,brown/Standard.html,wlk,structurally_verified,rights.random.dual-witness
unit.o009.random.brown.standard.wlk1,unit.o009.random.brown.standard,98,brown/Standard.html,wlk1,structurally_verified,rights.random.dual-witness
unit.o009.random.dist.convergence,course.o009.d30,5,dist/Convergence.html,dist/Convergence.html,structurally_verified,rights.random.dual-witness
unit.o009.random.dist.convergence.bdr,unit.o009.random.dist.convergence,193,dist/Convergence.html,bdr,structurally_verified,rights.random.dual-witness
unit.o009.random.dist.convergence.bin1,unit.o009.random.dist.convergence,239,dist/Convergence.html,bin1,structurally_verified,rights.random.dual-witness
unit.o009.random.dist.convergence.details-001,unit.o009.random.dist.convergence.pre1,79,dist/Convergence.html,,structurally_verified,rights.random.dual-witness
unit.o009.random.dist.convergence.details-002,unit.o009.random.dist.convergence.uni,93,dist/Convergence.html,,structurally_verified,rights.random.dual-witness
unit.o009.random.dist.convergence.details-003,unit.o009.random.dist.convergence.pdf1,109,dist/Convergence.html,,structurally_verified,rights.random.dual-witness
unit.o009.random.dist.convergence.details-004,unit.o009.random.dist.convergence.div-006,120,dist/Convergence.html,,structurally_verified,rights.random.dual-witness
unit.o009.random.dist.convergence.details-005,unit.o009.random.dist.convergence.div-007,131,dist/Convergence.html,,structurally_verified,rights.random.dual-witness
unit.o009.random.dist.convergence.details-006,unit.o009.random.dist.convergence.div-009,151,dist/Convergence.html,,structurally_verified,rights.random.dual-witness
unit.o009.random.dist.convergence.details-007,unit.o009.random.dist.convergence.sko1,163,dist/Convergence.html,,structurally_verified,rights.random.dual-witness
unit.o009.random.dist.convergence.details-008,unit.o009.random.dist.convergence.sko2,176,dist/Convergence.html,,structurally_verified,rights.random.dual-witness
unit.o009.random.dist.convergence.details-009,unit.o009.random.dist.convergence.div-012,183,dist/Convergence.html,,structurally_verified,rights.random.dual-witness
unit.o009.random.dist.convergence.details-010,unit.o009.random.dist.convergence.bdr,195,dist/Convergence.html,,structurally_verified,rights.random.dual-witness
unit.o009.random.dist.convergence.details-011,unit.o009.random.dist.convergence.div-014,215,dist/Convergence.html,,structurally_verified,rights.random.dual-witness
unit.o009.random.dist.convergence.details-012,unit.o009.random.dist.convergence.bin1,241,dist/Convergence.html,,structurally_verified,rights.random.dual-witness
unit.o009.random.dist.convergence.details-013,unit.o009.random.dist.convergence.div-019,267,dist/Convergence.html,,structurally_verified,rights.random.dual-witness
unit.o009.random.dist.convergence.details-014,unit.o009.random.dist.convergence.geo,276,dist/Convergence.html,,structurally_verified,rights.random.dual-witness
unit.o009.random.dist.convergence.details-015,unit.o009.random.dist.convergence.div-023,296,dist/Convergence.html,,structurally_verified,rights.random.dual-witness
unit.o009.random.dist.convergence.details-016,unit.o009.random.dist.convergence.div-024,302,dist/Convergence.html,,structurally_verified,rights.random.dual-witness
unit.o009.random.dist.convergence.details-017,unit.o009.random.dist.convergence.div-025,309,dist/Convergence.html,,structurally_verified,rights.random.dual-witness
unit.o009.random.dist.convergence.details-018,unit.o009.random.dist.convergence.div-027,321,dist/Convergence.html,,structurally_verified,rights.random.dual-witness
unit.o009.random.dist.convergence.details-019,unit.o009.random.dist.convergence.div-028,337,dist/Convergence.html,,structurally_verified,rights.random.dual-witness
unit.o009.random.dist.convergence.details-020,unit.o009.random.dist.convergence.pol,370,dist/Convergence.html,,structurally_verified,rights.random.dual-witness
unit.o009.random.dist.convergence.details-021,unit.o009.random.dist.convergence.div-031,389,dist/Convergence.html,,structurally_verified,rights.random.dual-witness
unit.o009.random.dist.convergence.details-022,unit.o009.random.dist.convergence.div-032,397,dist/Convergence.html,,structurally_verified,rights.random.dual-witness
unit.o009.random.dist.convergence.details-023,unit.o009.random.dist.convergence.div-034,408,dist/Convergence.html,,structurally_verified,rights.random.dual-witness
unit.o009.random.dist.convergence.details-024,unit.o009.random.dist.convergence.div-036,424,dist/Convergence.html,,structurally_verified,rights.random.dual-witness
unit.o009.random.dist.convergence.details-025,unit.o009.random.dist.convergence.sch,439,dist/Convergence.html,,structurally_verified,rights.random.dual-witness
unit.o009.random.dist.convergence.dfn1,unit.o009.random.dist.convergence,51,dist/Convergence.html,dfn1,structurally_verified,rights.random.dual-witness
unit.o009.random.dist.convergence.div-002,unit.o009.random.dist.convergence,60,dist/Convergence.html,,structurally_verified,rights.random.dual-witness
unit.o009.random.dist.convergence.div-006,unit.o009.random.dist.convergence,118,dist/Convergence.html,,structurally_verified,rights.random.dual-witness
unit.o009.random.dist.convergence.div-007,unit.o009.random.dist.convergence,124,dist/Convergence.html,,structurally_verified,rights.random.dual-witness
unit.o009.random.dist.convergence.div-009,unit.o009.random.dist.convergence,149,dist/Convergence.html,,structurally_verified,rights.random.dual-witness
unit.o009.random.dist.convergence.div-012,unit.o009.random.dist.convergence,181,dist/Convergence.html,,structurally_verified,rights.random.dual-witness
unit.o009.random.dist.convergence.div-014,unit.o009.random.dist.convergence,213,dist/Convergence.html,,structurally_verified,rights.random.dual-witness
unit.o009.random.dist.convergence.div-017,unit.o009.random.dist.convergence,251,dist/Convergence.html,,structurally_verified,rights.random.dual-witness
unit.o009.random.dist.convergence.div-018,unit.o009.random.dist.convergence,259,dist/Convergence.html,,structurally_verified,rights.random.dual-witness
unit.o009.random.dist.convergence.div-019,unit.o009.random.dist.convergence,265,dist/Convergence.html,,structurally_verified,rights.random.dual-witness
unit.o009.random.dist.convergence.div-021,unit.o009.random.dist.convergence,284,dist/Convergence.html,,structurally_verified,rights.random.dual-witness
unit.o009.random.dist.convergence.div-022,unit.o009.random.dist.convergence,287,dist/Convergence.html,,structurally_verified,rights.random.dual-witness
unit.o009.random.dist.convergence.div-023,unit.o009.random.dist.convergence,294,dist/Convergence.html,,structurally_verified,rights.random.dual-witness
unit.o009.random.dist.convergence.div-024,unit.o009.random.dist.convergence,300,dist/Convergence.html,,structurally_verified,rights.random.dual-witness
unit.o009.random.dist.convergence.div-025,unit.o009.random.dist.convergence,307,dist/Convergence.html,,structurally_verified,rights.random.dual-witness
unit.o009.random.dist.convergence.div-026,unit.o009.random.dist.convergence,313,dist/Convergence.html,,structurally_verified,rights.random.dual-witness
unit.o009.random.dist.convergence.div-027,unit.o009.random.dist.convergence,319,dist/Convergence.html,,structurally_verified,rights.random.dual-witness
unit.o009.random.dist.convergence.div-028,unit.o009.random.dist.convergence,332,dist/Convergence.html,,structurally_verified,rights.random.dual-witness
unit.o009.random.dist.convergence.div-029,unit.o009.random.dist.convergence,347,dist/Convergence.html,,structurally_verified,rights.random.dual-witness
unit.o009.random.dist.convergence.div-031,unit.o009.random.dist.convergence,381,dist/Convergence.html,,structurally_verified,rights.random.dual-witness
unit.o009.random.dist.convergence.div-032,unit.o009.random.dist.convergence,395,dist/Convergence.html,,structurally_verified,rights.random.dual-witness
unit.o009.random.dist.convergence.div-033,unit.o009.random.dist.convergence,402,dist/Convergence.html,,structurally_verified,rights.random.dual-witness
unit.o009.random.dist.convergence.div-034,unit.o009.random.dist.convergence,406,dist/Convergence.html,,structurally_verified,rights.random.dual-witness
unit.o009.random.dist.convergence.div-035,unit.o009.random.dist.convergence,415,dist/Convergence.html,,structurally_verified,rights.random.dual-witness
unit.o009.random.dist.convergence.div-036,unit.o009.random.dist.convergence,422,dist/Convergence.html,,structurally_verified,rights.random.dual-witness
unit.o009.random.dist.convergence.div-037,unit.o009.random.dist.convergence,428,dist/Convergence.html,,structurally_verified,rights.random.dual-witness
unit.o009.random.dist.convergence.geo,unit.o009.random.dist.convergence,274,dist/Convergence.html,geo,structurally_verified,rights.random.dual-witness
unit.o009.random.dist.convergence.h2-001,unit.o009.random.dist.convergence,44,dist/Convergence.html,,structurally_verified,rights.random.dual-witness
unit.o009.random.dist.convergence.h3-001,unit.o009.random.dist.convergence,46,dist/Convergence.html,,structurally_verified,rights.random.dual-witness
unit.o009.random.dist.convergence.h3-002,unit.o009.random.dist.convergence,201,dist/Convergence.html,,structurally_verified,rights.random.dual-witness
unit.o009.random.dist.convergence.h3-003,unit.o009.random.dist.convergence,357,dist/Convergence.html,,structurally_verified,rights.random.dual-witness
unit.o009.random.dist.convergence.h4-001,unit.o009.random.dist.convergence,47,dist/Convergence.html,,structurally_verified,rights.random.dual-witness
unit.o009.random.dist.convergence.h4-002,unit.o009.random.dist.convergence,75,dist/Convergence.html,,structurally_verified,rights.random.dual-witness
unit.o009.random.dist.convergence.h4-003,unit.o009.random.dist.convergence,101,dist/Convergence.html,,structurally_verified,rights.random.dual-witness
unit.o009.random.dist.convergence.h4-004,unit.o009.random.dist.convergence,116,dist/Convergence.html,,structurally_verified,rights.random.dual-witness
unit.o009.random.dist.convergence.h4-007,unit.o009.random.dist.convergence,234,dist/Convergence.html,,structurally_verified,rights.random.dual-witness
unit.o009.random.dist.convergence.h4-008,unit.o009.random.dist.convergence,262,dist/Convergence.html,,structurally_verified,rights.random.dual-witness
unit.o009.random.dist.convergence.h4-009,unit.o009.random.dist.convergence,290,dist/Convergence.html,,structurally_verified,rights.random.dual-witness
unit.o009.random.dist.convergence.h4-010,unit.o009.random.dist.convergence,316,dist/Convergence.html,,structurally_verified,rights.random.dual-witness
unit.o009.random.dist.convergence.h4-011,unit.o009.random.dist.convergence,328,dist/Convergence.html,,structurally_verified,rights.random.dual-witness
unit.o009.random.dist.convergence.h4-012,unit.o009.random.dist.convergence,342,dist/Convergence.html,,structurally_verified,rights.random.dual-witness
unit.o009.random.dist.convergence.h4-013,unit.o009.random.dist.convergence,360,dist/Convergence.html,,structurally_verified,rights.random.dual-witness
unit.o009.random.dist.convergence.h4-014,unit.o009.random.dist.convergence,404,dist/Convergence.html,,structurally_verified,rights.random.dual-witness
unit.o009.random.dist.convergence.h4-015,unit.o009.random.dist.convergence,412,dist/Convergence.html,,structurally_verified,rights.random.dual-witness
unit.o009.random.dist.convergence.h4-016,unit.o009.random.dist.convergence,433,dist/Convergence.html,,structurally_verified,rights.random.dual-witness
unit.o009.random.dist.convergence.h4-017,unit.o009.random.dist.convergence,444,dist/Convergence.html,,structurally_verified,rights.random.dual-witness
unit.o009.random.dist.convergence.hyp,unit.o009.random.dist.convergence,204,dist/Convergence.html,hyp,structurally_verified,rights.random.dual-witness
unit.o009.random.dist.convergence.hyp2,unit.o009.random.dist.convergence,223,dist/Convergence.html,hyp2,structurally_verified,rights.random.dual-witness
unit.o009.random.dist.convergence.pdf1,unit.o009.random.dist.convergence,104,dist/Convergence.html,pdf1,structurally_verified,rights.random.dual-witness
unit.o009.random.dist.convergence.pol,unit.o009.random.dist.convergence,362,dist/Convergence.html,pol,structurally_verified,rights.random.dual-witness
unit.o009.random.dist.convergence.pre1,unit.o009.random.dist.convergence,77,dist/Convergence.html,pre1,structurally_verified,rights.random.dual-witness
unit.o009.random.dist.convergence.sch,unit.o009.random.dist.convergence,437,dist/Convergence.html,sch,structurally_verified,rights.random.dual-witness
unit.o009.random.dist.convergence.sko,unit.o009.random.dist.convergence,154,dist/Convergence.html,sko,structurally_verified,rights.random.dual-witness
unit.o009.random.dist.convergence.sko1,unit.o009.random.dist.convergence,158,dist/Convergence.html,sko1,structurally_verified,rights.random.dual-witness
unit.o009.random.dist.convergence.sko2,unit.o009.random.dist.convergence,174,dist/Convergence.html,sko2,structurally_verified,rights.random.dual-witness
unit.o009.random.dist.convergence.sum,unit.o009.random.dist.convergence,141,dist/Convergence.html,sum,structurally_verified,rights.random.dual-witness
unit.o009.random.dist.convergence.uni,unit.o009.random.dist.convergence,88,dist/Convergence.html,uni,structurally_verified,rights.random.dual-witness
unit.o009.random.expect.conditional2,course.o009.d30,6,expect/Conditional2.html,expect/Conditional2.html,structurally_verified,rights.random.dual-witness
unit.o009.random.expect.conditional2.bay,unit.o009.random.expect.conditional2,259,expect/Conditional2.html,bay,structurally_verified,rights.random.dual-witness
unit.o009.random.expect.conditional2.bpr,unit.o009.random.expect.conditional2,293,expect/Conditional2.html,bpr,structurally_verified,rights.random.dual-witness
unit.o009.random.expect.conditional2.cor,unit.o009.random.expect.conditional2,297,expect/Conditional2.html,cor,structurally_verified,rights.random.dual-witness
unit.o009.random.expect.conditional2.cov,unit.o009.random.expect.conditional2,354,expect/Conditional2.html,cov,structurally_verified,rights.random.dual-witness
unit.o009.random.expect.conditional2.cov1,unit.o009.random.expect.conditional2,357,expect/Conditional2.html,cov1,structurally_verified,rights.random.dual-witness
unit.o009.random.expect.conditional2.cov2,unit.o009.random.expect.conditional2,361,expect/Conditional2.html,cov2,structurally_verified,rights.random.dual-witness
unit.o009.random.expect.conditional2.details-001,unit.o009.random.expect.conditional2.div-002,81,expect/Conditional2.html,,structurally_verified,rights.random.dual-witness
unit.o009.random.expect.conditional2.details-002,unit.o009.random.expect.conditional2.dfn2,94,expect/Conditional2.html,,structurally_verified,rights.random.dual-witness
unit.o009.random.expect.conditional2.details-003,unit.o009.random.expect.conditional2.mea,106,expect/Conditional2.html,,structurally_verified,rights.random.dual-witness
unit.o009.random.expect.conditional2.details-004,unit.o009.random.expect.conditional2.lin,121,expect/Conditional2.html,,structurally_verified,rights.random.dual-witness
unit.o009.random.expect.conditional2.details-005,unit.o009.random.expect.conditional2.pos,136,expect/Conditional2.html,,structurally_verified,rights.random.dual-witness
unit.o009.random.expect.conditional2.details-006,unit.o009.random.expect.conditional2.fac,144,expect/Conditional2.html,,structurally_verified,rights.random.dual-witness
unit.o009.random.expect.conditional2.details-007,unit.o009.random.expect.conditional2.ind,153,expect/Conditional2.html,,structurally_verified,rights.random.dual-witness
unit.o009.random.expect.conditional2.details-008,unit.o009.random.expect.conditional2.tow,166,expect/Conditional2.html,,structurally_verified,rights.random.dual-witness
unit.o009.random.expect.conditional2.details-009,unit.o009.random.expect.conditional2.jen,178,expect/Conditional2.html,,structurally_verified,rights.random.dual-witness
unit.o009.random.expect.conditional2.details-010,unit.o009.random.expect.conditional2.dfn3,207,expect/Conditional2.html,,structurally_verified,rights.random.dual-witness
unit.o009.random.expect.conditional2.details-011,unit.o009.random.expect.conditional2.prb2,219,expect/Conditional2.html,,structurally_verified,rights.random.dual-witness
unit.o009.random.expect.conditional2.details-012,unit.o009.random.expect.conditional2.prb3,234,expect/Conditional2.html,,structurally_verified,rights.random.dual-witness
unit.o009.random.expect.conditional2.details-013,unit.o009.random.expect.conditional2.bay,261,expect/Conditional2.html,,structurally_verified,rights.random.dual-witness
unit.o009.random.expect.conditional2.details-014,unit.o009.random.expect.conditional2.ex1,272,expect/Conditional2.html,,structurally_verified,rights.random.dual-witness
unit.o009.random.expect.conditional2.details-015,unit.o009.random.expect.conditional2.ex2,279,expect/Conditional2.html,,structurally_verified,rights.random.dual-witness
unit.o009.random.expect.conditional2.details-016,unit.o009.random.expect.conditional2.div-019,289,expect/Conditional2.html,,structurally_verified,rights.random.dual-witness
unit.o009.random.expect.conditional2.details-017,unit.o009.random.expect.conditional2.cor,299,expect/Conditional2.html,,structurally_verified,rights.random.dual-witness
unit.o009.random.expect.conditional2.details-018,unit.o009.random.expect.conditional2.div-021,310,expect/Conditional2.html,,structurally_verified,rights.random.dual-witness
unit.o009.random.expect.conditional2.details-019,unit.o009.random.expect.conditional2.var2,326,expect/Conditional2.html,,structurally_verified,rights.random.dual-witness
unit.o009.random.expect.conditional2.details-020,unit.o009.random.expect.conditional2.var3,332,expect/Conditional2.html,,structurally_verified,rights.random.dual-witness
unit.o009.random.expect.conditional2.details-021,unit.o009.random.expect.conditional2.var4,339,expect/Conditional2.html,,structurally_verified,rights.random.dual-witness
unit.o009.random.expect.conditional2.details-022,unit.o009.random.expect.conditional2.cov2,363,expect/Conditional2.html,,structurally_verified,rights.random.dual-witness
unit.o009.random.expect.conditional2.details-023,unit.o009.random.expect.conditional2.div-029,371,expect/Conditional2.html,,structurally_verified,rights.random.dual-witness
unit.o009.random.expect.conditional2.details-024,unit.o009.random.expect.conditional2.div-030,378,expect/Conditional2.html,,structurally_verified,rights.random.dual-witness
unit.o009.random.expect.conditional2.dfn1,unit.o009.random.expect.conditional2,64,expect/Conditional2.html,dfn1,structurally_verified,rights.random.dual-witness
unit.o009.random.expect.conditional2.dfn2,unit.o009.random.expect.conditional2,89,expect/Conditional2.html,dfn2,structurally_verified,rights.random.dual-witness
unit.o009.random.expect.conditional2.dfn3,unit.o009.random.expect.conditional2,202,expect/Conditional2.html,dfn3,structurally_verified,rights.random.dual-witness
unit.o009.random.expect.conditional2.div-002,unit.o009.random.expect.conditional2,74,expect/Conditional2.html,,structurally_verified,rights.random.dual-witness
unit.o009.random.expect.conditional2.div-019,unit.o009.random.expect.conditional2,287,expect/Conditional2.html,,structurally_verified,rights.random.dual-witness
unit.o009.random.expect.conditional2.div-021,unit.o009.random.expect.conditional2,305,expect/Conditional2.html,,structurally_verified,rights.random.dual-witness
unit.o009.random.expect.conditional2.div-029,unit.o009.random.expect.conditional2,369,expect/Conditional2.html,,structurally_verified,rights.random.dual-witness
unit.o009.random.expect.conditional2.div-030,unit.o009.random.expect.conditional2,376,expect/Conditional2.html,,structurally_verified,rights.random.dual-witness
unit.o009.random.expect.conditional2.ex1,unit.o009.random.expect.conditional2,270,expect/Conditional2.html,ex1,structurally_verified,rights.random.dual-witness
unit.o009.random.expect.conditional2.ex2,unit.o009.random.expect.conditional2,277,expect/Conditional2.html,ex2,structurally_verified,rights.random.dual-witness
unit.o009.random.expect.conditional2.fac,unit.o009.random.expect.conditional2,142,expect/Conditional2.html,fac,structurally_verified,rights.random.dual-witness
unit.o009.random.expect.conditional2.figure-001,unit.o009.random.expect.conditional2.jen,186,expect/Conditional2.html,,structurally_verified,rights.random.dual-witness
unit.o009.random.expect.conditional2.h2-001,unit.o009.random.expect.conditional2,51,expect/Conditional2.html,,structurally_verified,rights.random.dual-witness
unit.o009.random.expect.conditional2.h3-001,unit.o009.random.expect.conditional2,54,expect/Conditional2.html,,structurally_verified,rights.random.dual-witness
unit.o009.random.expect.conditional2.h4-001,unit.o009.random.expect.conditional2,55,expect/Conditional2.html,,structurally_verified,rights.random.dual-witness
unit.o009.random.expect.conditional2.h4-002,unit.o009.random.expect.conditional2,99,expect/Conditional2.html,,structurally_verified,rights.random.dual-witness
unit.o009.random.expect.conditional2.h4-004,unit.o009.random.expect.conditional2,264,expect/Conditional2.html,,structurally_verified,rights.random.dual-witness
unit.o009.random.expect.conditional2.ind,unit.o009.random.expect.conditional2,151,expect/Conditional2.html,ind,structurally_verified,rights.random.dual-witness
unit.o009.random.expect.conditional2.jen,unit.o009.random.expect.conditional2,176,expect/Conditional2.html,jen,structurally_verified,rights.random.dual-witness
unit.o009.random.expect.conditional2.lin,unit.o009.random.expect.conditional2,116,expect/Conditional2.html,lin,structurally_verified,rights.random.dual-witness
unit.o009.random.expect.conditional2.mea,unit.o009.random.expect.conditional2,104,expect/Conditional2.html,mea,structurally_verified,rights.random.dual-witness
unit.o009.random.expect.conditional2.pos,unit.o009.random.expect.conditional2,131,expect/Conditional2.html,pos,structurally_verified,rights.random.dual-witness
unit.o009.random.expect.conditional2.prb,unit.o009.random.expect.conditional2,195,expect/Conditional2.html,prb,structurally_verified,rights.random.dual-witness
unit.o009.random.expect.conditional2.prb0,unit.o009.random.expect.conditional2,197,expect/Conditional2.html,prb0,structurally_verified,rights.random.dual-witness
unit.o009.random.expect.conditional2.prb1,unit.o009.random.expect.conditional2,210,expect/Conditional2.html,prb1,structurally_verified,rights.random.dual-witness
unit.o009.random.expect.conditional2.prb2,unit.o009.random.expect.conditional2,217,expect/Conditional2.html,prb2,structurally_verified,rights.random.dual-witness
unit.o009.random.expect.conditional2.prb3,unit.o009.random.expect.conditional2,228,expect/Conditional2.html,prb3,structurally_verified,rights.random.dual-witness
unit.o009.random.expect.conditional2.tow,unit.o009.random.expect.conditional2,161,expect/Conditional2.html,tow,structurally_verified,rights.random.dual-witness
unit.o009.random.expect.conditional2.var,unit.o009.random.expect.conditional2,317,expect/Conditional2.html,var,structurally_verified,rights.random.dual-witness
unit.o009.random.expect.conditional2.var1,unit.o009.random.expect.conditional2,320,expect/Conditional2.html,var1,structurally_verified,rights.random.dual-witness
unit.o009.random.expect.conditional2.var2,unit.o009.random.expect.conditional2,324,expect/Conditional2.html,var2,structurally_verified,rights.random.dual-witness
unit.o009.random.expect.conditional2.var3,unit.o009.random.expect.conditional2,330,expect/Conditional2.html,var3,structurally_verified,rights.random.dual-witness
unit.o009.random.expect.conditional2.var4,unit.o009.random.expect.conditional2,337,expect/Conditional2.html,var4,structurally_verified,rights.random.dual-witness
unit.o009.random.expect.conditional2.var5,unit.o009.random.expect.conditional2,346,expect/Conditional2.html,var5,structurally_verified,rights.random.dual-witness
unit.o009.random.expect.kernels,course.o009.d30,8,expect/Kernels.html,expect/Kernels.html,structurally_verified,rights.random.dual-witness
unit.o009.random.expect.kernels.details-001,unit.o009.random.expect.kernels.div-004,111,expect/Kernels.html,,structurally_verified,rights.random.dual-witness
unit.o009.random.expect.kernels.details-002,unit.o009.random.expect.kernels.div-005,122,expect/Kernels.html,,structurally_verified,rights.random.dual-witness
unit.o009.random.expect.kernels.details-003,unit.o009.random.expect.kernels.div-008,146,expect/Kernels.html,,structurally_verified,rights.random.dual-witness
unit.o009.random.expect.kernels.details-004,unit.o009.random.expect.kernels.div-009,160,expect/Kernels.html,,structurally_verified,rights.random.dual-witness
unit.o009.random.expect.kernels.details-005,unit.o009.random.expect.kernels.div-011,177,expect/Kernels.html,,structurally_verified,rights.random.dual-witness
unit.o009.random.expect.kernels.details-006,unit.o009.random.expect.kernels.div-012,190,expect/Kernels.html,,structurally_verified,rights.random.dual-witness
unit.o009.random.expect.kernels.details-007,unit.o009.random.expect.kernels.div-013,199,expect/Kernels.html,,structurally_verified,rights.random.dual-witness
unit.o009.random.expect.kernels.details-008,unit.o009.random.expect.kernels.div-018,246,expect/Kernels.html,,structurally_verified,rights.random.dual-witness
unit.o009.random.expect.kernels.details-009,unit.o009.random.expect.kernels.kdf,261,expect/Kernels.html,,structurally_verified,rights.random.dual-witness
unit.o009.random.expect.kernels.details-010,unit.o009.random.expect.kernels.div-020,269,expect/Kernels.html,,structurally_verified,rights.random.dual-witness
unit.o009.random.expect.kernels.details-011,unit.o009.random.expect.kernels.div-022,280,expect/Kernels.html,,structurally_verified,rights.random.dual-witness
unit.o009.random.expect.kernels.details-012,unit.o009.random.expect.kernels.div-025,299,expect/Kernels.html,,structurally_verified,rights.random.dual-witness
unit.o009.random.expect.kernels.details-013,unit.o009.random.expect.kernels.div-026,314,expect/Kernels.html,,structurally_verified,rights.random.dual-witness
unit.o009.random.expect.kernels.details-014,unit.o009.random.expect.kernels.exe1,329,expect/Kernels.html,,structurally_verified,rights.random.dual-witness
unit.o009.random.expect.kernels.details-015,unit.o009.random.expect.kernels.div-028,344,expect/Kernels.html,,structurally_verified,rights.random.dual-witness
unit.o009.random.expect.kernels.details-016,unit.o009.random.expect.kernels.div-029,353,expect/Kernels.html,,structurally_verified,rights.random.dual-witness
unit.o009.random.expect.kernels.details-017,unit.o009.random.expect.kernels.nor,368,expect/Kernels.html,,structurally_verified,rights.random.dual-witness
unit.o009.random.expect.kernels.details-018,unit.o009.random.expect.kernels.div-031,380,expect/Kernels.html,,structurally_verified,rights.random.dual-witness
unit.o009.random.expect.kernels.details-019,unit.o009.random.expect.kernels.div-032,399,expect/Kernels.html,,structurally_verified,rights.random.dual-witness
unit.o009.random.expect.kernels.details-020,unit.o009.random.expect.kernels.div-033,413,expect/Kernels.html,,structurally_verified,rights.random.dual-witness
unit.o009.random.expect.kernels.details-021,unit.o009.random.expect.kernels.div-034,429,expect/Kernels.html,,structurally_verified,rights.random.dual-witness
unit.o009.random.expect.kernels.details-022,unit.o009.random.expect.kernels.div-035,445,expect/Kernels.html,,structurally_verified,rights.random.dual-witness
unit.o009.random.expect.kernels.div-002,unit.o009.random.expect.kernels,79,expect/Kernels.html,,structurally_verified,rights.random.dual-witness
unit.o009.random.expect.kernels.div-003,unit.o009.random.expect.kernels,88,expect/Kernels.html,,structurally_verified,rights.random.dual-witness
unit.o009.random.expect.kernels.div-004,unit.o009.random.expect.kernels,106,expect/Kernels.html,,structurally_verified,rights.random.dual-witness
unit.o009.random.expect.kernels.div-005,unit.o009.random.expect.kernels,117,expect/Kernels.html,,structurally_verified,rights.random.dual-witness
unit.o009.random.expect.kernels.div-006,unit.o009.random.expect.kernels,127,expect/Kernels.html,,structurally_verified,rights.random.dual-witness
unit.o009.random.expect.kernels.div-007,unit.o009.random.expect.kernels,133,expect/Kernels.html,,structurally_verified,rights.random.dual-witness
unit.o009.random.expect.kernels.div-008,unit.o009.random.expect.kernels,140,expect/Kernels.html,,structurally_verified,rights.random.dual-witness
unit.o009.random.expect.kernels.div-009,unit.o009.random.expect.kernels,154,expect/Kernels.html,,structurally_verified,rights.random.dual-witness
unit.o009.random.expect.kernels.div-010,unit.o009.random.expect.kernels,164,expect/Kernels.html,,structurally_verified,rights.random.dual-witness
unit.o009.random.expect.kernels.div-011,unit.o009.random.expect.kernels,171,expect/Kernels.html,,structurally_verified,rights.random.dual-witness
unit.o009.random.expect.kernels.div-012,unit.o009.random.expect.kernels,184,expect/Kernels.html,,structurally_verified,rights.random.dual-witness
unit.o009.random.expect.kernels.div-013,unit.o009.random.expect.kernels,197,expect/Kernels.html,,structurally_verified,rights.random.dual-witness
unit.o009.random.expect.kernels.div-014,unit.o009.random.expect.kernels,204,expect/Kernels.html,,structurally_verified,rights.random.dual-witness
unit.o009.random.expect.kernels.div-015,unit.o009.random.expect.kernels,211,expect/Kernels.html,,structurally_verified,rights.random.dual-witness
unit.o009.random.expect.kernels.div-016,unit.o009.random.expect.kernels,221,expect/Kernels.html,,structurally_verified,rights.random.dual-witness
unit.o009.random.expect.kernels.div-017,unit.o009.random.expect.kernels,229,expect/Kernels.html,,structurally_verified,rights.random.dual-witness
unit.o009.random.expect.kernels.div-018,unit.o009.random.expect.kernels,241,expect/Kernels.html,,structurally_verified,rights.random.dual-witness
unit.o009.random.expect.kernels.div-020,unit.o009.random.expect.kernels,267,expect/Kernels.html,,structurally_verified,rights.random.dual-witness
unit.o009.random.expect.kernels.div-021,unit.o009.random.expect.kernels,273,expect/Kernels.html,,structurally_verified,rights.random.dual-witness
unit.o009.random.expect.kernels.div-022,unit.o009.random.expect.kernels,278,expect/Kernels.html,,structurally_verified,rights.random.dual-witness
unit.o009.random.expect.kernels.div-023,unit.o009.random.expect.kernels,285,expect/Kernels.html,,structurally_verified,rights.random.dual-witness
unit.o009.random.expect.kernels.div-024,unit.o009.random.expect.kernels,293,expect/Kernels.html,,structurally_verified,rights.random.dual-witness
unit.o009.random.expect.kernels.div-025,unit.o009.random.expect.kernels,297,expect/Kernels.html,,structurally_verified,rights.random.dual-witness
unit.o009.random.expect.kernels.div-026,unit.o009.random.expect.kernels,309,expect/Kernels.html,,structurally_verified,rights.random.dual-witness
unit.o009.random.expect.kernels.div-028,unit.o009.random.expect.kernels,341,expect/Kernels.html,,structurally_verified,rights.random.dual-witness
unit.o009.random.expect.kernels.div-029,unit.o009.random.expect.kernels,348,expect/Kernels.html,,structurally_verified,rights.random.dual-witness
unit.o009.random.expect.kernels.div-031,unit.o009.random.expect.kernels,374,expect/Kernels.html,,structurally_verified,rights.random.dual-witness
unit.o009.random.expect.kernels.div-032,unit.o009.random.expect.kernels,391,expect/Kernels.html,,structurally_verified,rights.random.dual-witness
unit.o009.random.expect.kernels.div-033,unit.o009.random.expect.kernels,406,expect/Kernels.html,,structurally_verified,rights.random.dual-witness
unit.o009.random.expect.kernels.div-034,unit.o009.random.expect.kernels,421,expect/Kernels.html,,structurally_verified,rights.random.dual-witness
unit.o009.random.expect.kernels.div-035,unit.o009.random.expect.kernels,436,expect/Kernels.html,,structurally_verified,rights.random.dual-witness
unit.o009.random.expect.kernels.exe1,unit.o009.random.expect.kernels,320,expect/Kernels.html,exe1,structurally_verified,rights.random.dual-witness
unit.o009.random.expect.kernels.h2-001,unit.o009.random.expect.kernels,51,expect/Kernels.html,,structurally_verified,rights.random.dual-witness
unit.o009.random.expect.kernels.h3-001,unit.o009.random.expect.kernels,57,expect/Kernels.html,,structurally_verified,rights.random.dual-witness
unit.o009.random.expect.kernels.h3-002,unit.o009.random.expect.kernels,303,expect/Kernels.html,,structurally_verified,rights.random.dual-witness
unit.o009.random.expect.kernels.h4-001,unit.o009.random.expect.kernels,58,expect/Kernels.html,,structurally_verified,rights.random.dual-witness
unit.o009.random.expect.kernels.h4-002,unit.o009.random.expect.kernels,138,expect/Kernels.html,,structurally_verified,rights.random.dual-witness
unit.o009.random.expect.kernels.h4-003,unit.o009.random.expect.kernels,253,expect/Kernels.html,,structurally_verified,rights.random.dual-witness
unit.o009.random.expect.kernels.h4-004,unit.o009.random.expect.kernels,304,expect/Kernels.html,,structurally_verified,rights.random.dual-witness
unit.o009.random.expect.kernels.h4-005,unit.o009.random.expect.kernels,339,expect/Kernels.html,,structurally_verified,rights.random.dual-witness
unit.o009.random.expect.kernels.h4-006,unit.o009.random.expect.kernels,386,expect/Kernels.html,,structurally_verified,rights.random.dual-witness
unit.o009.random.expect.kernels.kdf,unit.o009.random.expect.kernels,259,expect/Kernels.html,kdf,structurally_verified,rights.random.dual-witness
unit.o009.random.expect.kernels.msp,unit.o009.random.expect.kernels,59,expect/Kernels.html,msp,structurally_verified,rights.random.dual-witness
unit.o009.random.expect.kernels.nor,unit.o009.random.expect.kernels,361,expect/Kernels.html,nor,structurally_verified,rights.random.dual-witness
unit.o009.random.expect.uniform,course.o009.d30,7,expect/Uniform.html,expect/Uniform.html,structurally_verified,rights.random.dual-witness
unit.o009.random.expect.uniform.add,unit.o009.random.expect.uniform,115,expect/Uniform.html,add,structurally_verified,rights.random.dual-witness
unit.o009.random.expect.uniform.con,unit.o009.random.expect.uniform,134,expect/Uniform.html,con,structurally_verified,rights.random.dual-witness
unit.o009.random.expect.uniform.con1,unit.o009.random.expect.uniform,138,expect/Uniform.html,con1,structurally_verified,rights.random.dual-witness
unit.o009.random.expect.uniform.con2,unit.o009.random.expect.uniform,146,expect/Uniform.html,con2,structurally_verified,rights.random.dual-witness
unit.o009.random.expect.uniform.details-001,unit.o009.random.expect.uniform.dfn1,66,expect/Uniform.html,,structurally_verified,rights.random.dual-witness
unit.o009.random.expect.uniform.details-002,unit.o009.random.expect.uniform.prp1,81,expect/Uniform.html,,structurally_verified,rights.random.dual-witness
unit.o009.random.expect.uniform.details-003,unit.o009.random.expect.uniform.div-006,95,expect/Uniform.html,,structurally_verified,rights.random.dual-witness
unit.o009.random.expect.uniform.details-004,unit.o009.random.expect.uniform.div-009,111,expect/Uniform.html,,structurally_verified,rights.random.dual-witness
unit.o009.random.expect.uniform.details-005,unit.o009.random.expect.uniform.add,120,expect/Uniform.html,,structurally_verified,rights.random.dual-witness
unit.o009.random.expect.uniform.details-006,unit.o009.random.expect.uniform.prp2,130,expect/Uniform.html,,structurally_verified,rights.random.dual-witness
unit.o009.random.expect.uniform.details-007,unit.o009.random.expect.uniform.con1,140,expect/Uniform.html,,structurally_verified,rights.random.dual-witness
unit.o009.random.expect.uniform.details-008,unit.o009.random.expect.uniform.con2,148,expect/Uniform.html,,structurally_verified,rights.random.dual-witness
unit.o009.random.expect.uniform.details-009,unit.o009.random.expect.uniform.exe1,163,expect/Uniform.html,,structurally_verified,rights.random.dual-witness
unit.o009.random.expect.uniform.details-010,unit.o009.random.expect.uniform.exe2,174,expect/Uniform.html,,structurally_verified,rights.random.dual-witness
unit.o009.random.expect.uniform.dfn1,unit.o009.random.expect.uniform,64,expect/Uniform.html,dfn1,structurally_verified,rights.random.dual-witness
unit.o009.random.expect.uniform.dfn2,unit.o009.random.expect.uniform,71,expect/Uniform.html,dfn2,structurally_verified,rights.random.dual-witness
unit.o009.random.expect.uniform.div-004,unit.o009.random.expect.uniform,87,expect/Uniform.html,,structurally_verified,rights.random.dual-witness
unit.o009.random.expect.uniform.div-005,unit.o009.random.expect.uniform,90,expect/Uniform.html,,structurally_verified,rights.random.dual-witness
unit.o009.random.expect.uniform.div-006,unit.o009.random.expect.uniform,93,expect/Uniform.html,,structurally_verified,rights.random.dual-witness
unit.o009.random.expect.uniform.div-007,unit.o009.random.expect.uniform,100,expect/Uniform.html,,structurally_verified,rights.random.dual-witness
unit.o009.random.expect.uniform.div-008,unit.o009.random.expect.uniform,103,expect/Uniform.html,,structurally_verified,rights.random.dual-witness
unit.o009.random.expect.uniform.div-009,unit.o009.random.expect.uniform,109,expect/Uniform.html,,structurally_verified,rights.random.dual-witness
unit.o009.random.expect.uniform.exe1,unit.o009.random.expect.uniform,157,expect/Uniform.html,exe1,structurally_verified,rights.random.dual-witness
unit.o009.random.expect.uniform.exe2,unit.o009.random.expect.uniform,172,expect/Uniform.html,exe2,structurally_verified,rights.random.dual-witness
unit.o009.random.expect.uniform.h2-001,unit.o009.random.expect.uniform,51,expect/Uniform.html,,structurally_verified,rights.random.dual-witness
unit.o009.random.expect.uniform.h3-001,unit.o009.random.expect.uniform,56,expect/Uniform.html,,structurally_verified,rights.random.dual-witness
unit.o009.random.expect.uniform.h3-002,unit.o009.random.expect.uniform,155,expect/Uniform.html,,structurally_verified,rights.random.dual-witness
unit.o009.random.expect.uniform.h4-001,unit.o009.random.expect.uniform,62,expect/Uniform.html,,structurally_verified,rights.random.dual-witness
unit.o009.random.expect.uniform.h4-002,unit.o009.random.expect.uniform,74,expect/Uniform.html,,structurally_verified,rights.random.dual-witness
unit.o009.random.expect.uniform.prp1,unit.o009.random.expect.uniform,76,expect/Uniform.html,prp1,structurally_verified,rights.random.dual-witness
unit.o009.random.expect.uniform.prp2,unit.o009.random.expect.uniform,128,expect/Uniform.html,prp2,structurally_verified,rights.random.dual-witness
unit.o009.random.markov.discrete,course.o009.d30,16,markov/Discrete.html,markov/Discrete.html,structurally_verified,rights.random.dual-witness
unit.o009.random.markov.discrete.com,unit.o009.random.markov.discrete,290,markov/Discrete.html,com,structurally_verified,rights.random.dual-witness
unit.o009.random.markov.discrete.com1,unit.o009.random.markov.discrete,292,markov/Discrete.html,com1,structurally_verified,rights.random.dual-witness
unit.o009.random.markov.discrete.com2,unit.o009.random.markov.discrete,308,markov/Discrete.html,com2,structurally_verified,rights.random.dual-witness
unit.o009.random.markov.discrete.com3,unit.o009.random.markov.discrete,320,markov/Discrete.html,com3,structurally_verified,rights.random.dual-witness
unit.o009.random.markov.discrete.com4,unit.o009.random.markov.discrete,325,markov/Discrete.html,com4,structurally_verified,rights.random.dual-witness
unit.o009.random.markov.discrete.dbl,unit.o009.random.markov.discrete,389,markov/Discrete.html,dbl,structurally_verified,rights.random.dual-witness
unit.o009.random.markov.discrete.dbl1,unit.o009.random.markov.discrete,390,markov/Discrete.html,dbl1,structurally_verified,rights.random.dual-witness
unit.o009.random.markov.discrete.dbl2,unit.o009.random.markov.discrete,394,markov/Discrete.html,dbl2,structurally_verified,rights.random.dual-witness
unit.o009.random.markov.discrete.dbl3,unit.o009.random.markov.discrete,399,markov/Discrete.html,dbl3,structurally_verified,rights.random.dual-witness
unit.o009.random.markov.discrete.dbl4,unit.o009.random.markov.discrete,405,markov/Discrete.html,dbl4,structurally_verified,rights.random.dual-witness
unit.o009.random.markov.discrete.dbl5,unit.o009.random.markov.discrete,425,markov/Discrete.html,dbl5,structurally_verified,rights.random.dual-witness
unit.o009.random.markov.discrete.dbl6,unit.o009.random.markov.discrete,432,markov/Discrete.html,dbl6,structurally_verified,rights.random.dual-witness
unit.o009.random.markov.discrete.details-001,unit.o009.random.markov.discrete.str1,126,markov/Discrete.html,,structurally_verified,rights.random.dual-witness
unit.o009.random.markov.discrete.details-002,unit.o009.random.markov.discrete.trn2,162,markov/Discrete.html,,structurally_verified,rights.random.dual-witness
unit.o009.random.markov.discrete.details-003,unit.o009.random.markov.discrete.trn3,168,markov/Discrete.html,,structurally_verified,rights.random.dual-witness
unit.o009.random.markov.discrete.details-004,unit.o009.random.markov.discrete.trn5,179,markov/Discrete.html,,structurally_verified,rights.random.dual-witness
unit.o009.random.markov.discrete.details-005,unit.o009.random.markov.discrete.trn6,189,markov/Discrete.html,,structurally_verified,rights.random.dual-witness
unit.o009.random.markov.discrete.details-006,unit.o009.random.markov.discrete.trn8,203,markov/Discrete.html,,structurally_verified,rights.random.dual-witness
unit.o009.random.markov.discrete.details-007,unit.o009.random.markov.discrete.pot1,214,markov/Discrete.html,,structurally_verified,rights.random.dual-witness
unit.o009.random.markov.discrete.details-008,unit.o009.random.markov.discrete.pot2,221,markov/Discrete.html,,structurally_verified,rights.random.dual-witness
unit.o009.random.markov.discrete.details-009,unit.o009.random.markov.discrete.pot3,227,markov/Discrete.html,,structurally_verified,rights.random.dual-witness
unit.o009.random.markov.discrete.details-010,unit.o009.random.markov.discrete.pot4,240,markov/Discrete.html,,structurally_verified,rights.random.dual-witness
unit.o009.random.markov.discrete.details-011,unit.o009.random.markov.discrete.pot5,250,markov/Discrete.html,,structurally_verified,rights.random.dual-witness
unit.o009.random.markov.discrete.details-012,unit.o009.random.markov.discrete.pot6,259,markov/Discrete.html,,structurally_verified,rights.random.dual-witness
unit.o009.random.markov.discrete.details-013,unit.o009.random.markov.discrete.pot7,264,markov/Discrete.html,,structurally_verified,rights.random.dual-witness
unit.o009.random.markov.discrete.details-014,unit.o009.random.markov.discrete.pot8,274,markov/Discrete.html,,structurally_verified,rights.random.dual-witness
unit.o009.random.markov.discrete.details-015,unit.o009.random.markov.discrete.com1,300,markov/Discrete.html,,structurally_verified,rights.random.dual-witness
unit.o009.random.markov.discrete.details-016,unit.o009.random.markov.discrete.com2,314,markov/Discrete.html,,structurally_verified,rights.random.dual-witness
unit.o009.random.markov.discrete.details-017,unit.o009.random.markov.discrete.com3,322,markov/Discrete.html,,structurally_verified,rights.random.dual-witness
unit.o009.random.markov.discrete.details-018,unit.o009.random.markov.discrete.com4,327,markov/Discrete.html,,structurally_verified,rights.random.dual-witness
unit.o009.random.markov.discrete.details-019,unit.o009.random.markov.discrete.two1,334,markov/Discrete.html,,structurally_verified,rights.random.dual-witness
unit.o009.random.markov.discrete.details-020,unit.o009.random.markov.discrete.two2,339,markov/Discrete.html,,structurally_verified,rights.random.dual-witness
unit.o009.random.markov.discrete.details-021,unit.o009.random.markov.discrete.two3,347,markov/Discrete.html,,structurally_verified,rights.random.dual-witness
unit.o009.random.markov.discrete.details-022,unit.o009.random.markov.discrete.two4,352,markov/Discrete.html,,structurally_verified,rights.random.dual-witness
unit.o009.random.markov.discrete.details-023,unit.o009.random.markov.discrete.ind1,361,markov/Discrete.html,,structurally_verified,rights.random.dual-witness
unit.o009.random.markov.discrete.details-024,unit.o009.random.markov.discrete.ind2,369,markov/Discrete.html,,structurally_verified,rights.random.dual-witness
unit.o009.random.markov.discrete.details-025,unit.o009.random.markov.discrete.ind3,378,markov/Discrete.html,,structurally_verified,rights.random.dual-witness
unit.o009.random.markov.discrete.details-026,unit.o009.random.markov.discrete.dbl2,396,markov/Discrete.html,,structurally_verified,rights.random.dual-witness
unit.o009.random.markov.discrete.details-027,unit.o009.random.markov.discrete.dbl3,401,markov/Discrete.html,,structurally_verified,rights.random.dual-witness
unit.o009.random.markov.discrete.details-028,unit.o009.random.markov.discrete.dbl4,414,markov/Discrete.html,,structurally_verified,rights.random.dual-witness
unit.o009.random.markov.discrete.details-029,unit.o009.random.markov.discrete.dbl5,427,markov/Discrete.html,,structurally_verified,rights.random.dual-witness
unit.o009.random.markov.discrete.details-030,unit.o009.random.markov.discrete.dbl6,440,markov/Discrete.html,,structurally_verified,rights.random.dual-witness
unit.o009.random.markov.discrete.dfn,unit.o009.random.markov.discrete,86,markov/Discrete.html,dfn,structurally_verified,rights.random.dual-witness
unit.o009.random.markov.discrete.dfn1,unit.o009.random.markov.discrete,88,markov/Discrete.html,dfn1,structurally_verified,rights.random.dual-witness
unit.o009.random.markov.discrete.dfn2,unit.o009.random.markov.discrete,91,markov/Discrete.html,dfn2,structurally_verified,rights.random.dual-witness
unit.o009.random.markov.discrete.dfn3,unit.o009.random.markov.discrete,97,markov/Discrete.html,dfn3,structurally_verified,rights.random.dual-witness
unit.o009.random.markov.discrete.dfn4,unit.o009.random.markov.discrete,103,markov/Discrete.html,dfn4,structurally_verified,rights.random.dual-witness
unit.o009.random.markov.discrete.dfn5,unit.o009.random.markov.discrete,106,markov/Discrete.html,dfn5,structurally_verified,rights.random.dual-witness
unit.o009.random.markov.discrete.div-032,unit.o009.random.markov.discrete,342,markov/Discrete.html,,structurally_verified,rights.random.dual-witness
unit.o009.random.markov.discrete.exa,unit.o009.random.markov.discrete,289,markov/Discrete.html,exa,structurally_verified,rights.random.dual-witness
unit.o009.random.markov.discrete.h2-001,unit.o009.random.markov.discrete,71,markov/Discrete.html,,structurally_verified,rights.random.dual-witness
unit.o009.random.markov.discrete.ind,unit.o009.random.markov.discrete,357,markov/Discrete.html,ind,structurally_verified,rights.random.dual-witness
unit.o009.random.markov.discrete.ind1,unit.o009.random.markov.discrete,359,markov/Discrete.html,ind1,structurally_verified,rights.random.dual-witness
unit.o009.random.markov.discrete.ind2,unit.o009.random.markov.discrete,367,markov/Discrete.html,ind2,structurally_verified,rights.random.dual-witness
unit.o009.random.markov.discrete.ind3,unit.o009.random.markov.discrete,373,markov/Discrete.html,ind3,structurally_verified,rights.random.dual-witness
unit.o009.random.markov.discrete.mod,unit.o009.random.markov.discrete,448,markov/Discrete.html,mod,structurally_verified,rights.random.dual-witness
unit.o009.random.markov.discrete.mod1,unit.o009.random.markov.discrete,449,markov/Discrete.html,mod1,structurally_verified,rights.random.dual-witness
unit.o009.random.markov.discrete.pot,unit.o009.random.markov.discrete,206,markov/Discrete.html,pot,structurally_verified,rights.random.dual-witness
unit.o009.random.markov.discrete.pot1,unit.o009.random.markov.discrete,207,markov/Discrete.html,pot1,structurally_verified,rights.random.dual-witness
unit.o009.random.markov.discrete.pot2,unit.o009.random.markov.discrete,219,markov/Discrete.html,pot2,structurally_verified,rights.random.dual-witness
unit.o009.random.markov.discrete.pot3,unit.o009.random.markov.discrete,225,markov/Discrete.html,pot3,structurally_verified,rights.random.dual-witness
unit.o009.random.markov.discrete.pot4,unit.o009.random.markov.discrete,238,markov/Discrete.html,pot4,structurally_verified,rights.random.dual-witness
unit.o009.random.markov.discrete.pot5,unit.o009.random.markov.discrete,245,markov/Discrete.html,pot5,structurally_verified,rights.random.dual-witness
unit.o009.random.markov.discrete.pot6,unit.o009.random.markov.discrete,257,markov/Discrete.html,pot6,structurally_verified,rights.random.dual-witness
unit.o009.random.markov.discrete.pot7,unit.o009.random.markov.discrete,262,markov/Discrete.html,pot7,structurally_verified,rights.random.dual-witness
unit.o009.random.markov.discrete.pot8,unit.o009.random.markov.discrete,269,markov/Discrete.html,pot8,structurally_verified,rights.random.dual-witness
unit.o009.random.markov.discrete.rev,unit.o009.random.markov.discrete,76,markov/Discrete.html,rev,structurally_verified,rights.random.dual-witness
unit.o009.random.markov.discrete.smp,unit.o009.random.markov.discrete,279,markov/Discrete.html,smp,structurally_verified,rights.random.dual-witness
unit.o009.random.markov.discrete.smp1,unit.o009.random.markov.discrete,281,markov/Discrete.html,smp1,structurally_verified,rights.random.dual-witness
unit.o009.random.markov.discrete.smp2,unit.o009.random.markov.discrete,286,markov/Discrete.html,smp2,structurally_verified,rights.random.dual-witness
unit.o009.random.markov.discrete.str,unit.o009.random.markov.discrete,115,markov/Discrete.html,str,structurally_verified,rights.random.dual-witness
unit.o009.random.markov.discrete.str1,unit.o009.random.markov.discrete,119,markov/Discrete.html,str1,structurally_verified,rights.random.dual-witness
unit.o009.random.markov.discrete.str2,unit.o009.random.markov.discrete,139,markov/Discrete.html,str2,structurally_verified,rights.random.dual-witness
unit.o009.random.markov.discrete.trn,unit.o009.random.markov.discrete,145,markov/Discrete.html,trn,structurally_verified,rights.random.dual-witness
unit.o009.random.markov.discrete.trn1,unit.o009.random.markov.discrete,151,markov/Discrete.html,trn1,structurally_verified,rights.random.dual-witness
unit.o009.random.markov.discrete.trn2,unit.o009.random.markov.discrete,160,markov/Discrete.html,trn2,structurally_verified,rights.random.dual-witness
unit.o009.random.markov.discrete.trn3,unit.o009.random.markov.discrete,166,markov/Discrete.html,trn3,structurally_verified,rights.random.dual-witness
unit.o009.random.markov.discrete.trn4,unit.o009.random.markov.discrete,173,markov/Discrete.html,trn4,structurally_verified,rights.random.dual-witness
unit.o009.random.markov.discrete.trn5,unit.o009.random.markov.discrete,177,markov/Discrete.html,trn5,structurally_verified,rights.random.dual-witness
unit.o009.random.markov.discrete.trn6,unit.o009.random.markov.discrete,187,markov/Discrete.html,trn6,structurally_verified,rights.random.dual-witness
unit.o009.random.markov.discrete.trn7,unit.o009.random.markov.discrete,197,markov/Discrete.html,trn7,structurally_verified,rights.random.dual-witness
unit.o009.random.markov.discrete.trn8,unit.o009.random.markov.discrete,201,markov/Discrete.html,trn8,structurally_verified,rights.random.dual-witness
unit.o009.random.markov.discrete.two,unit.o009.random.markov.discrete,330,markov/Discrete.html,two,structurally_verified,rights.random.dual-witness
unit.o009.random.markov.discrete.two1,unit.o009.random.markov.discrete,332,markov/Discrete.html,two1,structurally_verified,rights.random.dual-witness
unit.o009.random.markov.discrete.two2,unit.o009.random.markov.discrete,337,markov/Discrete.html,two2,structurally_verified,rights.random.dual-witness
unit.o009.random.markov.discrete.two3,unit.o009.random.markov.discrete,345,markov/Discrete.html,two3,structurally_verified,rights.random.dual-witness
unit.o009.random.markov.discrete.two4,unit.o009.random.markov.discrete,350,markov/Discrete.html,two4,structurally_verified,rights.random.dual-witness
unit.o009.random.markov.general,course.o009.d30,15,markov/General.html,markov/General.html,structurally_verified,rights.random.dual-witness
unit.o009.random.markov.general.bas,unit.o009.random.markov.general,103,markov/General.html,bas,structurally_verified,rights.random.dual-witness
unit.o009.random.markov.general.details-001,unit.o009.random.markov.general.dfn2,139,markov/General.html,,structurally_verified,rights.random.dual-witness
unit.o009.random.markov.general.details-002,unit.o009.random.markov.general.div-003,151,markov/General.html,,structurally_verified,rights.random.dual-witness
unit.o009.random.markov.general.details-003,unit.o009.random.markov.general.fel1,177,markov/General.html,,structurally_verified,rights.random.dual-witness
unit.o009.random.markov.general.details-004,unit.o009.random.markov.general.div-008,211,markov/General.html,,structurally_verified,rights.random.dual-witness
unit.o009.random.markov.general.details-005,unit.o009.random.markov.general.trn1,228,markov/General.html,,structurally_verified,rights.random.dual-witness
unit.o009.random.markov.general.details-006,unit.o009.random.markov.general.trn2,240,markov/General.html,,structurally_verified,rights.random.dual-witness
unit.o009.random.markov.general.details-007,unit.o009.random.markov.general.trn3,247,markov/General.html,,structurally_verified,rights.random.dual-witness
unit.o009.random.markov.general.details-008,unit.o009.random.markov.general.trn4,255,markov/General.html,,structurally_verified,rights.random.dual-witness
unit.o009.random.markov.general.details-009,unit.o009.random.markov.general.trn5,266,markov/General.html,,structurally_verified,rights.random.dual-witness
unit.o009.random.markov.general.details-010,unit.o009.random.markov.general.trn6,284,markov/General.html,,structurally_verified,rights.random.dual-witness
unit.o009.random.markov.general.details-011,unit.o009.random.markov.general.trn8,305,markov/General.html,,structurally_verified,rights.random.dual-witness
unit.o009.random.markov.general.details-012,unit.o009.random.markov.general.sit1,314,markov/General.html,,structurally_verified,rights.random.dual-witness
unit.o009.random.markov.general.details-013,unit.o009.random.markov.general.enl1,325,markov/General.html,,structurally_verified,rights.random.dual-witness
unit.o009.random.markov.general.details-014,unit.o009.random.markov.general.enl2,332,markov/General.html,,structurally_verified,rights.random.dual-witness
unit.o009.random.markov.general.details-015,unit.o009.random.markov.general.rec1,341,markov/General.html,,structurally_verified,rights.random.dual-witness
unit.o009.random.markov.general.details-016,unit.o009.random.markov.general.rec2,348,markov/General.html,,structurally_verified,rights.random.dual-witness
unit.o009.random.markov.general.details-017,unit.o009.random.markov.general.inc2,371,markov/General.html,,structurally_verified,rights.random.dual-witness
unit.o009.random.markov.general.details-018,unit.o009.random.markov.general.inc3,377,markov/General.html,,structurally_verified,rights.random.dual-witness
unit.o009.random.markov.general.details-019,unit.o009.random.markov.general.div-032,397,markov/General.html,,structurally_verified,rights.random.dual-witness
unit.o009.random.markov.general.details-020,unit.o009.random.markov.general.inc6,409,markov/General.html,,structurally_verified,rights.random.dual-witness
unit.o009.random.markov.general.details-021,unit.o009.random.markov.general.inc7,423,markov/General.html,,structurally_verified,rights.random.dual-witness
unit.o009.random.markov.general.details-022,unit.o009.random.markov.general.inc8,432,markov/General.html,,structurally_verified,rights.random.dual-witness
unit.o009.random.markov.general.details-023,unit.o009.random.markov.general.inc10,443,markov/General.html,,structurally_verified,rights.random.dual-witness
unit.o009.random.markov.general.dfn,unit.o009.random.markov.general,130,markov/General.html,dfn,structurally_verified,rights.random.dual-witness
unit.o009.random.markov.general.dfn1,unit.o009.random.markov.general,131,markov/General.html,dfn1,structurally_verified,rights.random.dual-witness
unit.o009.random.markov.general.dfn2,unit.o009.random.markov.general,137,markov/General.html,dfn2,structurally_verified,rights.random.dual-witness
unit.o009.random.markov.general.dfn3,unit.o009.random.markov.general,155,markov/General.html,dfn3,structurally_verified,rights.random.dual-witness
unit.o009.random.markov.general.div-003,unit.o009.random.markov.general,149,markov/General.html,,structurally_verified,rights.random.dual-witness
unit.o009.random.markov.general.div-008,unit.o009.random.markov.general,209,markov/General.html,,structurally_verified,rights.random.dual-witness
unit.o009.random.markov.general.div-010,unit.o009.random.markov.general,219,markov/General.html,,structurally_verified,rights.random.dual-witness
unit.o009.random.markov.general.div-015,unit.o009.random.markov.general,260,markov/General.html,,structurally_verified,rights.random.dual-witness
unit.o009.random.markov.general.div-017,unit.o009.random.markov.general,272,markov/General.html,,structurally_verified,rights.random.dual-witness
unit.o009.random.markov.general.div-032,unit.o009.random.markov.general,392,markov/General.html,,structurally_verified,rights.random.dual-witness
unit.o009.random.markov.general.enl,unit.o009.random.markov.general,321,markov/General.html,enl,structurally_verified,rights.random.dual-witness
unit.o009.random.markov.general.enl1,unit.o009.random.markov.general,323,markov/General.html,enl1,structurally_verified,rights.random.dual-witness
unit.o009.random.markov.general.enl2,unit.o009.random.markov.general,330,markov/General.html,enl2,structurally_verified,rights.random.dual-witness
unit.o009.random.markov.general.exe,unit.o009.random.markov.general,336,markov/General.html,exe,structurally_verified,rights.random.dual-witness
unit.o009.random.markov.general.fel,unit.o009.random.markov.general,164,markov/General.html,fel,structurally_verified,rights.random.dual-witness
unit.o009.random.markov.general.fel1,unit.o009.random.markov.general,167,markov/General.html,fel1,structurally_verified,rights.random.dual-witness
unit.o009.random.markov.general.fel2,unit.o009.random.markov.general,183,markov/General.html,fel2,structurally_verified,rights.random.dual-witness
unit.o009.random.markov.general.h2-001,unit.o009.random.markov.general,71,markov/General.html,,structurally_verified,rights.random.dual-witness
unit.o009.random.markov.general.inc,unit.o009.random.markov.general,357,markov/General.html,inc,structurally_verified,rights.random.dual-witness
unit.o009.random.markov.general.inc1,unit.o009.random.markov.general,360,markov/General.html,inc1,structurally_verified,rights.random.dual-witness
unit.o009.random.markov.general.inc10,unit.o009.random.markov.general,440,markov/General.html,inc10,structurally_verified,rights.random.dual-witness
unit.o009.random.markov.general.inc11,unit.o009.random.markov.general,449,markov/General.html,inc11,structurally_verified,rights.random.dual-witness
unit.o009.random.markov.general.inc2,unit.o009.random.markov.general,369,markov/General.html,inc2,structurally_verified,rights.random.dual-witness
unit.o009.random.markov.general.inc3,unit.o009.random.markov.general,375,markov/General.html,inc3,structurally_verified,rights.random.dual-witness
unit.o009.random.markov.general.inc4,unit.o009.random.markov.general,381,markov/General.html,inc4,structurally_verified,rights.random.dual-witness
unit.o009.random.markov.general.inc5,unit.o009.random.markov.general,386,markov/General.html,inc5,structurally_verified,rights.random.dual-witness
unit.o009.random.markov.general.inc6,unit.o009.random.markov.general,407,markov/General.html,inc6,structurally_verified,rights.random.dual-witness
unit.o009.random.markov.general.inc7,unit.o009.random.markov.general,417,markov/General.html,inc7,structurally_verified,rights.random.dual-witness
unit.o009.random.markov.general.inc8,unit.o009.random.markov.general,429,markov/General.html,inc8,structurally_verified,rights.random.dual-witness
unit.o009.random.markov.general.inc9,unit.o009.random.markov.general,437,markov/General.html,inc9,structurally_verified,rights.random.dual-witness
unit.o009.random.markov.general.pre,unit.o009.random.markov.general,104,markov/General.html,pre,structurally_verified,rights.random.dual-witness
unit.o009.random.markov.general.rec,unit.o009.random.markov.general,337,markov/General.html,rec,structurally_verified,rights.random.dual-witness
unit.o009.random.markov.general.rec1,unit.o009.random.markov.general,339,markov/General.html,rec1,structurally_verified,rights.random.dual-witness
unit.o009.random.markov.general.rec2,unit.o009.random.markov.general,345,markov/General.html,rec2,structurally_verified,rights.random.dual-witness
unit.o009.random.markov.general.sit,unit.o009.random.markov.general,309,markov/General.html,sit,structurally_verified,rights.random.dual-witness
unit.o009.random.markov.general.sit1,unit.o009.random.markov.general,312,markov/General.html,sit1,structurally_verified,rights.random.dual-witness
unit.o009.random.markov.general.sit2,unit.o009.random.markov.general,318,markov/General.html,sit2,structurally_verified,rights.random.dual-witness
unit.o009.random.markov.general.smp,unit.o009.random.markov.general,188,markov/General.html,smp,structurally_verified,rights.random.dual-witness
unit.o009.random.markov.general.smp3,unit.o009.random.markov.general,205,markov/General.html,smp3,structurally_verified,rights.random.dual-witness
unit.o009.random.markov.general.smp4,unit.o009.random.markov.general,216,markov/General.html,smp4,structurally_verified,rights.random.dual-witness
unit.o009.random.markov.general.trn,unit.o009.random.markov.general,221,markov/General.html,trn,structurally_verified,rights.random.dual-witness
unit.o009.random.markov.general.trn1,unit.o009.random.markov.general,225,markov/General.html,trn1,structurally_verified,rights.random.dual-witness
unit.o009.random.markov.general.trn2,unit.o009.random.markov.general,238,markov/General.html,trn2,structurally_verified,rights.random.dual-witness
unit.o009.random.markov.general.trn3,unit.o009.random.markov.general,245,markov/General.html,trn3,structurally_verified,rights.random.dual-witness
unit.o009.random.markov.general.trn4,unit.o009.random.markov.general,253,markov/General.html,trn4,structurally_verified,rights.random.dual-witness
unit.o009.random.markov.general.trn5,unit.o009.random.markov.general,264,markov/General.html,trn5,structurally_verified,rights.random.dual-witness
unit.o009.random.markov.general.trn6,unit.o009.random.markov.general,282,markov/General.html,trn6,structurally_verified,rights.random.dual-witness
unit.o009.random.markov.general.trn7,unit.o009.random.markov.general,291,markov/General.html,trn7,structurally_verified,rights.random.dual-witness
unit.o009.random.markov.general.trn8,unit.o009.random.markov.general,303,markov/General.html,trn8,structurally_verified,rights.random.dual-witness
unit.o009.random.markov.index,course.o009.d30,34,markov/index.html,markov/index.html,structurally_verified,rights.random.dual-witness
unit.o009.random.markov.index.Apps,unit.o009.random.markov.index,112,markov/index.html,Apps,structurally_verified,rights.random.dual-witness
unit.o009.random.markov.index.External,unit.o009.random.markov.index,124,markov/index.html,External,structurally_verified,rights.random.dual-witness
unit.o009.random.markov.index.cha,unit.o009.random.markov.index,62,markov/index.html,cha,structurally_verified,rights.random.dual-witness
unit.o009.random.markov.index.con,unit.o009.random.markov.index,90,markov/index.html,con,structurally_verified,rights.random.dual-witness
unit.o009.random.markov.index.h4-002,unit.o009.random.markov.index,56,markov/index.html,,structurally_verified,rights.random.dual-witness
unit.o009.random.markov.index.h4-009,unit.o009.random.markov.index,142,markov/index.html,,structurally_verified,rights.random.dual-witness
unit.o009.random.markov.index.spe,unit.o009.random.markov.index,74,markov/index.html,spe,structurally_verified,rights.random.dual-witness
unit.o009.random.markov.index.spe2,unit.o009.random.markov.index,102,markov/index.html,spe2,structurally_verified,rights.random.dual-witness
unit.o009.random.markov.index.sum,unit.o009.random.markov.index,54,markov/index.html,sum,structurally_verified,rights.random.dual-witness
unit.o009.random.markov.limiting,course.o009.d30,19,markov/Limiting.html,markov/Limiting.html,structurally_verified,rights.random.dual-witness
unit.o009.random.markov.limiting.Examples,unit.o009.random.markov.limiting,273,markov/Limiting.html,Examples,structurally_verified,rights.random.dual-witness
unit.o009.random.markov.limiting.bas,unit.o009.random.markov.limiting,74,markov/Limiting.html,bas,structurally_verified,rights.random.dual-witness
unit.o009.random.markov.limiting.details-001,unit.o009.random.markov.limiting.ren1,91,markov/Limiting.html,,structurally_verified,rights.random.dual-witness
unit.o009.random.markov.limiting.details-002,unit.o009.random.markov.limiting.lim1,104,markov/Limiting.html,,structurally_verified,rights.random.dual-witness
unit.o009.random.markov.limiting.details-003,unit.o009.random.markov.limiting.lim2,111,markov/Limiting.html,,structurally_verified,rights.random.dual-witness
unit.o009.random.markov.limiting.details-004,unit.o009.random.markov.limiting.lim3,118,markov/Limiting.html,,structurally_verified,rights.random.dual-witness
unit.o009.random.markov.limiting.details-005,unit.o009.random.markov.limiting.lim4,132,markov/Limiting.html,,structurally_verified,rights.random.dual-witness
unit.o009.random.markov.limiting.details-006,unit.o009.random.markov.limiting.pos2,153,markov/Limiting.html,,structurally_verified,rights.random.dual-witness
unit.o009.random.markov.limiting.details-007,unit.o009.random.markov.limiting.pos3,162,markov/Limiting.html,,structurally_verified,rights.random.dual-witness
unit.o009.random.markov.limiting.details-008,unit.o009.random.markov.limiting.pos4,174,markov/Limiting.html,,structurally_verified,rights.random.dual-witness
unit.o009.random.markov.limiting.details-009,unit.o009.random.markov.limiting.pos5,179,markov/Limiting.html,,structurally_verified,rights.random.dual-witness
unit.o009.random.markov.limiting.details-010,unit.o009.random.markov.limiting.pos6,185,markov/Limiting.html,,structurally_verified,rights.random.dual-witness
unit.o009.random.markov.limiting.details-011,unit.o009.random.markov.limiting.rev2,206,markov/Limiting.html,,structurally_verified,rights.random.dual-witness
unit.o009.random.markov.limiting.details-012,unit.o009.random.markov.limiting.rev3,214,markov/Limiting.html,,structurally_verified,rights.random.dual-witness
unit.o009.random.markov.limiting.details-013,unit.o009.random.markov.limiting.inv1,225,markov/Limiting.html,,structurally_verified,rights.random.dual-witness
unit.o009.random.markov.limiting.details-014,unit.o009.random.markov.limiting.inv2,234,markov/Limiting.html,,structurally_verified,rights.random.dual-witness
unit.o009.random.markov.limiting.details-015,unit.o009.random.markov.limiting.inv3,243,markov/Limiting.html,,structurally_verified,rights.random.dual-witness
unit.o009.random.markov.limiting.details-016,unit.o009.random.markov.limiting.mea1,257,markov/Limiting.html,,structurally_verified,rights.random.dual-witness
unit.o009.random.markov.limiting.details-017,unit.o009.random.markov.limiting.mea2,266,markov/Limiting.html,,structurally_verified,rights.random.dual-witness
unit.o009.random.markov.limiting.details-018,unit.o009.random.markov.limiting.fin1,283,markov/Limiting.html,,structurally_verified,rights.random.dual-witness
unit.o009.random.markov.limiting.details-019,unit.o009.random.markov.limiting.fin2,300,markov/Limiting.html,,structurally_verified,rights.random.dual-witness
unit.o009.random.markov.limiting.details-020,unit.o009.random.markov.limiting.fin3,319,markov/Limiting.html,,structurally_verified,rights.random.dual-witness
unit.o009.random.markov.limiting.details-021,unit.o009.random.markov.limiting.fin4,338,markov/Limiting.html,,structurally_verified,rights.random.dual-witness
unit.o009.random.markov.limiting.details-022,unit.o009.random.markov.limiting.fin5,359,markov/Limiting.html,,structurally_verified,rights.random.dual-witness
unit.o009.random.markov.limiting.div-023,unit.o009.random.markov.limiting,289,markov/Limiting.html,,structurally_verified,rights.random.dual-witness
unit.o009.random.markov.limiting.figure-001,unit.o009.random.markov.limiting,201,markov/Limiting.html,,structurally_verified,rights.random.dual-witness
unit.o009.random.markov.limiting.figure-002,unit.o009.random.markov.limiting.fin2,304,markov/Limiting.html,,structurally_verified,rights.random.dual-witness
unit.o009.random.markov.limiting.figure-003,unit.o009.random.markov.limiting.fin3,323,markov/Limiting.html,,structurally_verified,rights.random.dual-witness
unit.o009.random.markov.limiting.figure-004,unit.o009.random.markov.limiting.fin4,342,markov/Limiting.html,,structurally_verified,rights.random.dual-witness
unit.o009.random.markov.limiting.figure-005,unit.o009.random.markov.limiting.fin5,363,markov/Limiting.html,,structurally_verified,rights.random.dual-witness
unit.o009.random.markov.limiting.fin,unit.o009.random.markov.limiting,274,markov/Limiting.html,fin,structurally_verified,rights.random.dual-witness
unit.o009.random.markov.limiting.fin1,unit.o009.random.markov.limiting,275,markov/Limiting.html,fin1,structurally_verified,rights.random.dual-witness
unit.o009.random.markov.limiting.fin2,unit.o009.random.markov.limiting,292,markov/Limiting.html,fin2,structurally_verified,rights.random.dual-witness
unit.o009.random.markov.limiting.fin3,unit.o009.random.markov.limiting,311,markov/Limiting.html,fin3,structurally_verified,rights.random.dual-witness
unit.o009.random.markov.limiting.fin4,unit.o009.random.markov.limiting,330,markov/Limiting.html,fin4,structurally_verified,rights.random.dual-witness
unit.o009.random.markov.limiting.fin5,unit.o009.random.markov.limiting,349,markov/Limiting.html,fin5,structurally_verified,rights.random.dual-witness
unit.o009.random.markov.limiting.h2-001,unit.o009.random.markov.limiting,71,markov/Limiting.html,,structurally_verified,rights.random.dual-witness
unit.o009.random.markov.limiting.inv,unit.o009.random.markov.limiting,220,markov/Limiting.html,inv,structurally_verified,rights.random.dual-witness
unit.o009.random.markov.limiting.inv1,unit.o009.random.markov.limiting,223,markov/Limiting.html,inv1,structurally_verified,rights.random.dual-witness
unit.o009.random.markov.limiting.inv2,unit.o009.random.markov.limiting,232,markov/Limiting.html,inv2,structurally_verified,rights.random.dual-witness
unit.o009.random.markov.limiting.inv3,unit.o009.random.markov.limiting,241,markov/Limiting.html,inv3,structurally_verified,rights.random.dual-witness
unit.o009.random.markov.limiting.lim,unit.o009.random.markov.limiting,99,markov/Limiting.html,lim,structurally_verified,rights.random.dual-witness
unit.o009.random.markov.limiting.lim1,unit.o009.random.markov.limiting,102,markov/Limiting.html,lim1,structurally_verified,rights.random.dual-witness
unit.o009.random.markov.limiting.lim2,unit.o009.random.markov.limiting,109,markov/Limiting.html,lim2,structurally_verified,rights.random.dual-witness
unit.o009.random.markov.limiting.lim3,unit.o009.random.markov.limiting,116,markov/Limiting.html,lim3,structurally_verified,rights.random.dual-witness
unit.o009.random.markov.limiting.lim4,unit.o009.random.markov.limiting,126,markov/Limiting.html,lim4,structurally_verified,rights.random.dual-witness
unit.o009.random.markov.limiting.lim5,unit.o009.random.markov.limiting,139,markov/Limiting.html,lim5,structurally_verified,rights.random.dual-witness
unit.o009.random.markov.limiting.mea,unit.o009.random.markov.limiting,246,markov/Limiting.html,mea,structurally_verified,rights.random.dual-witness
unit.o009.random.markov.limiting.mea1,unit.o009.random.markov.limiting,251,markov/Limiting.html,mea1,structurally_verified,rights.random.dual-witness
unit.o009.random.markov.limiting.mea2,unit.o009.random.markov.limiting,264,markov/Limiting.html,mea2,structurally_verified,rights.random.dual-witness
unit.o009.random.markov.limiting.pos,unit.o009.random.markov.limiting,141,markov/Limiting.html,pos,structurally_verified,rights.random.dual-witness
unit.o009.random.markov.limiting.pos1,unit.o009.random.markov.limiting,143,markov/Limiting.html,pos1,structurally_verified,rights.random.dual-witness
unit.o009.random.markov.limiting.pos2,unit.o009.random.markov.limiting,151,markov/Limiting.html,pos2,structurally_verified,rights.random.dual-witness
unit.o009.random.markov.limiting.pos3,unit.o009.random.markov.limiting,160,markov/Limiting.html,pos3,structurally_verified,rights.random.dual-witness
unit.o009.random.markov.limiting.pos4,unit.o009.random.markov.limiting,172,markov/Limiting.html,pos4,structurally_verified,rights.random.dual-witness
unit.o009.random.markov.limiting.pos5,unit.o009.random.markov.limiting,177,markov/Limiting.html,pos5,structurally_verified,rights.random.dual-witness
unit.o009.random.markov.limiting.pos6,unit.o009.random.markov.limiting,183,markov/Limiting.html,pos6,structurally_verified,rights.random.dual-witness
unit.o009.random.markov.limiting.ren,unit.o009.random.markov.limiting,79,markov/Limiting.html,ren,structurally_verified,rights.random.dual-witness
unit.o009.random.markov.limiting.ren1,unit.o009.random.markov.limiting,84,markov/Limiting.html,ren1,structurally_verified,rights.random.dual-witness
unit.o009.random.markov.limiting.rev,unit.o009.random.markov.limiting,190,markov/Limiting.html,rev,structurally_verified,rights.random.dual-witness
unit.o009.random.markov.limiting.rev1,unit.o009.random.markov.limiting,193,markov/Limiting.html,rev1,structurally_verified,rights.random.dual-witness
unit.o009.random.markov.limiting.rev2,unit.o009.random.markov.limiting,204,markov/Limiting.html,rev2,structurally_verified,rights.random.dual-witness
unit.o009.random.markov.limiting.rev3,unit.o009.random.markov.limiting,209,markov/Limiting.html,rev3,structurally_verified,rights.random.dual-witness
unit.o009.random.markov.limiting.rev4,unit.o009.random.markov.limiting,218,markov/Limiting.html,rev4,structurally_verified,rights.random.dual-witness
unit.o009.random.markov.limiting.spe,unit.o009.random.markov.limiting,372,markov/Limiting.html,spe,structurally_verified,rights.random.dual-witness
unit.o009.random.markov.limiting.spe1,unit.o009.random.markov.limiting,373,markov/Limiting.html,spe1,structurally_verified,rights.random.dual-witness
unit.o009.random.markov.periodicity,course.o009.d30,18,markov/Periodicity.html,markov/Periodicity.html,structurally_verified,rights.random.dual-witness
unit.o009.random.markov.periodicity.bas,unit.o009.random.markov.periodicity,73,markov/Periodicity.html,bas,structurally_verified,rights.random.dual-witness
unit.o009.random.markov.periodicity.cyc,unit.o009.random.markov.periodicity,102,markov/Periodicity.html,cyc,structurally_verified,rights.random.dual-witness
unit.o009.random.markov.periodicity.cyc1,unit.o009.random.markov.periodicity,107,markov/Periodicity.html,cyc1,structurally_verified,rights.random.dual-witness
unit.o009.random.markov.periodicity.cyc2,unit.o009.random.markov.periodicity,119,markov/Periodicity.html,cyc2,structurally_verified,rights.random.dual-witness
unit.o009.random.markov.periodicity.cyc3,unit.o009.random.markov.periodicity,124,markov/Periodicity.html,cyc3,structurally_verified,rights.random.dual-witness
unit.o009.random.markov.periodicity.details-001,unit.o009.random.markov.periodicity.dfn2,88,markov/Periodicity.html,,structurally_verified,rights.random.dual-witness
unit.o009.random.markov.periodicity.details-002,unit.o009.random.markov.periodicity.dfn3,97,markov/Periodicity.html,,structurally_verified,rights.random.dual-witness
unit.o009.random.markov.periodicity.details-003,unit.o009.random.markov.periodicity.cyc1,113,markov/Periodicity.html,,structurally_verified,rights.random.dual-witness
unit.o009.random.markov.periodicity.details-004,unit.o009.random.markov.periodicity.fin1,135,markov/Periodicity.html,,structurally_verified,rights.random.dual-witness
unit.o009.random.markov.periodicity.details-005,unit.o009.random.markov.periodicity.fin3,147,markov/Periodicity.html,,structurally_verified,rights.random.dual-witness
unit.o009.random.markov.periodicity.dfn,unit.o009.random.markov.periodicity,74,markov/Periodicity.html,dfn,structurally_verified,rights.random.dual-witness
unit.o009.random.markov.periodicity.dfn1,unit.o009.random.markov.periodicity,77,markov/Periodicity.html,dfn1,structurally_verified,rights.random.dual-witness
unit.o009.random.markov.periodicity.dfn2,unit.o009.random.markov.periodicity,86,markov/Periodicity.html,dfn2,structurally_verified,rights.random.dual-witness
unit.o009.random.markov.periodicity.dfn3,unit.o009.random.markov.periodicity,95,markov/Periodicity.html,dfn3,structurally_verified,rights.random.dual-witness
unit.o009.random.markov.periodicity.exa,unit.o009.random.markov.periodicity,127,markov/Periodicity.html,exa,structurally_verified,rights.random.dual-witness
unit.o009.random.markov.periodicity.figure-002,unit.o009.random.markov.periodicity.fin3,151,markov/Periodicity.html,,structurally_verified,rights.random.dual-witness
unit.o009.random.markov.periodicity.fin,unit.o009.random.markov.periodicity,128,markov/Periodicity.html,fin,structurally_verified,rights.random.dual-witness
unit.o009.random.markov.periodicity.fin1,unit.o009.random.markov.periodicity,129,markov/Periodicity.html,fin1,structurally_verified,rights.random.dual-witness
unit.o009.random.markov.periodicity.fin3,unit.o009.random.markov.periodicity,140,markov/Periodicity.html,fin3,structurally_verified,rights.random.dual-witness
unit.o009.random.markov.periodicity.h2-001,unit.o009.random.markov.periodicity,71,markov/Periodicity.html,,structurally_verified,rights.random.dual-witness
unit.o009.random.markov.periodicity.spe,unit.o009.random.markov.periodicity,157,markov/Periodicity.html,spe,structurally_verified,rights.random.dual-witness
unit.o009.random.markov.periodicity.spe1,unit.o009.random.markov.periodicity,158,markov/Periodicity.html,spe1,structurally_verified,rights.random.dual-witness
unit.o009.random.markov.recurrence,course.o009.d30,17,markov/Recurrence.html,markov/Recurrence.html,structurally_verified,rights.random.dual-witness
unit.o009.random.markov.recurrence.bas,unit.o009.random.markov.recurrence,74,markov/Recurrence.html,bas,structurally_verified,rights.random.dual-witness
unit.o009.random.markov.recurrence.cls,unit.o009.random.markov.recurrence,285,markov/Recurrence.html,cls,structurally_verified,rights.random.dual-witness
unit.o009.random.markov.recurrence.cls1,unit.o009.random.markov.recurrence,287,markov/Recurrence.html,cls1,structurally_verified,rights.random.dual-witness
unit.o009.random.markov.recurrence.cls2,unit.o009.random.markov.recurrence,295,markov/Recurrence.html,cls2,structurally_verified,rights.random.dual-witness
unit.o009.random.markov.recurrence.cls3,unit.o009.random.markov.recurrence,300,markov/Recurrence.html,cls3,structurally_verified,rights.random.dual-witness
unit.o009.random.markov.recurrence.cls4,unit.o009.random.markov.recurrence,305,markov/Recurrence.html,cls4,structurally_verified,rights.random.dual-witness
unit.o009.random.markov.recurrence.com,unit.o009.random.markov.recurrence,353,markov/Recurrence.html,com,structurally_verified,rights.random.dual-witness
unit.o009.random.markov.recurrence.com1,unit.o009.random.markov.recurrence,359,markov/Recurrence.html,com1,structurally_verified,rights.random.dual-witness
unit.o009.random.markov.recurrence.com2,unit.o009.random.markov.recurrence,367,markov/Recurrence.html,com2,structurally_verified,rights.random.dual-witness
unit.o009.random.markov.recurrence.com3,unit.o009.random.markov.recurrence,370,markov/Recurrence.html,com3,structurally_verified,rights.random.dual-witness
unit.o009.random.markov.recurrence.com4,unit.o009.random.markov.recurrence,378,markov/Recurrence.html,com4,structurally_verified,rights.random.dual-witness
unit.o009.random.markov.recurrence.details-001,unit.o009.random.markov.recurrence.hit2,95,markov/Recurrence.html,,structurally_verified,rights.random.dual-witness
unit.o009.random.markov.recurrence.details-002,unit.o009.random.markov.recurrence.hit3,103,markov/Recurrence.html,,structurally_verified,rights.random.dual-witness
unit.o009.random.markov.recurrence.details-003,unit.o009.random.markov.recurrence.hit4,111,markov/Recurrence.html,,structurally_verified,rights.random.dual-witness
unit.o009.random.markov.recurrence.details-004,unit.o009.random.markov.recurrence.pot1,132,markov/Recurrence.html,,structurally_verified,rights.random.dual-witness
unit.o009.random.markov.recurrence.details-005,unit.o009.random.markov.recurrence.pot2,143,markov/Recurrence.html,,structurally_verified,rights.random.dual-witness
unit.o009.random.markov.recurrence.details-006,unit.o009.random.markov.recurrence.pot4,160,markov/Recurrence.html,,structurally_verified,rights.random.dual-witness
unit.o009.random.markov.recurrence.details-007,unit.o009.random.markov.recurrence.pot5,173,markov/Recurrence.html,,structurally_verified,rights.random.dual-witness
unit.o009.random.markov.recurrence.details-008,unit.o009.random.markov.recurrence.rel2,202,markov/Recurrence.html,,structurally_verified,rights.random.dual-witness
unit.o009.random.markov.recurrence.details-009,unit.o009.random.markov.recurrence.rel4,220,markov/Recurrence.html,,structurally_verified,rights.random.dual-witness
unit.o009.random.markov.recurrence.details-010,unit.o009.random.markov.recurrence.rel5,235,markov/Recurrence.html,,structurally_verified,rights.random.dual-witness
unit.o009.random.markov.recurrence.details-011,unit.o009.random.markov.recurrence.rel6,247,markov/Recurrence.html,,structurally_verified,rights.random.dual-witness
unit.o009.random.markov.recurrence.details-012,unit.o009.random.markov.recurrence.rel9,269,markov/Recurrence.html,,structurally_verified,rights.random.dual-witness
unit.o009.random.markov.recurrence.details-013,unit.o009.random.markov.recurrence.rel10,279,markov/Recurrence.html,,structurally_verified,rights.random.dual-witness
unit.o009.random.markov.recurrence.details-014,unit.o009.random.markov.recurrence.cls1,289,markov/Recurrence.html,,structurally_verified,rights.random.dual-witness
unit.o009.random.markov.recurrence.details-015,unit.o009.random.markov.recurrence.cls2,297,markov/Recurrence.html,,structurally_verified,rights.random.dual-witness
unit.o009.random.markov.recurrence.details-016,unit.o009.random.markov.recurrence.cls3,302,markov/Recurrence.html,,structurally_verified,rights.random.dual-witness
unit.o009.random.markov.recurrence.details-017,unit.o009.random.markov.recurrence.cls4,307,markov/Recurrence.html,,structurally_verified,rights.random.dual-witness
unit.o009.random.markov.recurrence.details-018,unit.o009.random.markov.recurrence.tst1,323,markov/Recurrence.html,,structurally_verified,rights.random.dual-witness
unit.o009.random.markov.recurrence.details-019,unit.o009.random.markov.recurrence.tst2,334,markov/Recurrence.html,,structurally_verified,rights.random.dual-witness
unit.o009.random.markov.recurrence.details-020,unit.o009.random.markov.recurrence.tst3,343,markov/Recurrence.html,,structurally_verified,rights.random.dual-witness
unit.o009.random.markov.recurrence.details-021,unit.o009.random.markov.recurrence.tst4,348,markov/Recurrence.html,,structurally_verified,rights.random.dual-witness
unit.o009.random.markov.recurrence.details-022,unit.o009.random.markov.recurrence.com1,361,markov/Recurrence.html,,structurally_verified,rights.random.dual-witness
unit.o009.random.markov.recurrence.details-023,unit.o009.random.markov.recurrence.com3,372,markov/Recurrence.html,,structurally_verified,rights.random.dual-witness
unit.o009.random.markov.recurrence.details-024,unit.o009.random.markov.recurrence.com4,380,markov/Recurrence.html,,structurally_verified,rights.random.dual-witness
unit.o009.random.markov.recurrence.details-025,unit.o009.random.markov.recurrence.fin1,393,markov/Recurrence.html,,structurally_verified,rights.random.dual-witness
unit.o009.random.markov.recurrence.details-026,unit.o009.random.markov.recurrence.fin2,410,markov/Recurrence.html,,structurally_verified,rights.random.dual-witness
unit.o009.random.markov.recurrence.details-027,unit.o009.random.markov.recurrence.fin3,427,markov/Recurrence.html,,structurally_verified,rights.random.dual-witness
unit.o009.random.markov.recurrence.exa,unit.o009.random.markov.recurrence,384,markov/Recurrence.html,exa,structurally_verified,rights.random.dual-witness
unit.o009.random.markov.recurrence.figure-003,unit.o009.random.markov.recurrence,314,markov/Recurrence.html,,structurally_verified,rights.random.dual-witness
unit.o009.random.markov.recurrence.figure-004,unit.o009.random.markov.recurrence.fin1,397,markov/Recurrence.html,,structurally_verified,rights.random.dual-witness
unit.o009.random.markov.recurrence.figure-005,unit.o009.random.markov.recurrence.fin2,414,markov/Recurrence.html,,structurally_verified,rights.random.dual-witness
unit.o009.random.markov.recurrence.figure-006,unit.o009.random.markov.recurrence.fin3,431,markov/Recurrence.html,,structurally_verified,rights.random.dual-witness
unit.o009.random.markov.recurrence.fin,unit.o009.random.markov.recurrence,385,markov/Recurrence.html,fin,structurally_verified,rights.random.dual-witness
unit.o009.random.markov.recurrence.fin1,unit.o009.random.markov.recurrence,386,markov/Recurrence.html,fin1,structurally_verified,rights.random.dual-witness
unit.o009.random.markov.recurrence.fin2,unit.o009.random.markov.recurrence,403,markov/Recurrence.html,fin2,structurally_verified,rights.random.dual-witness
unit.o009.random.markov.recurrence.fin3,unit.o009.random.markov.recurrence,420,markov/Recurrence.html,fin3,structurally_verified,rights.random.dual-witness
unit.o009.random.markov.recurrence.h2-001,unit.o009.random.markov.recurrence,71,markov/Recurrence.html,,structurally_verified,rights.random.dual-witness
unit.o009.random.markov.recurrence.hit,unit.o009.random.markov.recurrence,79,markov/Recurrence.html,hit,structurally_verified,rights.random.dual-witness
unit.o009.random.markov.recurrence.hit1,unit.o009.random.markov.recurrence,84,markov/Recurrence.html,hit1,structurally_verified,rights.random.dual-witness
unit.o009.random.markov.recurrence.hit2,unit.o009.random.markov.recurrence,93,markov/Recurrence.html,hit2,structurally_verified,rights.random.dual-witness
unit.o009.random.markov.recurrence.hit3,unit.o009.random.markov.recurrence,101,markov/Recurrence.html,hit3,structurally_verified,rights.random.dual-witness
unit.o009.random.markov.recurrence.hit4,unit.o009.random.markov.recurrence,106,markov/Recurrence.html,hit4,structurally_verified,rights.random.dual-witness
unit.o009.random.markov.recurrence.hit5,unit.o009.random.markov.recurrence,118,markov/Recurrence.html,hit5,structurally_verified,rights.random.dual-witness
unit.o009.random.markov.recurrence.pot,unit.o009.random.markov.recurrence,127,markov/Recurrence.html,pot,structurally_verified,rights.random.dual-witness
unit.o009.random.markov.recurrence.pot1,unit.o009.random.markov.recurrence,130,markov/Recurrence.html,pot1,structurally_verified,rights.random.dual-witness
unit.o009.random.markov.recurrence.pot2,unit.o009.random.markov.recurrence,138,markov/Recurrence.html,pot2,structurally_verified,rights.random.dual-witness
unit.o009.random.markov.recurrence.pot3,unit.o009.random.markov.recurrence,148,markov/Recurrence.html,pot3,structurally_verified,rights.random.dual-witness
unit.o009.random.markov.recurrence.pot4,unit.o009.random.markov.recurrence,154,markov/Recurrence.html,pot4,structurally_verified,rights.random.dual-witness
unit.o009.random.markov.recurrence.pot5,unit.o009.random.markov.recurrence,167,markov/Recurrence.html,pot5,structurally_verified,rights.random.dual-witness
unit.o009.random.markov.recurrence.pot6,unit.o009.random.markov.recurrence,182,markov/Recurrence.html,pot6,structurally_verified,rights.random.dual-witness
unit.o009.random.markov.recurrence.rel,unit.o009.random.markov.recurrence,188,markov/Recurrence.html,rel,structurally_verified,rights.random.dual-witness
unit.o009.random.markov.recurrence.rel1,unit.o009.random.markov.recurrence,191,markov/Recurrence.html,rel1,structurally_verified,rights.random.dual-witness
unit.o009.random.markov.recurrence.rel10,unit.o009.random.markov.recurrence,277,markov/Recurrence.html,rel10,structurally_verified,rights.random.dual-witness
unit.o009.random.markov.recurrence.rel2,unit.o009.random.markov.recurrence,198,markov/Recurrence.html,rel2,structurally_verified,rights.random.dual-witness
unit.o009.random.markov.recurrence.rel3,unit.o009.random.markov.recurrence,207,markov/Recurrence.html,rel3,structurally_verified,rights.random.dual-witness
unit.o009.random.markov.recurrence.rel4,unit.o009.random.markov.recurrence,214,markov/Recurrence.html,rel4,structurally_verified,rights.random.dual-witness
unit.o009.random.markov.recurrence.rel5,unit.o009.random.markov.recurrence,228,markov/Recurrence.html,rel5,structurally_verified,rights.random.dual-witness
unit.o009.random.markov.recurrence.rel6,unit.o009.random.markov.recurrence,245,markov/Recurrence.html,rel6,structurally_verified,rights.random.dual-witness
unit.o009.random.markov.recurrence.rel7,unit.o009.random.markov.recurrence,253,markov/Recurrence.html,rel7,structurally_verified,rights.random.dual-witness
unit.o009.random.markov.recurrence.rel8,unit.o009.random.markov.recurrence,261,markov/Recurrence.html,rel8,structurally_verified,rights.random.dual-witness
unit.o009.random.markov.recurrence.rel9,unit.o009.random.markov.recurrence,264,markov/Recurrence.html,rel9,structurally_verified,rights.random.dual-witness
unit.o009.random.markov.recurrence.spe,unit.o009.random.markov.recurrence,437,markov/Recurrence.html,spe,structurally_verified,rights.random.dual-witness
unit.o009.random.markov.recurrence.spe1,unit.o009.random.markov.recurrence,438,markov/Recurrence.html,spe1,structurally_verified,rights.random.dual-witness
unit.o009.random.markov.recurrence.tst,unit.o009.random.markov.recurrence,317,markov/Recurrence.html,tst,structurally_verified,rights.random.dual-witness
unit.o009.random.markov.recurrence.tst1,unit.o009.random.markov.recurrence,318,markov/Recurrence.html,tst1,structurally_verified,rights.random.dual-witness
unit.o009.random.markov.recurrence.tst2,unit.o009.random.markov.recurrence,332,markov/Recurrence.html,tst2,structurally_verified,rights.random.dual-witness
unit.o009.random.markov.recurrence.tst3,unit.o009.random.markov.recurrence,341,markov/Recurrence.html,tst3,structurally_verified,rights.random.dual-witness
unit.o009.random.markov.recurrence.tst4,unit.o009.random.markov.recurrence,346,markov/Recurrence.html,tst4,structurally_verified,rights.random.dual-witness
unit.o009.random.martingales.backwards,course.o009.d30,14,martingales/Backwards.html,martingales/Backwards.html,structurally_verified,rights.random.dual-witness
unit.o009.random.martingales.backwards.details-001,unit.o009.random.martingales.backwards.dfn2,56,martingales/Backwards.html,,structurally_verified,rights.random.dual-witness
unit.o009.random.martingales.backwards.details-002,unit.o009.random.martingales.backwards.dfn3,64,martingales/Backwards.html,,structurally_verified,rights.random.dual-witness
unit.o009.random.martingales.backwards.details-003,unit.o009.random.martingales.backwards.prp1,73,martingales/Backwards.html,,structurally_verified,rights.random.dual-witness
unit.o009.random.martingales.backwards.details-004,unit.o009.random.martingales.backwards.prp2,83,martingales/Backwards.html,,structurally_verified,rights.random.dual-witness
unit.o009.random.martingales.backwards.details-005,unit.o009.random.martingales.backwards.prp3,97,martingales/Backwards.html,,structurally_verified,rights.random.dual-witness
unit.o009.random.martingales.backwards.details-006,unit.o009.random.martingales.backwards.div-007,110,martingales/Backwards.html,,structurally_verified,rights.random.dual-witness
unit.o009.random.martingales.backwards.details-007,unit.o009.random.martingales.backwards.div-008,128,martingales/Backwards.html,,structurally_verified,rights.random.dual-witness
unit.o009.random.martingales.backwards.details-008,unit.o009.random.martingales.backwards.exc1,142,martingales/Backwards.html,,structurally_verified,rights.random.dual-witness
unit.o009.random.martingales.backwards.details-009,unit.o009.random.martingales.backwards.exc2,154,martingales/Backwards.html,,structurally_verified,rights.random.dual-witness
unit.o009.random.martingales.backwards.dfn,unit.o009.random.martingales.backwards,42,martingales/Backwards.html,dfn,structurally_verified,rights.random.dual-witness
unit.o009.random.martingales.backwards.dfn1,unit.o009.random.martingales.backwards,48,martingales/Backwards.html,dfn1,structurally_verified,rights.random.dual-witness
unit.o009.random.martingales.backwards.dfn2,unit.o009.random.martingales.backwards,54,martingales/Backwards.html,dfn2,structurally_verified,rights.random.dual-witness
unit.o009.random.martingales.backwards.dfn3,unit.o009.random.martingales.backwards,62,martingales/Backwards.html,dfn3,structurally_verified,rights.random.dual-witness
unit.o009.random.martingales.backwards.div-007,unit.o009.random.martingales.backwards,108,martingales/Backwards.html,,structurally_verified,rights.random.dual-witness
unit.o009.random.martingales.backwards.div-008,unit.o009.random.martingales.backwards,122,martingales/Backwards.html,,structurally_verified,rights.random.dual-witness
unit.o009.random.martingales.backwards.exc,unit.o009.random.martingales.backwards,133,martingales/Backwards.html,exc,structurally_verified,rights.random.dual-witness
unit.o009.random.martingales.backwards.exc1,unit.o009.random.martingales.backwards,140,martingales/Backwards.html,exc1,structurally_verified,rights.random.dual-witness
unit.o009.random.martingales.backwards.exc2,unit.o009.random.martingales.backwards,151,martingales/Backwards.html,exc2,structurally_verified,rights.random.dual-witness
unit.o009.random.martingales.backwards.h2-001,unit.o009.random.martingales.backwards,37,martingales/Backwards.html,,structurally_verified,rights.random.dual-witness
unit.o009.random.martingales.backwards.h3-001,unit.o009.random.martingales.backwards,38,martingales/Backwards.html,,structurally_verified,rights.random.dual-witness
unit.o009.random.martingales.backwards.h3-002,unit.o009.random.martingales.backwards,116,martingales/Backwards.html,,structurally_verified,rights.random.dual-witness
unit.o009.random.martingales.backwards.lln,unit.o009.random.martingales.backwards,117,martingales/Backwards.html,lln,structurally_verified,rights.random.dual-witness
unit.o009.random.martingales.backwards.prp,unit.o009.random.martingales.backwards,68,martingales/Backwards.html,prp,structurally_verified,rights.random.dual-witness
unit.o009.random.martingales.backwards.prp1,unit.o009.random.martingales.backwards,70,martingales/Backwards.html,prp1,structurally_verified,rights.random.dual-witness
unit.o009.random.martingales.backwards.prp2,unit.o009.random.martingales.backwards,81,martingales/Backwards.html,prp2,structurally_verified,rights.random.dual-witness
unit.o009.random.martingales.backwards.prp3,unit.o009.random.martingales.backwards,91,martingales/Backwards.html,prp3,structurally_verified,rights.random.dual-witness
unit.o009.random.martingales.convergence,course.o009.d30,13,martingales/Convergence.html,martingales/Convergence.html,structurally_verified,rights.random.dual-witness
unit.o009.random.martingales.convergence.asm,unit.o009.random.martingales.convergence,39,martingales/Convergence.html,asm,structurally_verified,rights.random.dual-witness
unit.o009.random.martingales.convergence.bet,unit.o009.random.martingales.convergence,137,martingales/Convergence.html,bet,structurally_verified,rights.random.dual-witness
unit.o009.random.martingales.convergence.bet1,unit.o009.random.martingales.convergence,144,martingales/Convergence.html,bet1,structurally_verified,rights.random.dual-witness
unit.o009.random.martingales.convergence.brn,unit.o009.random.martingales.convergence,120,martingales/Convergence.html,brn,structurally_verified,rights.random.dual-witness
unit.o009.random.martingales.convergence.brn1,unit.o009.random.martingales.convergence,128,martingales/Convergence.html,brn1,structurally_verified,rights.random.dual-witness
unit.o009.random.martingales.convergence.den,unit.o009.random.martingales.convergence,206,martingales/Convergence.html,den,structurally_verified,rights.random.dual-witness
unit.o009.random.martingales.convergence.den1,unit.o009.random.martingales.convergence,214,martingales/Convergence.html,den1,structurally_verified,rights.random.dual-witness
unit.o009.random.martingales.convergence.den2,unit.o009.random.martingales.convergence,236,martingales/Convergence.html,den2,structurally_verified,rights.random.dual-witness
unit.o009.random.martingales.convergence.details-001,unit.o009.random.martingales.convergence.mct1,55,martingales/Convergence.html,,structurally_verified,rights.random.dual-witness
unit.o009.random.martingales.convergence.details-002,unit.o009.random.martingales.convergence.mct2,65,martingales/Convergence.html,,structurally_verified,rights.random.dual-witness
unit.o009.random.martingales.convergence.details-003,unit.o009.random.martingales.convergence.mct3,76,martingales/Convergence.html,,structurally_verified,rights.random.dual-witness
unit.o009.random.martingales.convergence.details-004,unit.o009.random.martingales.convergence.mct4,84,martingales/Convergence.html,,structurally_verified,rights.random.dual-witness
unit.o009.random.martingales.convergence.details-005,unit.o009.random.martingales.convergence.kol1,113,martingales/Convergence.html,,structurally_verified,rights.random.dual-witness
unit.o009.random.martingales.convergence.details-006,unit.o009.random.martingales.convergence.brn1,133,martingales/Convergence.html,,structurally_verified,rights.random.dual-witness
unit.o009.random.martingales.convergence.details-007,unit.o009.random.martingales.convergence.bet1,146,martingales/Convergence.html,,structurally_verified,rights.random.dual-witness
unit.o009.random.martingales.convergence.details-008,unit.o009.random.martingales.convergence.urn1,161,martingales/Convergence.html,,structurally_verified,rights.random.dual-witness
unit.o009.random.martingales.convergence.details-009,unit.o009.random.martingales.convergence.lrt1,179,martingales/Convergence.html,,structurally_verified,rights.random.dual-witness
unit.o009.random.martingales.convergence.details-010,unit.o009.random.martingales.convergence.div-011,196,martingales/Convergence.html,,structurally_verified,rights.random.dual-witness
unit.o009.random.martingales.convergence.details-011,unit.o009.random.martingales.convergence.den1,219,martingales/Convergence.html,,structurally_verified,rights.random.dual-witness
unit.o009.random.martingales.convergence.details-012,unit.o009.random.martingales.convergence.den2,238,martingales/Convergence.html,,structurally_verified,rights.random.dual-witness
unit.o009.random.martingales.convergence.div-011,unit.o009.random.martingales.convergence,191,martingales/Convergence.html,,structurally_verified,rights.random.dual-witness
unit.o009.random.martingales.convergence.doo,unit.o009.random.martingales.convergence,96,martingales/Convergence.html,doo,structurally_verified,rights.random.dual-witness
unit.o009.random.martingales.convergence.doo1,unit.o009.random.martingales.convergence,102,martingales/Convergence.html,doo1,structurally_verified,rights.random.dual-witness
unit.o009.random.martingales.convergence.h2-001,unit.o009.random.martingales.convergence,37,martingales/Convergence.html,,structurally_verified,rights.random.dual-witness
unit.o009.random.martingales.convergence.h3-001,unit.o009.random.martingales.convergence,38,martingales/Convergence.html,,structurally_verified,rights.random.dual-witness
unit.o009.random.martingales.convergence.h3-002,unit.o009.random.martingales.convergence,91,martingales/Convergence.html,,structurally_verified,rights.random.dual-witness
unit.o009.random.martingales.convergence.h4-003,unit.o009.random.martingales.convergence,93,martingales/Convergence.html,,structurally_verified,rights.random.dual-witness
unit.o009.random.martingales.convergence.h4-010,unit.o009.random.martingales.convergence,186,martingales/Convergence.html,,structurally_verified,rights.random.dual-witness
unit.o009.random.martingales.convergence.kol,unit.o009.random.martingales.convergence,105,martingales/Convergence.html,kol,structurally_verified,rights.random.dual-witness
unit.o009.random.martingales.convergence.kol1,unit.o009.random.martingales.convergence,111,martingales/Convergence.html,kol1,structurally_verified,rights.random.dual-witness
unit.o009.random.martingales.convergence.lrt,unit.o009.random.martingales.convergence,166,martingales/Convergence.html,lrt,structurally_verified,rights.random.dual-witness
unit.o009.random.martingales.convergence.lrt1,unit.o009.random.martingales.convergence,177,martingales/Convergence.html,lrt1,structurally_verified,rights.random.dual-witness
unit.o009.random.martingales.convergence.mct,unit.o009.random.martingales.convergence,46,martingales/Convergence.html,mct,structurally_verified,rights.random.dual-witness
unit.o009.random.martingales.convergence.mct1,unit.o009.random.martingales.convergence,53,martingales/Convergence.html,mct1,structurally_verified,rights.random.dual-witness
unit.o009.random.martingales.convergence.mct2,unit.o009.random.martingales.convergence,63,martingales/Convergence.html,mct2,structurally_verified,rights.random.dual-witness
unit.o009.random.martingales.convergence.mct3,unit.o009.random.martingales.convergence,74,martingales/Convergence.html,mct3,structurally_verified,rights.random.dual-witness
unit.o009.random.martingales.convergence.mct4,unit.o009.random.martingales.convergence,82,martingales/Convergence.html,mct4,structurally_verified,rights.random.dual-witness
unit.o009.random.martingales.convergence.urn,unit.o009.random.martingales.convergence,152,martingales/Convergence.html,urn,structurally_verified,rights.random.dual-witness
unit.o009.random.martingales.convergence.urn1,unit.o009.random.martingales.convergence,159,martingales/Convergence.html,urn1,structurally_verified,rights.random.dual-witness
unit.o009.random.martingales.index,course.o009.d30,33,martingales/index.html,martingales/index.html,structurally_verified,rights.random.dual-witness
unit.o009.random.martingales.index.External,unit.o009.random.martingales.index,74,martingales/index.html,External,structurally_verified,rights.random.dual-witness
unit.o009.random.martingales.index.Summary,unit.o009.random.martingales.index,55,martingales/index.html,Summary,structurally_verified,rights.random.dual-witness
unit.o009.random.martingales.index.h4-002,unit.o009.random.martingales.index,60,martingales/index.html,,structurally_verified,rights.random.dual-witness
unit.o009.random.martingales.inequalities,course.o009.d30,12,martingales/Inequalities.html,martingales/Inequalities.html,structurally_verified,rights.random.dual-witness
unit.o009.random.martingales.inequalities.asm,unit.o009.random.martingales.inequalities,41,martingales/Inequalities.html,asm,structurally_verified,rights.random.dual-witness
unit.o009.random.martingales.inequalities.details-001,unit.o009.random.martingales.inequalities.max1,54,martingales/Inequalities.html,,structurally_verified,rights.random.dual-witness
unit.o009.random.martingales.inequalities.details-002,unit.o009.random.martingales.inequalities.max3,69,martingales/Inequalities.html,,structurally_verified,rights.random.dual-witness
unit.o009.random.martingales.inequalities.details-003,unit.o009.random.martingales.inequalities.max4,87,martingales/Inequalities.html,,structurally_verified,rights.random.dual-witness
unit.o009.random.martingales.inequalities.details-004,unit.o009.random.martingales.inequalities.max5,94,martingales/Inequalities.html,,structurally_verified,rights.random.dual-witness
unit.o009.random.martingales.inequalities.details-005,unit.o009.random.martingales.inequalities.max6,103,martingales/Inequalities.html,,structurally_verified,rights.random.dual-witness
unit.o009.random.martingales.inequalities.details-006,unit.o009.random.martingales.inequalities.max7,114,martingales/Inequalities.html,,structurally_verified,rights.random.dual-witness
unit.o009.random.martingales.inequalities.details-007,unit.o009.random.martingales.inequalities.upc1,129,martingales/Inequalities.html,,structurally_verified,rights.random.dual-witness
unit.o009.random.martingales.inequalities.details-008,unit.o009.random.martingales.inequalities.upc2,139,martingales/Inequalities.html,,structurally_verified,rights.random.dual-witness
unit.o009.random.martingales.inequalities.details-009,unit.o009.random.martingales.inequalities.upc3,148,martingales/Inequalities.html,,structurally_verified,rights.random.dual-witness
unit.o009.random.martingales.inequalities.details-010,unit.o009.random.martingales.inequalities.upc4,163,martingales/Inequalities.html,,structurally_verified,rights.random.dual-witness
unit.o009.random.martingales.inequalities.details-011,unit.o009.random.martingales.inequalities.upc6,192,martingales/Inequalities.html,,structurally_verified,rights.random.dual-witness
unit.o009.random.martingales.inequalities.details-012,unit.o009.random.martingales.inequalities.upc7,201,martingales/Inequalities.html,,structurally_verified,rights.random.dual-witness
unit.o009.random.martingales.inequalities.details-013,unit.o009.random.martingales.inequalities.upc8,215,martingales/Inequalities.html,,structurally_verified,rights.random.dual-witness
unit.o009.random.martingales.inequalities.details-014,unit.o009.random.martingales.inequalities.div-016,227,martingales/Inequalities.html,,structurally_verified,rights.random.dual-witness
unit.o009.random.martingales.inequalities.details-015,unit.o009.random.martingales.inequalities.red1,242,martingales/Inequalities.html,,structurally_verified,rights.random.dual-witness
unit.o009.random.martingales.inequalities.div-016,unit.o009.random.martingales.inequalities,225,martingales/Inequalities.html,,structurally_verified,rights.random.dual-witness
unit.o009.random.martingales.inequalities.div-018,unit.o009.random.martingales.inequalities,250,martingales/Inequalities.html,,structurally_verified,rights.random.dual-witness
unit.o009.random.martingales.inequalities.h2-001,unit.o009.random.martingales.inequalities,37,martingales/Inequalities.html,,structurally_verified,rights.random.dual-witness
unit.o009.random.martingales.inequalities.h3-001,unit.o009.random.martingales.inequalities,38,martingales/Inequalities.html,,structurally_verified,rights.random.dual-witness
unit.o009.random.martingales.inequalities.h3-002,unit.o009.random.martingales.inequalities,219,martingales/Inequalities.html,,structurally_verified,rights.random.dual-witness
unit.o009.random.martingales.inequalities.h4-004,unit.o009.random.martingales.inequalities,220,martingales/Inequalities.html,,structurally_verified,rights.random.dual-witness
unit.o009.random.martingales.inequalities.max,unit.o009.random.martingales.inequalities,48,martingales/Inequalities.html,max,structurally_verified,rights.random.dual-witness
unit.o009.random.martingales.inequalities.max1,unit.o009.random.martingales.inequalities,52,martingales/Inequalities.html,max1,structurally_verified,rights.random.dual-witness
unit.o009.random.martingales.inequalities.max2,unit.o009.random.martingales.inequalities,59,martingales/Inequalities.html,max2,structurally_verified,rights.random.dual-witness
unit.o009.random.martingales.inequalities.max3,unit.o009.random.martingales.inequalities,67,martingales/Inequalities.html,max3,structurally_verified,rights.random.dual-witness
unit.o009.random.martingales.inequalities.max4,unit.o009.random.martingales.inequalities,85,martingales/Inequalities.html,max4,structurally_verified,rights.random.dual-witness
unit.o009.random.martingales.inequalities.max5,unit.o009.random.martingales.inequalities,92,martingales/Inequalities.html,max5,structurally_verified,rights.random.dual-witness
unit.o009.random.martingales.inequalities.max6,unit.o009.random.martingales.inequalities,101,martingales/Inequalities.html,max6,structurally_verified,rights.random.dual-witness
unit.o009.random.martingales.inequalities.max7,unit.o009.random.martingales.inequalities,112,martingales/Inequalities.html,max7,structurally_verified,rights.random.dual-witness
unit.o009.random.martingales.inequalities.red,unit.o009.random.martingales.inequalities,230,martingales/Inequalities.html,red,structurally_verified,rights.random.dual-witness
unit.o009.random.martingales.inequalities.red1,unit.o009.random.martingales.inequalities,240,martingales/Inequalities.html,red1,structurally_verified,rights.random.dual-witness
unit.o009.random.martingales.inequalities.upc,unit.o009.random.martingales.inequalities,118,martingales/Inequalities.html,upc,structurally_verified,rights.random.dual-witness
unit.o009.random.martingales.inequalities.upc1,unit.o009.random.martingales.inequalities,122,martingales/Inequalities.html,upc1,structurally_verified,rights.random.dual-witness
unit.o009.random.martingales.inequalities.upc2,unit.o009.random.martingales.inequalities,133,martingales/Inequalities.html,upc2,structurally_verified,rights.random.dual-witness
unit.o009.random.martingales.inequalities.upc3,unit.o009.random.martingales.inequalities,146,martingales/Inequalities.html,upc3,structurally_verified,rights.random.dual-witness
unit.o009.random.martingales.inequalities.upc4,unit.o009.random.martingales.inequalities,158,martingales/Inequalities.html,upc4,structurally_verified,rights.random.dual-witness
unit.o009.random.martingales.inequalities.upc5,unit.o009.random.martingales.inequalities,178,martingales/Inequalities.html,upc5,structurally_verified,rights.random.dual-witness
unit.o009.random.martingales.inequalities.upc6,unit.o009.random.martingales.inequalities,186,martingales/Inequalities.html,upc6,structurally_verified,rights.random.dual-witness
unit.o009.random.martingales.inequalities.upc7,unit.o009.random.martingales.inequalities,199,martingales/Inequalities.html,upc7,structurally_verified,rights.random.dual-witness
unit.o009.random.martingales.inequalities.upc8,unit.o009.random.martingales.inequalities,210,martingales/Inequalities.html,upc8,structurally_verified,rights.random.dual-witness
unit.o009.random.martingales.introduction,course.o009.d30,9,martingales/Introduction.html,martingales/Introduction.html,structurally_verified,rights.random.dual-witness
unit.o009.random.martingales.introduction.asm,unit.o009.random.martingales.introduction,39,martingales/Introduction.html,asm,structurally_verified,rights.random.dual-witness
unit.o009.random.martingales.introduction.bet,unit.o009.random.martingales.introduction,228,martingales/Introduction.html,bet,structurally_verified,rights.random.dual-witness
unit.o009.random.martingales.introduction.bet1,unit.o009.random.martingales.introduction,237,martingales/Introduction.html,bet1,structurally_verified,rights.random.dual-witness
unit.o009.random.martingales.introduction.brn,unit.o009.random.martingales.introduction,359,martingales/Introduction.html,brn,structurally_verified,rights.random.dual-witness
unit.o009.random.martingales.introduction.brn1,unit.o009.random.martingales.introduction,371,martingales/Introduction.html,brn1,structurally_verified,rights.random.dual-witness
unit.o009.random.martingales.introduction.cst,unit.o009.random.martingales.introduction,103,martingales/Introduction.html,cst,structurally_verified,rights.random.dual-witness
unit.o009.random.martingales.introduction.cst1,unit.o009.random.martingales.introduction,105,martingales/Introduction.html,cst1,structurally_verified,rights.random.dual-witness
unit.o009.random.martingales.introduction.den,unit.o009.random.martingales.introduction,402,martingales/Introduction.html,den,structurally_verified,rights.random.dual-witness
unit.o009.random.martingales.introduction.den1,unit.o009.random.martingales.introduction,411,martingales/Introduction.html,den1,structurally_verified,rights.random.dual-witness
unit.o009.random.martingales.introduction.details-001,unit.o009.random.martingales.introduction.dfn3,87,martingales/Introduction.html,,structurally_verified,rights.random.dual-witness
unit.o009.random.martingales.introduction.details-002,unit.o009.random.martingales.introduction.prp3,97,martingales/Introduction.html,,structurally_verified,rights.random.dual-witness
unit.o009.random.martingales.introduction.details-003,unit.o009.random.martingales.introduction.cst1,107,martingales/Introduction.html,,structurally_verified,rights.random.dual-witness
unit.o009.random.martingales.introduction.details-004,unit.o009.random.martingales.introduction.sum1,119,martingales/Introduction.html,,structurally_verified,rights.random.dual-witness
unit.o009.random.martingales.introduction.details-005,unit.o009.random.martingales.introduction.sum2,129,martingales/Introduction.html,,structurally_verified,rights.random.dual-witness
unit.o009.random.martingales.introduction.details-006,unit.o009.random.martingales.introduction.mds2,147,martingales/Introduction.html,,structurally_verified,rights.random.dual-witness
unit.o009.random.martingales.introduction.details-007,unit.o009.random.martingales.introduction.mds3,158,martingales/Introduction.html,,structurally_verified,rights.random.dual-witness
unit.o009.random.martingales.introduction.details-008,unit.o009.random.martingales.introduction.wlk2,176,martingales/Introduction.html,,structurally_verified,rights.random.dual-witness
unit.o009.random.martingales.introduction.details-009,unit.o009.random.martingales.introduction.prd1,191,martingales/Introduction.html,,structurally_verified,rights.random.dual-witness
unit.o009.random.martingales.introduction.details-010,unit.o009.random.martingales.introduction.srw1,205,martingales/Introduction.html,,structurally_verified,rights.random.dual-witness
unit.o009.random.martingales.introduction.details-011,unit.o009.random.martingales.introduction.srw3,216,martingales/Introduction.html,,structurally_verified,rights.random.dual-witness
unit.o009.random.martingales.introduction.details-012,unit.o009.random.martingales.introduction.srw4,224,martingales/Introduction.html,,structurally_verified,rights.random.dual-witness
unit.o009.random.martingales.introduction.details-013,unit.o009.random.martingales.introduction.bet1,239,martingales/Introduction.html,,structurally_verified,rights.random.dual-witness
unit.o009.random.martingales.introduction.details-014,unit.o009.random.martingales.introduction.urn1,251,martingales/Introduction.html,,structurally_verified,rights.random.dual-witness
unit.o009.random.martingales.introduction.details-015,unit.o009.random.martingales.introduction.inc2,287,martingales/Introduction.html,,structurally_verified,rights.random.dual-witness
unit.o009.random.martingales.introduction.details-016,unit.o009.random.martingales.introduction.inc4,300,martingales/Introduction.html,,structurally_verified,rights.random.dual-witness
unit.o009.random.martingales.introduction.details-017,unit.o009.random.martingales.introduction.inc5,311,martingales/Introduction.html,,structurally_verified,rights.random.dual-witness
unit.o009.random.martingales.introduction.details-018,unit.o009.random.martingales.introduction.inc6,320,martingales/Introduction.html,,structurally_verified,rights.random.dual-witness
unit.o009.random.martingales.introduction.details-019,unit.o009.random.martingales.introduction.lrt1,355,martingales/Introduction.html,,structurally_verified,rights.random.dual-witness
unit.o009.random.martingales.introduction.details-020,unit.o009.random.martingales.introduction.brn1,376,martingales/Introduction.html,,structurally_verified,rights.random.dual-witness
unit.o009.random.martingales.introduction.details-021,unit.o009.random.martingales.introduction.doo1,389,martingales/Introduction.html,,structurally_verified,rights.random.dual-witness
unit.o009.random.martingales.introduction.details-022,unit.o009.random.martingales.introduction.den1,413,martingales/Introduction.html,,structurally_verified,rights.random.dual-witness
unit.o009.random.martingales.introduction.dfn,unit.o009.random.martingales.introduction,52,martingales/Introduction.html,dfn,structurally_verified,rights.random.dual-witness
unit.o009.random.martingales.introduction.dfn1,unit.o009.random.martingales.introduction,55,martingales/Introduction.html,dfn1,structurally_verified,rights.random.dual-witness
unit.o009.random.martingales.introduction.dfn2,unit.o009.random.martingales.introduction,68,martingales/Introduction.html,dfn2,structurally_verified,rights.random.dual-witness
unit.o009.random.martingales.introduction.dfn3,unit.o009.random.martingales.introduction,81,martingales/Introduction.html,dfn3,structurally_verified,rights.random.dual-witness
unit.o009.random.martingales.introduction.div-019,unit.o009.random.martingales.introduction,242,martingales/Introduction.html,,structurally_verified,rights.random.dual-witness
unit.o009.random.martingales.introduction.doo,unit.o009.random.martingales.introduction,382,martingales/Introduction.html,doo,structurally_verified,rights.random.dual-witness
unit.o009.random.martingales.introduction.doo1,unit.o009.random.martingales.introduction,387,martingales/Introduction.html,doo1,structurally_verified,rights.random.dual-witness
unit.o009.random.martingales.introduction.fig1,unit.o009.random.martingales.introduction,62,martingales/Introduction.html,fig1,structurally_verified,rights.random.dual-witness
unit.o009.random.martingales.introduction.h2-001,unit.o009.random.martingales.introduction,37,martingales/Introduction.html,,structurally_verified,rights.random.dual-witness
unit.o009.random.martingales.introduction.h3-001,unit.o009.random.martingales.introduction,38,martingales/Introduction.html,,structurally_verified,rights.random.dual-witness
unit.o009.random.martingales.introduction.h3-002,unit.o009.random.martingales.introduction,101,martingales/Introduction.html,,structurally_verified,rights.random.dual-witness
unit.o009.random.martingales.introduction.inc,unit.o009.random.martingales.introduction,261,martingales/Introduction.html,inc,structurally_verified,rights.random.dual-witness
unit.o009.random.martingales.introduction.inc1,unit.o009.random.martingales.introduction,268,martingales/Introduction.html,inc1,structurally_verified,rights.random.dual-witness
unit.o009.random.martingales.introduction.inc2,unit.o009.random.martingales.introduction,281,martingales/Introduction.html,inc2,structurally_verified,rights.random.dual-witness
unit.o009.random.martingales.introduction.inc3,unit.o009.random.martingales.introduction,293,martingales/Introduction.html,inc3,structurally_verified,rights.random.dual-witness
unit.o009.random.martingales.introduction.inc4,unit.o009.random.martingales.introduction,298,martingales/Introduction.html,inc4,structurally_verified,rights.random.dual-witness
unit.o009.random.martingales.introduction.inc5,unit.o009.random.martingales.introduction,305,martingales/Introduction.html,inc5,structurally_verified,rights.random.dual-witness
unit.o009.random.martingales.introduction.inc6,unit.o009.random.martingales.introduction,318,martingales/Introduction.html,inc6,structurally_verified,rights.random.dual-witness
unit.o009.random.martingales.introduction.inc7,unit.o009.random.martingales.introduction,328,martingales/Introduction.html,inc7,structurally_verified,rights.random.dual-witness
unit.o009.random.martingales.introduction.inc8,unit.o009.random.martingales.introduction,333,martingales/Introduction.html,inc8,structurally_verified,rights.random.dual-witness
unit.o009.random.martingales.introduction.lrt,unit.o009.random.martingales.introduction,338,martingales/Introduction.html,lrt,structurally_verified,rights.random.dual-witness
unit.o009.random.martingales.introduction.lrt1,unit.o009.random.martingales.introduction,352,martingales/Introduction.html,lrt1,structurally_verified,rights.random.dual-witness
unit.o009.random.martingales.introduction.mds,unit.o009.random.martingales.introduction,134,martingales/Introduction.html,mds,structurally_verified,rights.random.dual-witness
unit.o009.random.martingales.introduction.mds1,unit.o009.random.martingales.introduction,137,martingales/Introduction.html,mds1,structurally_verified,rights.random.dual-witness
unit.o009.random.martingales.introduction.mds2,unit.o009.random.martingales.introduction,141,martingales/Introduction.html,mds2,structurally_verified,rights.random.dual-witness
unit.o009.random.martingales.introduction.mds3,unit.o009.random.martingales.introduction,156,martingales/Introduction.html,mds3,structurally_verified,rights.random.dual-witness
unit.o009.random.martingales.introduction.prd,unit.o009.random.martingales.introduction,181,martingales/Introduction.html,prd,structurally_verified,rights.random.dual-witness
unit.o009.random.martingales.introduction.prd1,unit.o009.random.martingales.introduction,185,martingales/Introduction.html,prd1,structurally_verified,rights.random.dual-witness
unit.o009.random.martingales.introduction.prp3,unit.o009.random.martingales.introduction,91,martingales/Introduction.html,prp3,structurally_verified,rights.random.dual-witness
unit.o009.random.martingales.introduction.srw,unit.o009.random.martingales.introduction,195,martingales/Introduction.html,srw,structurally_verified,rights.random.dual-witness
unit.o009.random.martingales.introduction.srw1,unit.o009.random.martingales.introduction,199,martingales/Introduction.html,srw1,structurally_verified,rights.random.dual-witness
unit.o009.random.martingales.introduction.srw2,unit.o009.random.martingales.introduction,210,martingales/Introduction.html,srw2,structurally_verified,rights.random.dual-witness
unit.o009.random.martingales.introduction.srw3,unit.o009.random.martingales.introduction,214,martingales/Introduction.html,srw3,structurally_verified,rights.random.dual-witness
unit.o009.random.martingales.introduction.srw4,unit.o009.random.martingales.introduction,222,martingales/Introduction.html,srw4,structurally_verified,rights.random.dual-witness
unit.o009.random.martingales.introduction.sum,unit.o009.random.martingales.introduction,110,martingales/Introduction.html,sum,structurally_verified,rights.random.dual-witness
unit.o009.random.martingales.introduction.sum1,unit.o009.random.martingales.introduction,113,martingales/Introduction.html,sum1,structurally_verified,rights.random.dual-witness
unit.o009.random.martingales.introduction.sum2,unit.o009.random.martingales.introduction,127,martingales/Introduction.html,sum2,structurally_verified,rights.random.dual-witness
unit.o009.random.martingales.introduction.urn,unit.o009.random.martingales.introduction,245,martingales/Introduction.html,urn,structurally_verified,rights.random.dual-witness
unit.o009.random.martingales.introduction.urn1,unit.o009.random.martingales.introduction,249,martingales/Introduction.html,urn1,structurally_verified,rights.random.dual-witness
unit.o009.random.martingales.introduction.urn2,unit.o009.random.martingales.introduction,258,martingales/Introduction.html,urn2,structurally_verified,rights.random.dual-witness
unit.o009.random.martingales.introduction.wlk,unit.o009.random.martingales.introduction,162,martingales/Introduction.html,wlk,structurally_verified,rights.random.dual-witness
unit.o009.random.martingales.introduction.wlk1,unit.o009.random.martingales.introduction,167,martingales/Introduction.html,wlk1,structurally_verified,rights.random.dual-witness
unit.o009.random.martingales.introduction.wlk2,unit.o009.random.martingales.introduction,174,martingales/Introduction.html,wlk2,structurally_verified,rights.random.dual-witness
unit.o009.random.martingales.properties,course.o009.d30,10,martingales/Properties.html,martingales/Properties.html,structurally_verified,rights.random.dual-witness
unit.o009.random.martingales.properties.brn,unit.o009.random.martingales.properties,249,martingales/Properties.html,brn,structurally_verified,rights.random.dual-witness
unit.o009.random.martingales.properties.brn1,unit.o009.random.martingales.properties,258,martingales/Properties.html,brn1,structurally_verified,rights.random.dual-witness
unit.o009.random.martingales.properties.dec1,unit.o009.random.martingales.properties,167,martingales/Properties.html,dec1,structurally_verified,rights.random.dual-witness
unit.o009.random.martingales.properties.details-001,unit.o009.random.martingales.properties.prp1,60,martingales/Properties.html,,structurally_verified,rights.random.dual-witness
unit.o009.random.martingales.properties.details-002,unit.o009.random.martingales.properties.prp3,76,martingales/Properties.html,,structurally_verified,rights.random.dual-witness
unit.o009.random.martingales.properties.details-003,unit.o009.random.martingales.properties.prp4,83,martingales/Properties.html,,structurally_verified,rights.random.dual-witness
unit.o009.random.martingales.properties.details-004,unit.o009.random.martingales.properties.prp5,93,martingales/Properties.html,,structurally_verified,rights.random.dual-witness
unit.o009.random.martingales.properties.details-005,unit.o009.random.martingales.properties.prp6,103,martingales/Properties.html,,structurally_verified,rights.random.dual-witness
unit.o009.random.martingales.properties.details-006,unit.o009.random.martingales.properties.prp7,117,martingales/Properties.html,,structurally_verified,rights.random.dual-witness
unit.o009.random.martingales.properties.details-007,unit.o009.random.martingales.properties.prp8,130,martingales/Properties.html,,structurally_verified,rights.random.dual-witness
unit.o009.random.martingales.properties.details-008,unit.o009.random.martingales.properties.prp9,137,martingales/Properties.html,,structurally_verified,rights.random.dual-witness
unit.o009.random.martingales.properties.details-009,unit.o009.random.martingales.properties.trn2,156,martingales/Properties.html,,structurally_verified,rights.random.dual-witness
unit.o009.random.martingales.properties.details-010,unit.o009.random.martingales.properties.dec1,173,martingales/Properties.html,,structurally_verified,rights.random.dual-witness
unit.o009.random.martingales.properties.details-011,unit.o009.random.martingales.properties.mar1,202,martingales/Properties.html,,structurally_verified,rights.random.dual-witness
unit.o009.random.martingales.properties.details-012,unit.o009.random.martingales.properties.wlk1,219,martingales/Properties.html,,structurally_verified,rights.random.dual-witness
unit.o009.random.martingales.properties.details-013,unit.o009.random.martingales.properties.srw1,234,martingales/Properties.html,,structurally_verified,rights.random.dual-witness
unit.o009.random.martingales.properties.details-014,unit.o009.random.martingales.properties.mar3,241,martingales/Properties.html,,structurally_verified,rights.random.dual-witness
unit.o009.random.martingales.properties.details-015,unit.o009.random.martingales.properties.brn1,260,martingales/Properties.html,,structurally_verified,rights.random.dual-witness
unit.o009.random.martingales.properties.details-016,unit.o009.random.martingales.properties.inc1,285,martingales/Properties.html,,structurally_verified,rights.random.dual-witness
unit.o009.random.martingales.properties.div-013,unit.o009.random.martingales.properties,186,martingales/Properties.html,,structurally_verified,rights.random.dual-witness
unit.o009.random.martingales.properties.doo,unit.o009.random.martingales.properties,163,martingales/Properties.html,doo,structurally_verified,rights.random.dual-witness
unit.o009.random.martingales.properties.fig2,unit.o009.random.martingales.properties,110,martingales/Properties.html,fig2,structurally_verified,rights.random.dual-witness
unit.o009.random.martingales.properties.fig3,unit.o009.random.martingales.properties,125,martingales/Properties.html,fig3,structurally_verified,rights.random.dual-witness
unit.o009.random.martingales.properties.figure-002,unit.o009.random.martingales.properties,120,martingales/Properties.html,,structurally_verified,rights.random.dual-witness
unit.o009.random.martingales.properties.h2-001,unit.o009.random.martingales.properties,37,martingales/Properties.html,,structurally_verified,rights.random.dual-witness
unit.o009.random.martingales.properties.h3-001,unit.o009.random.martingales.properties,38,martingales/Properties.html,,structurally_verified,rights.random.dual-witness
unit.o009.random.martingales.properties.h3-002,unit.o009.random.martingales.properties,207,martingales/Properties.html,,structurally_verified,rights.random.dual-witness
unit.o009.random.martingales.properties.inc,unit.o009.random.martingales.properties,266,martingales/Properties.html,inc,structurally_verified,rights.random.dual-witness
unit.o009.random.martingales.properties.inc1,unit.o009.random.martingales.properties,279,martingales/Properties.html,inc1,structurally_verified,rights.random.dual-witness
unit.o009.random.martingales.properties.mar,unit.o009.random.martingales.properties,182,martingales/Properties.html,mar,structurally_verified,rights.random.dual-witness
unit.o009.random.martingales.properties.mar1,unit.o009.random.martingales.properties,196,martingales/Properties.html,mar1,structurally_verified,rights.random.dual-witness
unit.o009.random.martingales.properties.mar3,unit.o009.random.martingales.properties,239,martingales/Properties.html,mar3,structurally_verified,rights.random.dual-witness
unit.o009.random.martingales.properties.pre,unit.o009.random.martingales.properties,39,martingales/Properties.html,pre,structurally_verified,rights.random.dual-witness
unit.o009.random.martingales.properties.pre1,unit.o009.random.martingales.properties,46,martingales/Properties.html,pre1,structurally_verified,rights.random.dual-witness
unit.o009.random.martingales.properties.prp,unit.o009.random.martingales.properties,56,martingales/Properties.html,prp,structurally_verified,rights.random.dual-witness
unit.o009.random.martingales.properties.prp1,unit.o009.random.martingales.properties,58,martingales/Properties.html,prp1,structurally_verified,rights.random.dual-witness
unit.o009.random.martingales.properties.prp3,unit.o009.random.martingales.properties,70,martingales/Properties.html,prp3,structurally_verified,rights.random.dual-witness
unit.o009.random.martingales.properties.prp4,unit.o009.random.martingales.properties,81,martingales/Properties.html,prp4,structurally_verified,rights.random.dual-witness
unit.o009.random.martingales.properties.prp5,unit.o009.random.martingales.properties,87,martingales/Properties.html,prp5,structurally_verified,rights.random.dual-witness
unit.o009.random.martingales.properties.prp6,unit.o009.random.martingales.properties,98,martingales/Properties.html,prp6,structurally_verified,rights.random.dual-witness
unit.o009.random.martingales.properties.prp7,unit.o009.random.martingales.properties,115,martingales/Properties.html,prp7,structurally_verified,rights.random.dual-witness
unit.o009.random.martingales.properties.prp8,unit.o009.random.martingales.properties,128,martingales/Properties.html,prp8,structurally_verified,rights.random.dual-witness
unit.o009.random.martingales.properties.prp9,unit.o009.random.martingales.properties,134,martingales/Properties.html,prp9,structurally_verified,rights.random.dual-witness
unit.o009.random.martingales.properties.srw,unit.o009.random.martingales.properties,224,martingales/Properties.html,srw,structurally_verified,rights.random.dual-witness
unit.o009.random.martingales.properties.srw1,unit.o009.random.martingales.properties,228,martingales/Properties.html,srw1,structurally_verified,rights.random.dual-witness
unit.o009.random.martingales.properties.trn,unit.o009.random.martingales.properties,141,martingales/Properties.html,trn,structurally_verified,rights.random.dual-witness
unit.o009.random.martingales.properties.trn1,unit.o009.random.martingales.properties,144,martingales/Properties.html,trn1,structurally_verified,rights.random.dual-witness
unit.o009.random.martingales.properties.trn2,unit.o009.random.martingales.properties,150,martingales/Properties.html,trn2,structurally_verified,rights.random.dual-witness
unit.o009.random.martingales.properties.wlk,unit.o009.random.martingales.properties,209,martingales/Properties.html,wlk,structurally_verified,rights.random.dual-witness
unit.o009.random.martingales.properties.wlk1,unit.o009.random.martingales.properties,213,martingales/Properties.html,wlk1,structurally_verified,rights.random.dual-witness
unit.o009.random.martingales.stop,course.o009.d30,11,martingales/Stop.html,martingales/Stop.html,structurally_verified,rights.random.dual-witness
unit.o009.random.martingales.stop.details-001,unit.o009.random.martingales.stop.ost1,58,martingales/Stop.html,,structurally_verified,rights.random.dual-witness
unit.o009.random.martingales.stop.details-002,unit.o009.random.martingales.stop.ost2,79,martingales/Stop.html,,structurally_verified,rights.random.dual-witness
unit.o009.random.martingales.stop.details-003,unit.o009.random.martingales.stop.stp1,95,martingales/Stop.html,,structurally_verified,rights.random.dual-witness
unit.o009.random.martingales.stop.details-004,unit.o009.random.martingales.stop.stp2,106,martingales/Stop.html,,structurally_verified,rights.random.dual-witness
unit.o009.random.martingales.stop.details-005,unit.o009.random.martingales.stop.dis1,131,martingales/Stop.html,,structurally_verified,rights.random.dual-witness
unit.o009.random.martingales.stop.details-006,unit.o009.random.martingales.stop.dis2,142,martingales/Stop.html,,structurally_verified,rights.random.dual-witness
unit.o009.random.martingales.stop.details-007,unit.o009.random.martingales.stop.srw1,159,martingales/Stop.html,,structurally_verified,rights.random.dual-witness
unit.o009.random.martingales.stop.details-008,unit.o009.random.martingales.stop.srw2,171,martingales/Stop.html,,structurally_verified,rights.random.dual-witness
unit.o009.random.martingales.stop.details-009,unit.o009.random.martingales.stop.srw3,181,martingales/Stop.html,,structurally_verified,rights.random.dual-witness
unit.o009.random.martingales.stop.details-010,unit.o009.random.martingales.stop.wld1,194,martingales/Stop.html,,structurally_verified,rights.random.dual-witness
unit.o009.random.martingales.stop.details-011,unit.o009.random.martingales.stop.pat2,214,martingales/Stop.html,,structurally_verified,rights.random.dual-witness
unit.o009.random.martingales.stop.details-012,unit.o009.random.martingales.stop.pat3,226,martingales/Stop.html,,structurally_verified,rights.random.dual-witness
unit.o009.random.martingales.stop.details-013,unit.o009.random.martingales.stop.pat5,246,martingales/Stop.html,,structurally_verified,rights.random.dual-witness
unit.o009.random.martingales.stop.details-014,unit.o009.random.martingales.stop.pat6,258,martingales/Stop.html,,structurally_verified,rights.random.dual-witness
unit.o009.random.martingales.stop.details-015,unit.o009.random.martingales.stop.pat7,268,martingales/Stop.html,,structurally_verified,rights.random.dual-witness
unit.o009.random.martingales.stop.details-016,unit.o009.random.martingales.stop.pat8,278,martingales/Stop.html,,structurally_verified,rights.random.dual-witness
unit.o009.random.martingales.stop.details-017,unit.o009.random.martingales.stop.sec1,297,martingales/Stop.html,,structurally_verified,rights.random.dual-witness
unit.o009.random.martingales.stop.details-018,unit.o009.random.martingales.stop.sec2,307,martingales/Stop.html,,structurally_verified,rights.random.dual-witness
unit.o009.random.martingales.stop.dis,unit.o009.random.martingales.stop,122,martingales/Stop.html,dis,structurally_verified,rights.random.dual-witness
unit.o009.random.martingales.stop.dis1,unit.o009.random.martingales.stop,125,martingales/Stop.html,dis1,structurally_verified,rights.random.dual-witness
unit.o009.random.martingales.stop.dis2,unit.o009.random.martingales.stop,136,martingales/Stop.html,dis2,structurally_verified,rights.random.dual-witness
unit.o009.random.martingales.stop.div-023,unit.o009.random.martingales.stop,313,martingales/Stop.html,,structurally_verified,rights.random.dual-witness
unit.o009.random.martingales.stop.h2-001,unit.o009.random.martingales.stop,37,martingales/Stop.html,,structurally_verified,rights.random.dual-witness
unit.o009.random.martingales.stop.h3-001,unit.o009.random.martingales.stop,38,martingales/Stop.html,,structurally_verified,rights.random.dual-witness
unit.o009.random.martingales.stop.h3-002,unit.o009.random.martingales.stop,148,martingales/Stop.html,,structurally_verified,rights.random.dual-witness
unit.o009.random.martingales.stop.ost,unit.o009.random.martingales.stop,48,martingales/Stop.html,ost,structurally_verified,rights.random.dual-witness
unit.o009.random.martingales.stop.ost1,unit.o009.random.martingales.stop,52,martingales/Stop.html,ost1,structurally_verified,rights.random.dual-witness
unit.o009.random.martingales.stop.ost2,unit.o009.random.martingales.stop,73,martingales/Stop.html,ost2,structurally_verified,rights.random.dual-witness
unit.o009.random.martingales.stop.ost3,unit.o009.random.martingales.stop,83,martingales/Stop.html,ost3,structurally_verified,rights.random.dual-witness
unit.o009.random.martingales.stop.pat,unit.o009.random.martingales.stop,198,martingales/Stop.html,pat,structurally_verified,rights.random.dual-witness
unit.o009.random.martingales.stop.pat1,unit.o009.random.martingales.stop,208,martingales/Stop.html,pat1,structurally_verified,rights.random.dual-witness
unit.o009.random.martingales.stop.pat2,unit.o009.random.martingales.stop,212,martingales/Stop.html,pat2,structurally_verified,rights.random.dual-witness
unit.o009.random.martingales.stop.pat3,unit.o009.random.martingales.stop,220,martingales/Stop.html,pat3,structurally_verified,rights.random.dual-witness
unit.o009.random.martingales.stop.pat4,unit.o009.random.martingales.stop,235,martingales/Stop.html,pat4,structurally_verified,rights.random.dual-witness
unit.o009.random.martingales.stop.pat5,unit.o009.random.martingales.stop,241,martingales/Stop.html,pat5,structurally_verified,rights.random.dual-witness
unit.o009.random.martingales.stop.pat6,unit.o009.random.martingales.stop,253,martingales/Stop.html,pat6,structurally_verified,rights.random.dual-witness
unit.o009.random.martingales.stop.pat7,unit.o009.random.martingales.stop,266,martingales/Stop.html,pat7,structurally_verified,rights.random.dual-witness
unit.o009.random.martingales.stop.pat8,unit.o009.random.martingales.stop,271,martingales/Stop.html,pat8,structurally_verified,rights.random.dual-witness
unit.o009.random.martingales.stop.sec,unit.o009.random.martingales.stop,283,martingales/Stop.html,sec,structurally_verified,rights.random.dual-witness
unit.o009.random.martingales.stop.sec1,unit.o009.random.martingales.stop,290,martingales/Stop.html,sec1,structurally_verified,rights.random.dual-witness
unit.o009.random.martingales.stop.sec2,unit.o009.random.martingales.stop,305,martingales/Stop.html,sec2,structurally_verified,rights.random.dual-witness
unit.o009.random.martingales.stop.srw,unit.o009.random.martingales.stop,149,martingales/Stop.html,srw,structurally_verified,rights.random.dual-witness
unit.o009.random.martingales.stop.srw1,unit.o009.random.martingales.stop,153,martingales/Stop.html,srw1,structurally_verified,rights.random.dual-witness
unit.o009.random.martingales.stop.srw2,unit.o009.random.martingales.stop,165,martingales/Stop.html,srw2,structurally_verified,rights.random.dual-witness
unit.o009.random.martingales.stop.srw3,unit.o009.random.martingales.stop,179,martingales/Stop.html,srw3,structurally_verified,rights.random.dual-witness
unit.o009.random.martingales.stop.stp,unit.o009.random.martingales.stop,89,martingales/Stop.html,stp,structurally_verified,rights.random.dual-witness
unit.o009.random.martingales.stop.stp1,unit.o009.random.martingales.stop,92,martingales/Stop.html,stp1,structurally_verified,rights.random.dual-witness
unit.o009.random.martingales.stop.stp2,unit.o009.random.martingales.stop,100,martingales/Stop.html,stp2,structurally_verified,rights.random.dual-witness
unit.o009.random.martingales.stop.stp3,unit.o009.random.martingales.stop,116,martingales/Stop.html,stp3,structurally_verified,rights.random.dual-witness
unit.o009.random.martingales.stop.wld,unit.o009.random.martingales.stop,186,martingales/Stop.html,wld,structurally_verified,rights.random.dual-witness
unit.o009.random.martingales.stop.wld1,unit.o009.random.martingales.stop,192,martingales/Stop.html,wld1,structurally_verified,rights.random.dual-witness
unit.o009.random.poisson.general,course.o009.d30,28,poisson/General.html,poisson/General.html,structurally_verified,rights.random.dual-witness
unit.o009.random.poisson.general.details-001,unit.o009.random.poisson.general.pro3,82,poisson/General.html,,structurally_verified,rights.random.dual-witness
unit.o009.random.poisson.general.details-002,unit.o009.random.poisson.general.dst1,95,poisson/General.html,,structurally_verified,rights.random.dual-witness
unit.o009.random.poisson.general.details-003,unit.o009.random.poisson.general.dst2,102,poisson/General.html,,structurally_verified,rights.random.dual-witness
unit.o009.random.poisson.general.details-004,unit.o009.random.poisson.general.spl1,114,poisson/General.html,,structurally_verified,rights.random.dual-witness
unit.o009.random.poisson.general.details-005,unit.o009.random.poisson.general.spl2,120,poisson/General.html,,structurally_verified,rights.random.dual-witness
unit.o009.random.poisson.general.details-006,unit.o009.random.poisson.general.div-010,130,poisson/General.html,,structurally_verified,rights.random.dual-witness
unit.o009.random.poisson.general.details-007,unit.o009.random.poisson.general.nea1,143,poisson/General.html,,structurally_verified,rights.random.dual-witness
unit.o009.random.poisson.general.details-008,unit.o009.random.poisson.general.exe1,157,poisson/General.html,,structurally_verified,rights.random.dual-witness
unit.o009.random.poisson.general.details-009,unit.o009.random.poisson.general.exe2,167,poisson/General.html,,structurally_verified,rights.random.dual-witness
unit.o009.random.poisson.general.details-010,unit.o009.random.poisson.general.exe3,177,poisson/General.html,,structurally_verified,rights.random.dual-witness
unit.o009.random.poisson.general.details-011,unit.o009.random.poisson.general.exe4,184,poisson/General.html,,structurally_verified,rights.random.dual-witness
unit.o009.random.poisson.general.details-012,unit.o009.random.poisson.general.exe5,189,poisson/General.html,,structurally_verified,rights.random.dual-witness
unit.o009.random.poisson.general.details-013,unit.o009.random.poisson.general.exe6,200,poisson/General.html,,structurally_verified,rights.random.dual-witness
unit.o009.random.poisson.general.div-010,unit.o009.random.poisson.general,128,poisson/General.html,,structurally_verified,rights.random.dual-witness
unit.o009.random.poisson.general.dst,unit.o009.random.poisson.general,91,poisson/General.html,dst,structurally_verified,rights.random.dual-witness
unit.o009.random.poisson.general.dst1,unit.o009.random.poisson.general,93,poisson/General.html,dst1,structurally_verified,rights.random.dual-witness
unit.o009.random.poisson.general.dst2,unit.o009.random.poisson.general,99,poisson/General.html,dst2,structurally_verified,rights.random.dual-witness
unit.o009.random.poisson.general.dst3,unit.o009.random.poisson.general,106,poisson/General.html,dst3,structurally_verified,rights.random.dual-witness
unit.o009.random.poisson.general.exe,unit.o009.random.poisson.general,151,poisson/General.html,exe,structurally_verified,rights.random.dual-witness
unit.o009.random.poisson.general.exe1,unit.o009.random.poisson.general,152,poisson/General.html,exe1,structurally_verified,rights.random.dual-witness
unit.o009.random.poisson.general.exe2,unit.o009.random.poisson.general,162,poisson/General.html,exe2,structurally_verified,rights.random.dual-witness
unit.o009.random.poisson.general.exe3,unit.o009.random.poisson.general,172,poisson/General.html,exe3,structurally_verified,rights.random.dual-witness
unit.o009.random.poisson.general.exe4,unit.o009.random.poisson.general,182,poisson/General.html,exe4,structurally_verified,rights.random.dual-witness
unit.o009.random.poisson.general.exe5,unit.o009.random.poisson.general,187,poisson/General.html,exe5,structurally_verified,rights.random.dual-witness
unit.o009.random.poisson.general.exe6,unit.o009.random.poisson.general,192,poisson/General.html,exe6,structurally_verified,rights.random.dual-witness
unit.o009.random.poisson.general.h2-001,unit.o009.random.poisson.general,42,poisson/General.html,,structurally_verified,rights.random.dual-witness
unit.o009.random.poisson.general.h3-001,unit.o009.random.poisson.general,43,poisson/General.html,,structurally_verified,rights.random.dual-witness
unit.o009.random.poisson.general.h3-002,unit.o009.random.poisson.general,123,poisson/General.html,,structurally_verified,rights.random.dual-witness
unit.o009.random.poisson.general.h4-004,unit.o009.random.poisson.general,124,poisson/General.html,,structurally_verified,rights.random.dual-witness
unit.o009.random.poisson.general.nea,unit.o009.random.poisson.general,133,poisson/General.html,nea,structurally_verified,rights.random.dual-witness
unit.o009.random.poisson.general.nea1,unit.o009.random.poisson.general,138,poisson/General.html,nea1,structurally_verified,rights.random.dual-witness
unit.o009.random.poisson.general.nea2,unit.o009.random.poisson.general,149,poisson/General.html,nea2,structurally_verified,rights.random.dual-witness
unit.o009.random.poisson.general.pro,unit.o009.random.poisson.general,44,poisson/General.html,pro,structurally_verified,rights.random.dual-witness
unit.o009.random.poisson.general.pro1,unit.o009.random.poisson.general,65,poisson/General.html,pro1,structurally_verified,rights.random.dual-witness
unit.o009.random.poisson.general.pro2,unit.o009.random.poisson.general,74,poisson/General.html,pro2,structurally_verified,rights.random.dual-witness
unit.o009.random.poisson.general.pro3,unit.o009.random.poisson.general,77,poisson/General.html,pro3,structurally_verified,rights.random.dual-witness
unit.o009.random.poisson.general.pro4,unit.o009.random.poisson.general,88,poisson/General.html,pro4,structurally_verified,rights.random.dual-witness
unit.o009.random.poisson.general.spl1,unit.o009.random.poisson.general,112,poisson/General.html,spl1,structurally_verified,rights.random.dual-witness
unit.o009.random.poisson.general.spl2,unit.o009.random.poisson.general,118,poisson/General.html,spl2,structurally_verified,rights.random.dual-witness
unit.o009.random.poisson.general.thn,unit.o009.random.poisson.general,109,poisson/General.html,thn,structurally_verified,rights.random.dual-witness
unit.o009.random.prob.convergence,course.o009.d30,1,prob/Convergence.html,prob/Convergence.html,structurally_verified,rights.random.dual-witness
unit.o009.random.prob.convergence.bcl,unit.o009.random.prob.convergence,216,prob/Convergence.html,bcl,structurally_verified,rights.random.dual-witness
unit.o009.random.prob.convergence.bcl1,unit.o009.random.prob.convergence,221,prob/Convergence.html,bcl1,structurally_verified,rights.random.dual-witness
unit.o009.random.prob.convergence.bcl2,unit.o009.random.prob.convergence,231,prob/Convergence.html,bcl2,structurally_verified,rights.random.dual-witness
unit.o009.random.prob.convergence.con,unit.o009.random.prob.convergence,166,prob/Convergence.html,con,structurally_verified,rights.random.dual-witness
unit.o009.random.prob.convergence.con1,unit.o009.random.prob.convergence,170,prob/Convergence.html,con1,structurally_verified,rights.random.dual-witness
unit.o009.random.prob.convergence.con2,unit.o009.random.prob.convergence,186,prob/Convergence.html,con2,structurally_verified,rights.random.dual-witness
unit.o009.random.prob.convergence.con3,unit.o009.random.prob.convergence,195,prob/Convergence.html,con3,structurally_verified,rights.random.dual-witness
unit.o009.random.prob.convergence.cxe,unit.o009.random.prob.convergence,356,prob/Convergence.html,cxe,structurally_verified,rights.random.dual-witness
unit.o009.random.prob.convergence.details-001,unit.o009.random.prob.convergence.seq2,74,prob/Convergence.html,,structurally_verified,rights.random.dual-witness
unit.o009.random.prob.convergence.details-002,unit.o009.random.prob.convergence.evt1,95,prob/Convergence.html,,structurally_verified,rights.random.dual-witness
unit.o009.random.prob.convergence.details-003,unit.o009.random.prob.convergence.evt2,106,prob/Convergence.html,,structurally_verified,rights.random.dual-witness
unit.o009.random.prob.convergence.details-004,unit.o009.random.prob.convergence.evt3,119,prob/Convergence.html,,structurally_verified,rights.random.dual-witness
unit.o009.random.prob.convergence.details-005,unit.o009.random.prob.convergence.evt4,133,prob/Convergence.html,,structurally_verified,rights.random.dual-witness
unit.o009.random.prob.convergence.details-006,unit.o009.random.prob.convergence.div-008,145,prob/Convergence.html,,structurally_verified,rights.random.dual-witness
unit.o009.random.prob.convergence.details-007,unit.o009.random.prob.convergence.div-009,154,prob/Convergence.html,,structurally_verified,rights.random.dual-witness
unit.o009.random.prob.convergence.details-008,unit.o009.random.prob.convergence.evt5,162,prob/Convergence.html,,structurally_verified,rights.random.dual-witness
unit.o009.random.prob.convergence.details-009,unit.o009.random.prob.convergence.con1,175,prob/Convergence.html,,structurally_verified,rights.random.dual-witness
unit.o009.random.prob.convergence.details-010,unit.o009.random.prob.convergence.con2,191,prob/Convergence.html,,structurally_verified,rights.random.dual-witness
unit.o009.random.prob.convergence.details-011,unit.o009.random.prob.convergence.con3,200,prob/Convergence.html,,structurally_verified,rights.random.dual-witness
unit.o009.random.prob.convergence.details-012,unit.o009.random.prob.convergence.finadd,211,prob/Convergence.html,,structurally_verified,rights.random.dual-witness
unit.o009.random.prob.convergence.details-013,unit.o009.random.prob.convergence.bcl1,224,prob/Convergence.html,,structurally_verified,rights.random.dual-witness
unit.o009.random.prob.convergence.details-014,unit.o009.random.prob.convergence.bcl2,234,prob/Convergence.html,,structurally_verified,rights.random.dual-witness
unit.o009.random.prob.convergence.details-015,unit.o009.random.prob.convergence.prd,252,prob/Convergence.html,,structurally_verified,rights.random.dual-witness
unit.o009.random.prob.convergence.details-016,unit.o009.random.prob.convergence.div-019,262,prob/Convergence.html,,structurally_verified,rights.random.dual-witness
unit.o009.random.prob.convergence.details-017,unit.o009.random.prob.convergence.lim1,281,prob/Convergence.html,,structurally_verified,rights.random.dual-witness
unit.o009.random.prob.convergence.details-018,unit.o009.random.prob.convergence.lim2,299,prob/Convergence.html,,structurally_verified,rights.random.dual-witness
unit.o009.random.prob.convergence.details-019,unit.o009.random.prob.convergence.lim3,307,prob/Convergence.html,,structurally_verified,rights.random.dual-witness
unit.o009.random.prob.convergence.details-020,unit.o009.random.prob.convergence.div-025,323,prob/Convergence.html,,structurally_verified,rights.random.dual-witness
unit.o009.random.prob.convergence.details-021,unit.o009.random.prob.convergence.sub,331,prob/Convergence.html,,structurally_verified,rights.random.dual-witness
unit.o009.random.prob.convergence.details-022,unit.o009.random.prob.convergence.div-027,349,prob/Convergence.html,,structurally_verified,rights.random.dual-witness
unit.o009.random.prob.convergence.details-023,unit.o009.random.prob.convergence.cxe,363,prob/Convergence.html,,structurally_verified,rights.random.dual-witness
unit.o009.random.prob.convergence.details-024,unit.o009.random.prob.convergence.div-029,381,prob/Convergence.html,,structurally_verified,rights.random.dual-witness
unit.o009.random.prob.convergence.div-008,unit.o009.random.prob.convergence,140,prob/Convergence.html,,structurally_verified,rights.random.dual-witness
unit.o009.random.prob.convergence.div-009,unit.o009.random.prob.convergence,152,prob/Convergence.html,,structurally_verified,rights.random.dual-witness
unit.o009.random.prob.convergence.div-017,unit.o009.random.prob.convergence,241,prob/Convergence.html,,structurally_verified,rights.random.dual-witness
unit.o009.random.prob.convergence.div-019,unit.o009.random.prob.convergence,259,prob/Convergence.html,,structurally_verified,rights.random.dual-witness
unit.o009.random.prob.convergence.div-020,unit.o009.random.prob.convergence,272,prob/Convergence.html,,structurally_verified,rights.random.dual-witness
unit.o009.random.prob.convergence.div-024,unit.o009.random.prob.convergence,313,prob/Convergence.html,,structurally_verified,rights.random.dual-witness
unit.o009.random.prob.convergence.div-025,unit.o009.random.prob.convergence,321,prob/Convergence.html,,structurally_verified,rights.random.dual-witness
unit.o009.random.prob.convergence.div-027,unit.o009.random.prob.convergence,344,prob/Convergence.html,,structurally_verified,rights.random.dual-witness
unit.o009.random.prob.convergence.div-029,unit.o009.random.prob.convergence,376,prob/Convergence.html,,structurally_verified,rights.random.dual-witness
unit.o009.random.prob.convergence.evt1,unit.o009.random.prob.convergence,90,prob/Convergence.html,evt1,structurally_verified,rights.random.dual-witness
unit.o009.random.prob.convergence.evt2,unit.o009.random.prob.convergence,101,prob/Convergence.html,evt2,structurally_verified,rights.random.dual-witness
unit.o009.random.prob.convergence.evt3,unit.o009.random.prob.convergence,114,prob/Convergence.html,evt3,structurally_verified,rights.random.dual-witness
unit.o009.random.prob.convergence.evt4,unit.o009.random.prob.convergence,128,prob/Convergence.html,evt4,structurally_verified,rights.random.dual-witness
unit.o009.random.prob.convergence.evt5,unit.o009.random.prob.convergence,157,prob/Convergence.html,evt5,structurally_verified,rights.random.dual-witness
unit.o009.random.prob.convergence.figure-001,unit.o009.random.prob.convergence,77,prob/Convergence.html,,structurally_verified,rights.random.dual-witness
unit.o009.random.prob.convergence.figure-002,unit.o009.random.prob.convergence.con1,179,prob/Convergence.html,,structurally_verified,rights.random.dual-witness
unit.o009.random.prob.convergence.finadd,unit.o009.random.prob.convergence,208,prob/Convergence.html,finadd,structurally_verified,rights.random.dual-witness
unit.o009.random.prob.convergence.h2-001,unit.o009.random.prob.convergence,43,prob/Convergence.html,,structurally_verified,rights.random.dual-witness
unit.o009.random.prob.convergence.h3-001,unit.o009.random.prob.convergence,57,prob/Convergence.html,,structurally_verified,rights.random.dual-witness
unit.o009.random.prob.convergence.h3-002,unit.o009.random.prob.convergence,342,prob/Convergence.html,,structurally_verified,rights.random.dual-witness
unit.o009.random.prob.convergence.h4-005,unit.o009.random.prob.convergence,343,prob/Convergence.html,,structurally_verified,rights.random.dual-witness
unit.o009.random.prob.convergence.h4-006,unit.o009.random.prob.convergence,372,prob/Convergence.html,,structurally_verified,rights.random.dual-witness
unit.o009.random.prob.convergence.lim,unit.o009.random.prob.convergence,267,prob/Convergence.html,lim,structurally_verified,rights.random.dual-witness
unit.o009.random.prob.convergence.lim1,unit.o009.random.prob.convergence,277,prob/Convergence.html,lim1,structurally_verified,rights.random.dual-witness
unit.o009.random.prob.convergence.lim2,unit.o009.random.prob.convergence,292,prob/Convergence.html,lim2,structurally_verified,rights.random.dual-witness
unit.o009.random.prob.convergence.lim3,unit.o009.random.prob.convergence,305,prob/Convergence.html,lim3,structurally_verified,rights.random.dual-witness
unit.o009.random.prob.convergence.prd,unit.o009.random.prob.convergence,250,prob/Convergence.html,prd,structurally_verified,rights.random.dual-witness
unit.o009.random.prob.convergence.seq,unit.o009.random.prob.convergence,58,prob/Convergence.html,seq,structurally_verified,rights.random.dual-witness
unit.o009.random.prob.convergence.seq1,unit.o009.random.prob.convergence,60,prob/Convergence.html,seq1,structurally_verified,rights.random.dual-witness
unit.o009.random.prob.convergence.seq2,unit.o009.random.prob.convergence,69,prob/Convergence.html,seq2,structurally_verified,rights.random.dual-witness
unit.o009.random.prob.convergence.seq3,unit.o009.random.prob.convergence,84,prob/Convergence.html,seq3,structurally_verified,rights.random.dual-witness
unit.o009.random.prob.convergence.sub,unit.o009.random.prob.convergence,329,prob/Convergence.html,sub,structurally_verified,rights.random.dual-witness
unit.o009.random.prob.probability-revisited,course.o009.d30,2,prob/Probability2.html,prob/Probability2.html,structurally_verified,rights.random.dual-witness
unit.o009.random.prob.probability-revisited.cex2,unit.o009.random.prob.probability-revisited,374,prob/Probability2.html,cex2,structurally_verified,rights.random.dual-witness
unit.o009.random.prob.probability-revisited.cex3,unit.o009.random.prob.probability-revisited,380,prob/Probability2.html,cex3,structurally_verified,rights.random.dual-witness
unit.o009.random.prob.probability-revisited.com,unit.o009.random.prob.probability-revisited,166,prob/Probability2.html,com,structurally_verified,rights.random.dual-witness
unit.o009.random.prob.probability-revisited.details-001,unit.o009.random.prob.probability-revisited.div-002,75,prob/Probability2.html,,structurally_verified,rights.random.dual-witness
unit.o009.random.prob.probability-revisited.details-002,unit.o009.random.prob.probability-revisited.div-018,188,prob/Probability2.html,,structurally_verified,rights.random.dual-witness
unit.o009.random.prob.probability-revisited.details-003,unit.o009.random.prob.probability-revisited.div-019,197,prob/Probability2.html,,structurally_verified,rights.random.dual-witness
unit.o009.random.prob.probability-revisited.details-004,unit.o009.random.prob.probability-revisited.pi,235,prob/Probability2.html,,structurally_verified,rights.random.dual-witness
unit.o009.random.prob.probability-revisited.details-005,unit.o009.random.prob.probability-revisited.div-025,241,prob/Probability2.html,,structurally_verified,rights.random.dual-witness
unit.o009.random.prob.probability-revisited.details-006,unit.o009.random.prob.probability-revisited.div-026,252,prob/Probability2.html,,structurally_verified,rights.random.dual-witness
unit.o009.random.prob.probability-revisited.details-007,unit.o009.random.prob.probability-revisited.div-027,259,prob/Probability2.html,,structurally_verified,rights.random.dual-witness
unit.o009.random.prob.probability-revisited.details-008,unit.o009.random.prob.probability-revisited.div-028,264,prob/Probability2.html,,structurally_verified,rights.random.dual-witness
unit.o009.random.prob.probability-revisited.details-009,unit.o009.random.prob.probability-revisited.div-031,286,prob/Probability2.html,,structurally_verified,rights.random.dual-witness
unit.o009.random.prob.probability-revisited.details-010,unit.o009.random.prob.probability-revisited.tail1,319,prob/Probability2.html,,structurally_verified,rights.random.dual-witness
unit.o009.random.prob.probability-revisited.details-011,unit.o009.random.prob.probability-revisited.tai12,329,prob/Probability2.html,,structurally_verified,rights.random.dual-witness
unit.o009.random.prob.probability-revisited.details-012,unit.o009.random.prob.probability-revisited.div-038,342,prob/Probability2.html,,structurally_verified,rights.random.dual-witness
unit.o009.random.prob.probability-revisited.details-013,unit.o009.random.prob.probability-revisited.div-039,357,prob/Probability2.html,,structurally_verified,rights.random.dual-witness
unit.o009.random.prob.probability-revisited.details-014,unit.o009.random.prob.probability-revisited.cex2,376,prob/Probability2.html,,structurally_verified,rights.random.dual-witness
unit.o009.random.prob.probability-revisited.details-015,unit.o009.random.prob.probability-revisited.cex3,382,prob/Probability2.html,,structurally_verified,rights.random.dual-witness
unit.o009.random.prob.probability-revisited.details-016,unit.o009.random.prob.probability-revisited.div-043,387,prob/Probability2.html,,structurally_verified,rights.random.dual-witness
unit.o009.random.prob.probability-revisited.div-001,unit.o009.random.prob.probability-revisited,53,prob/Probability2.html,,structurally_verified,rights.random.dual-witness
unit.o009.random.prob.probability-revisited.div-002,unit.o009.random.prob.probability-revisited,67,prob/Probability2.html,,structurally_verified,rights.random.dual-witness
unit.o009.random.prob.probability-revisited.div-003,unit.o009.random.prob.probability-revisited,83,prob/Probability2.html,,structurally_verified,rights.random.dual-witness
unit.o009.random.prob.probability-revisited.div-004,unit.o009.random.prob.probability-revisited,89,prob/Probability2.html,,structurally_verified,rights.random.dual-witness
unit.o009.random.prob.probability-revisited.div-007,unit.o009.random.prob.probability-revisited,118,prob/Probability2.html,,structurally_verified,rights.random.dual-witness
unit.o009.random.prob.probability-revisited.div-009,unit.o009.random.prob.probability-revisited,128,prob/Probability2.html,,structurally_verified,rights.random.dual-witness
unit.o009.random.prob.probability-revisited.div-010,unit.o009.random.prob.probability-revisited,136,prob/Probability2.html,,structurally_verified,rights.random.dual-witness
unit.o009.random.prob.probability-revisited.div-012,unit.o009.random.prob.probability-revisited,154,prob/Probability2.html,,structurally_verified,rights.random.dual-witness
unit.o009.random.prob.probability-revisited.div-014,unit.o009.random.prob.probability-revisited,161,prob/Probability2.html,,structurally_verified,rights.random.dual-witness
unit.o009.random.prob.probability-revisited.div-015,unit.o009.random.prob.probability-revisited,168,prob/Probability2.html,,structurally_verified,rights.random.dual-witness
unit.o009.random.prob.probability-revisited.div-016,unit.o009.random.prob.probability-revisited,174,prob/Probability2.html,,structurally_verified,rights.random.dual-witness
unit.o009.random.prob.probability-revisited.div-017,unit.o009.random.prob.probability-revisited,177,prob/Probability2.html,,structurally_verified,rights.random.dual-witness
unit.o009.random.prob.probability-revisited.div-018,unit.o009.random.prob.probability-revisited,186,prob/Probability2.html,,structurally_verified,rights.random.dual-witness
unit.o009.random.prob.probability-revisited.div-019,unit.o009.random.prob.probability-revisited,195,prob/Probability2.html,,structurally_verified,rights.random.dual-witness
unit.o009.random.prob.probability-revisited.div-020,unit.o009.random.prob.probability-revisited,215,prob/Probability2.html,,structurally_verified,rights.random.dual-witness
unit.o009.random.prob.probability-revisited.div-021,unit.o009.random.prob.probability-revisited,219,prob/Probability2.html,,structurally_verified,rights.random.dual-witness
unit.o009.random.prob.probability-revisited.div-022,unit.o009.random.prob.probability-revisited,222,prob/Probability2.html,,structurally_verified,rights.random.dual-witness
unit.o009.random.prob.probability-revisited.div-023,unit.o009.random.prob.probability-revisited,225,prob/Probability2.html,,structurally_verified,rights.random.dual-witness
unit.o009.random.prob.probability-revisited.div-025,unit.o009.random.prob.probability-revisited,239,prob/Probability2.html,,structurally_verified,rights.random.dual-witness
unit.o009.random.prob.probability-revisited.div-026,unit.o009.random.prob.probability-revisited,249,prob/Probability2.html,,structurally_verified,rights.random.dual-witness
unit.o009.random.prob.probability-revisited.div-027,unit.o009.random.prob.probability-revisited,257,prob/Probability2.html,,structurally_verified,rights.random.dual-witness
unit.o009.random.prob.probability-revisited.div-028,unit.o009.random.prob.probability-revisited,262,prob/Probability2.html,,structurally_verified,rights.random.dual-witness
unit.o009.random.prob.probability-revisited.div-029,unit.o009.random.prob.probability-revisited,273,prob/Probability2.html,,structurally_verified,rights.random.dual-witness
unit.o009.random.prob.probability-revisited.div-030,unit.o009.random.prob.probability-revisited,277,prob/Probability2.html,,structurally_verified,rights.random.dual-witness
unit.o009.random.prob.probability-revisited.div-031,unit.o009.random.prob.probability-revisited,284,prob/Probability2.html,,structurally_verified,rights.random.dual-witness
unit.o009.random.prob.probability-revisited.div-032,unit.o009.random.prob.probability-revisited,290,prob/Probability2.html,,structurally_verified,rights.random.dual-witness
unit.o009.random.prob.probability-revisited.div-033,unit.o009.random.prob.probability-revisited,294,prob/Probability2.html,,structurally_verified,rights.random.dual-witness
unit.o009.random.prob.probability-revisited.div-034,unit.o009.random.prob.probability-revisited,300,prob/Probability2.html,,structurally_verified,rights.random.dual-witness
unit.o009.random.prob.probability-revisited.div-035,unit.o009.random.prob.probability-revisited,304,prob/Probability2.html,,structurally_verified,rights.random.dual-witness
unit.o009.random.prob.probability-revisited.div-038,unit.o009.random.prob.probability-revisited,336,prob/Probability2.html,,structurally_verified,rights.random.dual-witness
unit.o009.random.prob.probability-revisited.div-039,unit.o009.random.prob.probability-revisited,355,prob/Probability2.html,,structurally_verified,rights.random.dual-witness
unit.o009.random.prob.probability-revisited.div-040,unit.o009.random.prob.probability-revisited,363,prob/Probability2.html,,structurally_verified,rights.random.dual-witness
unit.o009.random.prob.probability-revisited.div-043,unit.o009.random.prob.probability-revisited,385,prob/Probability2.html,,structurally_verified,rights.random.dual-witness
unit.o009.random.prob.probability-revisited.eqv0,unit.o009.random.prob.probability-revisited,104,prob/Probability2.html,eqv0,structurally_verified,rights.random.dual-witness
unit.o009.random.prob.probability-revisited.eqv1,unit.o009.random.prob.probability-revisited,116,prob/Probability2.html,eqv1,structurally_verified,rights.random.dual-witness
unit.o009.random.prob.probability-revisited.eqv2,unit.o009.random.prob.probability-revisited,124,prob/Probability2.html,eqv2,structurally_verified,rights.random.dual-witness
unit.o009.random.prob.probability-revisited.eqv3,unit.o009.random.prob.probability-revisited,147,prob/Probability2.html,eqv3,structurally_verified,rights.random.dual-witness
unit.o009.random.prob.probability-revisited.eqv4,unit.o009.random.prob.probability-revisited,157,prob/Probability2.html,eqv4,structurally_verified,rights.random.dual-witness
unit.o009.random.prob.probability-revisited.exc,unit.o009.random.prob.probability-revisited,270,prob/Probability2.html,exc,structurally_verified,rights.random.dual-witness
unit.o009.random.prob.probability-revisited.figure-001,unit.o009.random.prob.probability-revisited,79,prob/Probability2.html,,structurally_verified,rights.random.dual-witness
unit.o009.random.prob.probability-revisited.h2-001,unit.o009.random.prob.probability-revisited,43,prob/Probability2.html,,structurally_verified,rights.random.dual-witness
unit.o009.random.prob.probability-revisited.h3-001,unit.o009.random.prob.probability-revisited,46,prob/Probability2.html,,structurally_verified,rights.random.dual-witness
unit.o009.random.prob.probability-revisited.h3-002,unit.o009.random.prob.probability-revisited,209,prob/Probability2.html,,structurally_verified,rights.random.dual-witness
unit.o009.random.prob.probability-revisited.h3-003,unit.o009.random.prob.probability-revisited,370,prob/Probability2.html,,structurally_verified,rights.random.dual-witness
unit.o009.random.prob.probability-revisited.h4-001,unit.o009.random.prob.probability-revisited,49,prob/Probability2.html,,structurally_verified,rights.random.dual-witness
unit.o009.random.prob.probability-revisited.h4-008,unit.o009.random.prob.probability-revisited,372,prob/Probability2.html,,structurally_verified,rights.random.dual-witness
unit.o009.random.prob.probability-revisited.ind,unit.o009.random.prob.probability-revisited,211,prob/Probability2.html,ind,structurally_verified,rights.random.dual-witness
unit.o009.random.prob.probability-revisited.nul,unit.o009.random.prob.probability-revisited,87,prob/Probability2.html,nul,structurally_verified,rights.random.dual-witness
unit.o009.random.prob.probability-revisited.pi,unit.o009.random.prob.probability-revisited,233,prob/Probability2.html,pi,structurally_verified,rights.random.dual-witness
unit.o009.random.prob.probability-revisited.prd,unit.o009.random.prob.probability-revisited,184,prob/Probability2.html,prd,structurally_verified,rights.random.dual-witness
unit.o009.random.prob.probability-revisited.tai,unit.o009.random.prob.probability-revisited,302,prob/Probability2.html,tai,structurally_verified,rights.random.dual-witness
unit.o009.random.prob.probability-revisited.tai12,unit.o009.random.prob.probability-revisited,324,prob/Probability2.html,tai12,structurally_verified,rights.random.dual-witness
unit.o009.random.prob.probability-revisited.tail1,unit.o009.random.prob.probability-revisited,314,prob/Probability2.html,tail1,structurally_verified,rights.random.dual-witness
unit.o009.random.prob.processes,course.o009.d30,3,prob/Processes.html,prob/Processes.html,structurally_verified,rights.random.dual-witness
unit.o009.random.prob.processes.btr,unit.o009.random.prob.processes,103,prob/Processes.html,btr,structurally_verified,rights.random.dual-witness
unit.o009.random.prob.processes.details-001,unit.o009.random.prob.processes.mea,68,prob/Processes.html,,structurally_verified,rights.random.dual-witness
unit.o009.random.prob.processes.details-002,unit.o009.random.prob.processes.btr,105,prob/Processes.html,,structurally_verified,rights.random.dual-witness
unit.o009.random.prob.processes.details-003,unit.o009.random.prob.processes.ver,123,prob/Processes.html,,structurally_verified,rights.random.dual-witness
unit.o009.random.prob.processes.details-004,unit.o009.random.prob.processes.div-007,130,prob/Processes.html,,structurally_verified,rights.random.dual-witness
unit.o009.random.prob.processes.details-005,unit.o009.random.prob.processes.equ5,136,prob/Processes.html,,structurally_verified,rights.random.dual-witness
unit.o009.random.prob.processes.details-006,unit.o009.random.prob.processes.ind,151,prob/Processes.html,,structurally_verified,rights.random.dual-witness
unit.o009.random.prob.processes.details-007,unit.o009.random.prob.processes.div-010,164,prob/Processes.html,,structurally_verified,rights.random.dual-witness
unit.o009.random.prob.processes.details-008,unit.o009.random.prob.processes.seq,170,prob/Processes.html,,structurally_verified,rights.random.dual-witness
unit.o009.random.prob.processes.details-009,unit.o009.random.prob.processes.kol1,189,prob/Processes.html,,structurally_verified,rights.random.dual-witness
unit.o009.random.prob.processes.details-010,unit.o009.random.prob.processes.div-014,212,prob/Processes.html,,structurally_verified,rights.random.dual-witness
unit.o009.random.prob.processes.details-011,unit.o009.random.prob.processes.div-015,231,prob/Processes.html,,structurally_verified,rights.random.dual-witness
unit.o009.random.prob.processes.div-001,unit.o009.random.prob.processes,53,prob/Processes.html,,structurally_verified,rights.random.dual-witness
unit.o009.random.prob.processes.div-003,unit.o009.random.prob.processes,80,prob/Processes.html,,structurally_verified,rights.random.dual-witness
unit.o009.random.prob.processes.div-007,unit.o009.random.prob.processes,128,prob/Processes.html,,structurally_verified,rights.random.dual-witness
unit.o009.random.prob.processes.div-010,unit.o009.random.prob.processes,162,prob/Processes.html,,structurally_verified,rights.random.dual-witness
unit.o009.random.prob.processes.div-012,unit.o009.random.prob.processes,179,prob/Processes.html,,structurally_verified,rights.random.dual-witness
unit.o009.random.prob.processes.div-014,unit.o009.random.prob.processes,198,prob/Processes.html,,structurally_verified,rights.random.dual-witness
unit.o009.random.prob.processes.div-015,unit.o009.random.prob.processes,216,prob/Processes.html,,structurally_verified,rights.random.dual-witness
unit.o009.random.prob.processes.div-016,unit.o009.random.prob.processes,235,prob/Processes.html,,structurally_verified,rights.random.dual-witness
unit.o009.random.prob.processes.dst,unit.o009.random.prob.processes,90,prob/Processes.html,dst,structurally_verified,rights.random.dual-witness
unit.o009.random.prob.processes.equ5,unit.o009.random.prob.processes,134,prob/Processes.html,equ5,structurally_verified,rights.random.dual-witness
unit.o009.random.prob.processes.eqv,unit.o009.random.prob.processes,84,prob/Processes.html,eqv,structurally_verified,rights.random.dual-witness
unit.o009.random.prob.processes.h2-001,unit.o009.random.prob.processes,43,prob/Processes.html,,structurally_verified,rights.random.dual-witness
unit.o009.random.prob.processes.h4-001,unit.o009.random.prob.processes,44,prob/Processes.html,,structurally_verified,rights.random.dual-witness
unit.o009.random.prob.processes.h4-004,unit.o009.random.prob.processes,196,prob/Processes.html,,structurally_verified,rights.random.dual-witness
unit.o009.random.prob.processes.ind,unit.o009.random.prob.processes,141,prob/Processes.html,ind,structurally_verified,rights.random.dual-witness
unit.o009.random.prob.processes.kol,unit.o009.random.prob.processes,160,prob/Processes.html,kol,structurally_verified,rights.random.dual-witness
unit.o009.random.prob.processes.kol1,unit.o009.random.prob.processes,186,prob/Processes.html,kol1,structurally_verified,rights.random.dual-witness
unit.o009.random.prob.processes.mea,unit.o009.random.prob.processes,66,prob/Processes.html,mea,structurally_verified,rights.random.dual-witness
unit.o009.random.prob.processes.seq,unit.o009.random.prob.processes,168,prob/Processes.html,seq,structurally_verified,rights.random.dual-witness
unit.o009.random.prob.processes.ver,unit.o009.random.prob.processes,113,prob/Processes.html,ver,structurally_verified,rights.random.dual-witness
unit.o009.random.prob.stop,course.o009.d30,4,prob/Stop.html,prob/Stop.html,structurally_verified,rights.random.dual-witness
unit.o009.random.prob.stop.alg,unit.o009.random.prob.stop,332,prob/Stop.html,alg,structurally_verified,rights.random.dual-witness
unit.o009.random.prob.stop.alg1,unit.o009.random.prob.stop,334,prob/Stop.html,alg1,structurally_verified,rights.random.dual-witness
unit.o009.random.prob.stop.alg2,unit.o009.random.prob.stop,340,prob/Stop.html,alg2,structurally_verified,rights.random.dual-witness
unit.o009.random.prob.stop.alg3,unit.o009.random.prob.stop,346,prob/Stop.html,alg3,structurally_verified,rights.random.dual-witness
unit.o009.random.prob.stop.alg4,unit.o009.random.prob.stop,352,prob/Stop.html,alg4,structurally_verified,rights.random.dual-witness
unit.o009.random.prob.stop.alg5,unit.o009.random.prob.stop,363,prob/Stop.html,alg5,structurally_verified,rights.random.dual-witness
unit.o009.random.prob.stop.alg6,unit.o009.random.prob.stop,369,prob/Stop.html,alg6,structurally_verified,rights.random.dual-witness
unit.o009.random.prob.stop.alg7,unit.o009.random.prob.stop,374,prob/Stop.html,alg7,structurally_verified,rights.random.dual-witness
unit.o009.random.prob.stop.alg8,unit.o009.random.prob.stop,393,prob/Stop.html,alg8,structurally_verified,rights.random.dual-witness
unit.o009.random.prob.stop.cmp,unit.o009.random.prob.stop,160,prob/Stop.html,cmp,structurally_verified,rights.random.dual-witness
unit.o009.random.prob.stop.cmp1,unit.o009.random.prob.stop,163,prob/Stop.html,cmp1,structurally_verified,rights.random.dual-witness
unit.o009.random.prob.stop.cmp2,unit.o009.random.prob.stop,169,prob/Stop.html,cmp2,structurally_verified,rights.random.dual-witness
unit.o009.random.prob.stop.cmp3,unit.o009.random.prob.stop,176,prob/Stop.html,cmp3,structurally_verified,rights.random.dual-witness
unit.o009.random.prob.stop.cmp4,unit.o009.random.prob.stop,184,prob/Stop.html,cmp4,structurally_verified,rights.random.dual-witness
unit.o009.random.prob.stop.cns,unit.o009.random.prob.stop,267,prob/Stop.html,cns,structurally_verified,rights.random.dual-witness
unit.o009.random.prob.stop.cns1,unit.o009.random.prob.stop,269,prob/Stop.html,cns1,structurally_verified,rights.random.dual-witness
unit.o009.random.prob.stop.cns2,unit.o009.random.prob.stop,275,prob/Stop.html,cns2,structurally_verified,rights.random.dual-witness
unit.o009.random.prob.stop.cns2.5,unit.o009.random.prob.stop,291,prob/Stop.html,cns2.5,structurally_verified,rights.random.dual-witness
unit.o009.random.prob.stop.cns3,unit.o009.random.prob.stop,299,prob/Stop.html,cns3,structurally_verified,rights.random.dual-witness
unit.o009.random.prob.stop.cns4,unit.o009.random.prob.stop,304,prob/Stop.html,cns4,structurally_verified,rights.random.dual-witness
unit.o009.random.prob.stop.cns5,unit.o009.random.prob.stop,310,prob/Stop.html,cns5,structurally_verified,rights.random.dual-witness
unit.o009.random.prob.stop.cns6,unit.o009.random.prob.stop,326,prob/Stop.html,cns6,structurally_verified,rights.random.dual-witness
unit.o009.random.prob.stop.details-001,unit.o009.random.prob.stop.dnf2,81,prob/Stop.html,,structurally_verified,rights.random.dual-witness
unit.o009.random.prob.stop.details-002,unit.o009.random.prob.stop.dfn3,96,prob/Stop.html,,structurally_verified,rights.random.dual-witness
unit.o009.random.prob.stop.details-003,unit.o009.random.prob.stop.dfn4,102,prob/Stop.html,,structurally_verified,rights.random.dual-witness
unit.o009.random.prob.stop.details-004,unit.o009.random.prob.stop.dfn5,108,prob/Stop.html,,structurally_verified,rights.random.dual-witness
unit.o009.random.prob.stop.details-005,unit.o009.random.prob.stop.stc5,137,prob/Stop.html,,structurally_verified,rights.random.dual-witness
unit.o009.random.prob.stop.details-006,unit.o009.random.prob.stop.stc7,154,prob/Stop.html,,structurally_verified,rights.random.dual-witness
unit.o009.random.prob.stop.details-007,unit.o009.random.prob.stop.cmp2,171,prob/Stop.html,,structurally_verified,rights.random.dual-witness
unit.o009.random.prob.stop.details-008,unit.o009.random.prob.stop.cmp3,178,prob/Stop.html,,structurally_verified,rights.random.dual-witness
unit.o009.random.prob.stop.details-009,unit.o009.random.prob.stop.cmp4,187,prob/Stop.html,,structurally_verified,rights.random.dual-witness
unit.o009.random.prob.stop.details-010,unit.o009.random.prob.stop.rgh1,196,prob/Stop.html,,structurally_verified,rights.random.dual-witness
unit.o009.random.prob.stop.details-011,unit.o009.random.prob.stop.rgh3,207,prob/Stop.html,,structurally_verified,rights.random.dual-witness
unit.o009.random.prob.stop.details-012,unit.o009.random.prob.stop.prp2,226,prob/Stop.html,,structurally_verified,rights.random.dual-witness
unit.o009.random.prob.stop.details-013,unit.o009.random.prob.stop.prp3,233,prob/Stop.html,,structurally_verified,rights.random.dual-witness
unit.o009.random.prob.stop.details-014,unit.o009.random.prob.stop.prp4,242,prob/Stop.html,,structurally_verified,rights.random.dual-witness
unit.o009.random.prob.stop.details-015,unit.o009.random.prob.stop.prp5,251,prob/Stop.html,,structurally_verified,rights.random.dual-witness
unit.o009.random.prob.stop.details-016,unit.o009.random.prob.stop.prp7,263,prob/Stop.html,,structurally_verified,rights.random.dual-witness
unit.o009.random.prob.stop.details-017,unit.o009.random.prob.stop.cns1,271,prob/Stop.html,,structurally_verified,rights.random.dual-witness
unit.o009.random.prob.stop.details-018,unit.o009.random.prob.stop.cns2,281,prob/Stop.html,,structurally_verified,rights.random.dual-witness
unit.o009.random.prob.stop.details-019,unit.o009.random.prob.stop.cns3,301,prob/Stop.html,,structurally_verified,rights.random.dual-witness
unit.o009.random.prob.stop.details-020,unit.o009.random.prob.stop.cns4,306,prob/Stop.html,,structurally_verified,rights.random.dual-witness
unit.o009.random.prob.stop.details-021,unit.o009.random.prob.stop.cns5,316,prob/Stop.html,,structurally_verified,rights.random.dual-witness
unit.o009.random.prob.stop.details-022,unit.o009.random.prob.stop.alg1,336,prob/Stop.html,,structurally_verified,rights.random.dual-witness
unit.o009.random.prob.stop.details-023,unit.o009.random.prob.stop.alg2,342,prob/Stop.html,,structurally_verified,rights.random.dual-witness
unit.o009.random.prob.stop.details-024,unit.o009.random.prob.stop.alg3,348,prob/Stop.html,,structurally_verified,rights.random.dual-witness
unit.o009.random.prob.stop.details-025,unit.o009.random.prob.stop.alg4,357,prob/Stop.html,,structurally_verified,rights.random.dual-witness
unit.o009.random.prob.stop.details-026,unit.o009.random.prob.stop.alg5,365,prob/Stop.html,,structurally_verified,rights.random.dual-witness
unit.o009.random.prob.stop.details-027,unit.o009.random.prob.stop.alg6,371,prob/Stop.html,,structurally_verified,rights.random.dual-witness
unit.o009.random.prob.stop.details-028,unit.o009.random.prob.stop.alg7,382,prob/Stop.html,,structurally_verified,rights.random.dual-witness
unit.o009.random.prob.stop.details-029,unit.o009.random.prob.stop.alg8,395,prob/Stop.html,,structurally_verified,rights.random.dual-witness
unit.o009.random.prob.stop.details-030,unit.o009.random.prob.stop.prc1,404,prob/Stop.html,,structurally_verified,rights.random.dual-witness
unit.o009.random.prob.stop.details-031,unit.o009.random.prob.stop.prc2,413,prob/Stop.html,,structurally_verified,rights.random.dual-witness
unit.o009.random.prob.stop.details-032,unit.o009.random.prob.stop.prc6,433,prob/Stop.html,,structurally_verified,rights.random.dual-witness
unit.o009.random.prob.stop.dfn,unit.o009.random.prob.stop,56,prob/Stop.html,dfn,structurally_verified,rights.random.dual-witness
unit.o009.random.prob.stop.dfn1,unit.o009.random.prob.stop,59,prob/Stop.html,dfn1,structurally_verified,rights.random.dual-witness
unit.o009.random.prob.stop.dfn3,unit.o009.random.prob.stop,91,prob/Stop.html,dfn3,structurally_verified,rights.random.dual-witness
unit.o009.random.prob.stop.dfn4,unit.o009.random.prob.stop,100,prob/Stop.html,dfn4,structurally_verified,rights.random.dual-witness
unit.o009.random.prob.stop.dfn5,unit.o009.random.prob.stop,106,prob/Stop.html,dfn5,structurally_verified,rights.random.dual-witness
unit.o009.random.prob.stop.dnf2,unit.o009.random.prob.stop,69,prob/Stop.html,dnf2,structurally_verified,rights.random.dual-witness
unit.o009.random.prob.stop.fil,unit.o009.random.prob.stop,55,prob/Stop.html,fil,structurally_verified,rights.random.dual-witness
unit.o009.random.prob.stop.h2-001,unit.o009.random.prob.stop,44,prob/Stop.html,,structurally_verified,rights.random.dual-witness
unit.o009.random.prob.stop.int,unit.o009.random.prob.stop,45,prob/Stop.html,int,structurally_verified,rights.random.dual-witness
unit.o009.random.prob.stop.prc,unit.o009.random.prob.stop,398,prob/Stop.html,prc,structurally_verified,rights.random.dual-witness
unit.o009.random.prob.stop.prc1,unit.o009.random.prob.stop,402,prob/Stop.html,prc1,structurally_verified,rights.random.dual-witness
unit.o009.random.prob.stop.prc2,unit.o009.random.prob.stop,410,prob/Stop.html,prc2,structurally_verified,rights.random.dual-witness
unit.o009.random.prob.stop.prc3,unit.o009.random.prob.stop,417,prob/Stop.html,prc3,structurally_verified,rights.random.dual-witness
unit.o009.random.prob.stop.prc4,unit.o009.random.prob.stop,420,prob/Stop.html,prc4,structurally_verified,rights.random.dual-witness
unit.o009.random.prob.stop.prc5,unit.o009.random.prob.stop,423,prob/Stop.html,prc5,structurally_verified,rights.random.dual-witness
unit.o009.random.prob.stop.prc6,unit.o009.random.prob.stop,431,prob/Stop.html,prc6,structurally_verified,rights.random.dual-witness
unit.o009.random.prob.stop.prc7,unit.o009.random.prob.stop,437,prob/Stop.html,prc7,structurally_verified,rights.random.dual-witness
unit.o009.random.prob.stop.prc8,unit.o009.random.prob.stop,440,prob/Stop.html,prc8,structurally_verified,rights.random.dual-witness
unit.o009.random.prob.stop.prp,unit.o009.random.prob.stop,212,prob/Stop.html,prp,structurally_verified,rights.random.dual-witness
unit.o009.random.prob.stop.prp1,unit.o009.random.prob.stop,217,prob/Stop.html,prp1,structurally_verified,rights.random.dual-witness
unit.o009.random.prob.stop.prp2,unit.o009.random.prob.stop,224,prob/Stop.html,prp2,structurally_verified,rights.random.dual-witness
unit.o009.random.prob.stop.prp3,unit.o009.random.prob.stop,231,prob/Stop.html,prp3,structurally_verified,rights.random.dual-witness
unit.o009.random.prob.stop.prp4,unit.o009.random.prob.stop,236,prob/Stop.html,prp4,structurally_verified,rights.random.dual-witness
unit.o009.random.prob.stop.prp5,unit.o009.random.prob.stop,249,prob/Stop.html,prp5,structurally_verified,rights.random.dual-witness
unit.o009.random.prob.stop.prp6,unit.o009.random.prob.stop,257,prob/Stop.html,prp6,structurally_verified,rights.random.dual-witness
unit.o009.random.prob.stop.prp7,unit.o009.random.prob.stop,261,prob/Stop.html,prp7,structurally_verified,rights.random.dual-witness
unit.o009.random.prob.stop.rgh,unit.o009.random.prob.stop,192,prob/Stop.html,rgh,structurally_verified,rights.random.dual-witness
unit.o009.random.prob.stop.rgh1,unit.o009.random.prob.stop,194,prob/Stop.html,rgh1,structurally_verified,rights.random.dual-witness
unit.o009.random.prob.stop.rgh2,unit.o009.random.prob.stop,201,prob/Stop.html,rgh2,structurally_verified,rights.random.dual-witness
unit.o009.random.prob.stop.rgh3,unit.o009.random.prob.stop,205,prob/Stop.html,rgh3,structurally_verified,rights.random.dual-witness
unit.o009.random.prob.stop.stc,unit.o009.random.prob.stop,111,prob/Stop.html,stc,structurally_verified,rights.random.dual-witness
unit.o009.random.prob.stop.stc1,unit.o009.random.prob.stop,115,prob/Stop.html,stc1,structurally_verified,rights.random.dual-witness
unit.o009.random.prob.stop.stc2,unit.o009.random.prob.stop,119,prob/Stop.html,stc2,structurally_verified,rights.random.dual-witness
unit.o009.random.prob.stop.stc3,unit.o009.random.prob.stop,124,prob/Stop.html,stc3,structurally_verified,rights.random.dual-witness
unit.o009.random.prob.stop.stc4,unit.o009.random.prob.stop,128,prob/Stop.html,stc4,structurally_verified,rights.random.dual-witness
unit.o009.random.prob.stop.stc5,unit.o009.random.prob.stop,132,prob/Stop.html,stc5,structurally_verified,rights.random.dual-witness
unit.o009.random.prob.stop.stc6,unit.o009.random.prob.stop,145,prob/Stop.html,stc6,structurally_verified,rights.random.dual-witness
unit.o009.random.prob.stop.stc7,unit.o009.random.prob.stop,149,prob/Stop.html,stc7,structurally_verified,rights.random.dual-witness
unit.o009.random.prob.stop.stp,unit.o009.random.prob.stop,211,prob/Stop.html,stp,structurally_verified,rights.random.dual-witness
